{"type":"FeatureCollection","features":[{"type":"Feature","properties":{"type":"Major Highway","name":null,"min_zoom":5,"expressway":0},"geometry":{"type":"LineString","coordinates":[[114.243414,26.493165],[114.202824,26.500971],[114.176284,26.516583],[114.134132,26.579031]]}},{"type":"Feature","properties":{"type":"Major Highway","name":null,"min_zoom":5,"expressway":0},"geometry":{"type":"LineString","coordinates":[[114.550968,26.385444],[114.483837,26.47287],[114.454174,26.550929],[114.433879,26.574347],[114.380799,26.568102],[114.337086,26.536879],[114.298056,26.529073],[114.243414,26.493165]]}},{"type":"Feature","properties":{"type":"Major Highway","name":null,"min_zoom":3,"expressway":0},"geometry":{"type":"LineString","coordinates":[[109.111801,29.667053],[109.025936,29.606167],[108.983784,29.593678],[108.918214,29.5968],[108.793319,29.529669],[108.729311,29.535914],[108.668425,29.568699],[108.62315,29.57026],[108.605977,29.54372],[108.568509,29.51718],[108.501378,29.524986],[108.467032,29.542159],[108.421758,29.545281]]}},{"type":"Feature","properties":{"type":"Major Highway","name":null,"min_zoom":3,"expressway":0},"geometry":{"type":"LineString","coordinates":[[109.600452,29.340766],[109.612941,29.393846],[109.581718,29.446926],[109.539566,29.468783],[109.46619,29.420386]]}},{"type":"Feature","properties":{"type":"Major Highway","name":null,"min_zoom":3,"expressway":0},"geometry":{"type":"LineString","coordinates":[[109.925178,29.062875],[109.948596,29.055069],[110.000115,29.059753],[110.08598,29.025407],[110.162478,29.053508],[110.224926,29.053508]]}},{"type":"Feature","properties":{"type":"Major Highway","name":null,"min_zoom":3,"expressway":0},"geometry":{"type":"LineString","coordinates":[[111.533198,27.205066],[111.553494,27.220677],[111.61438,27.23785],[111.644042,27.234728],[111.714296,27.270635]]}},{"type":"Feature","properties":{"type":"Major Highway","name":null,"min_zoom":3,"expressway":0},"geometry":{"type":"LineString","coordinates":[[111.492607,27.189454],[111.531637,27.203504]]}},{"type":"Feature","properties":{"type":"Major Highway","name":null,"min_zoom":3,"expressway":0},"geometry":{"type":"LineString","coordinates":[[111.37708,27.191015],[111.492607,27.189454]]}},{"type":"Feature","properties":{"type":"Major Highway","name":null,"min_zoom":3,"expressway":0},"geometry":{"type":"LineString","coordinates":[[111.373957,27.192576],[111.37708,27.191015]]}},{"type":"Feature","properties":{"type":"Major Highway","name":null,"min_zoom":3,"expressway":0},"geometry":{"type":"LineString","coordinates":[[111.197544,27.18477],[111.224084,27.205066],[111.27248,27.19726],[111.289653,27.18477],[111.373957,27.192576]]}},{"type":"Feature","properties":{"type":"Major Highway","name":null,"min_zoom":4,"expressway":0},"geometry":{"type":"LineString","coordinates":[[111.186615,27.187892],[111.197544,27.18477]]}},{"type":"Feature","properties":{"type":"Major Highway","name":null,"min_zoom":4,"expressway":0},"geometry":{"type":"LineString","coordinates":[[111.060159,27.128567],[111.061721,27.128567]]}},{"type":"Feature","properties":{"type":"Major Highway","name":null,"min_zoom":4,"expressway":0},"geometry":{"type":"LineString","coordinates":[[108.755851,27.095783],[108.751167,27.117639],[108.785514,27.166036]]}},{"type":"Feature","properties":{"type":"Major Highway","name":null,"min_zoom":3,"expressway":0},"geometry":{"type":"LineString","coordinates":[[108.496694,26.744516],[108.552897,26.785107]]}},{"type":"Feature","properties":{"type":"Major Highway","name":null,"min_zoom":5,"expressway":0},"geometry":{"type":"LineString","coordinates":[[114.515061,26.814769],[114.460419,26.806963],[114.418267,26.785107]]}},{"type":"Feature","properties":{"type":"Major Highway","name":null,"min_zoom":5,"expressway":0},"geometry":{"type":"LineString","coordinates":[[113.503413,26.783546],[113.55181,26.71017],[113.558054,26.675824],[113.60489,26.555613],[113.668899,26.500971],[113.654848,26.432279],[113.673582,26.408861],[113.781304,26.493165],[113.796916,26.500971],[113.820333,26.546246],[113.910882,26.607132],[113.953034,26.700803],[113.981135,26.685191],[114.004553,26.647723],[114.045144,26.652406]]}},{"type":"Feature","properties":{"type":"Major Highway","name":null,"min_zoom":4,"expressway":0},"geometry":{"type":"LineString","coordinates":[[113.503413,26.783546],[113.472189,26.799158]]}},{"type":"Feature","properties":{"type":"Major Highway","name":null,"min_zoom":5,"expressway":0},"geometry":{"type":"LineString","coordinates":[[112.838348,26.988061],[112.89299,27.02709],[112.99915,27.014601],[113.010079,27.003673],[113.06472,26.997428],[113.099066,26.975571],[113.174003,26.967765],[113.19586,26.936542],[113.228645,26.910002],[113.294214,26.8819],[113.322316,26.858483],[113.415987,26.835065],[113.439404,26.808525],[113.472189,26.799158]]}},{"type":"Feature","properties":{"type":"Major Highway","name":null,"min_zoom":3,"expressway":0},"geometry":{"type":"LineString","coordinates":[[112.877378,26.368271],[112.894551,26.430718],[112.896112,26.479115],[112.910163,26.535317],[112.933581,26.599326],[112.916408,26.635233],[112.819614,26.853799]]}},{"type":"Feature","properties":{"type":"Major Highway","name":null,"min_zoom":3,"expressway":0},"geometry":{"type":"LineString","coordinates":[[112.819614,26.853799],[112.824298,26.922491],[112.847716,27.087977],[112.897673,27.236289],[112.980416,27.306543],[113.016323,27.351817],[113.027252,27.381479]]}},{"type":"Feature","properties":{"type":"Major Highway","name":null,"min_zoom":3,"expressway":0},"geometry":{"type":"LineString","coordinates":[[112.819614,26.853799],[112.702525,26.817892]]}},{"type":"Feature","properties":{"type":"Major Highway","name":null,"min_zoom":3,"expressway":0},"geometry":{"type":"LineString","coordinates":[[112.699403,26.817892],[112.663496,26.817892]]}},{"type":"Feature","properties":{"type":"Major Highway","name":null,"min_zoom":3,"expressway":0},"geometry":{"type":"LineString","coordinates":[[112.657251,26.819453],[112.588559,26.814769],[112.518306,26.752322]]}},{"type":"Feature","properties":{"type":"Major Highway","name":null,"min_zoom":3,"expressway":0},"geometry":{"type":"LineString","coordinates":[[112.518306,26.752322],[112.437124,26.688313],[112.371554,26.653967],[112.357504,26.624305],[112.315352,26.596204],[112.201385,26.558735]]}},{"type":"Feature","properties":{"type":"Major Highway","name":null,"min_zoom":3,"expressway":0},"geometry":{"type":"LineString","coordinates":[[112.201385,26.558735],[112.079613,26.518144],[111.987503,26.457258]]}},{"type":"Feature","properties":{"type":"Major Highway","name":null,"min_zoom":3,"expressway":0},"geometry":{"type":"LineString","coordinates":[[111.714296,27.270635],[111.72054,27.284686],[111.861047,27.334644],[111.90476,27.372112],[111.978136,27.415825],[111.984381,27.445488],[112.064001,27.51418],[112.101469,27.564138]]}},{"type":"Feature","properties":{"type":"Major Highway","name":null,"min_zoom":5,"expressway":0},"geometry":{"type":"LineString","coordinates":[[114.418267,26.785107],[114.35582,26.741394],[114.308984,26.728904],[114.23717,26.664896],[114.230925,26.641478],[114.193457,26.600887],[114.159111,26.577469]]}},{"type":"Feature","properties":{"type":"Major Highway","name":null,"min_zoom":5,"expressway":0},"geometry":{"type":"LineString","coordinates":[[114.159111,26.577469],[114.131009,26.577469],[114.124764,26.625866],[114.090418,26.63055]]}},{"type":"Feature","properties":{"type":"Major Highway","name":null,"min_zoom":5,"expressway":0},"geometry":{"type":"LineString","coordinates":[[114.090418,26.63055],[114.077929,26.647723],[114.045144,26.652406]]}},{"type":"Feature","properties":{"type":"Major Highway","name":null,"min_zoom":3,"expressway":1},"geometry":{"type":"LineString","coordinates":[[112.935142,28.105869],[112.897673,28.118358]]}},{"type":"Feature","properties":{"type":"Major Highway","name":null,"min_zoom":4,"expressway":1},"geometry":{"type":"LineString","coordinates":[[113.06472,27.927894],[113.116239,27.940383]]}},{"type":"Feature","properties":{"type":"Major Highway","name":null,"min_zoom":3,"expressway":1},"geometry":{"type":"LineString","coordinates":[[113.245818,28.789668],[113.258307,28.916124],[113.267674,28.973888],[113.267674,29.051947],[113.238012,29.186209],[113.250501,29.222116],[113.280164,29.254901],[113.366029,29.323593],[113.419109,29.353255],[113.448772,29.464099],[113.536198,29.47815],[113.568983,29.512496],[113.603329,29.53123],[113.650164,29.539036],[113.682949,29.567138],[113.707928,29.620218]]}},{"type":"Feature","properties":{"type":"Major Highway","name":null,"min_zoom":3,"expressway":1},"geometry":{"type":"LineString","coordinates":[[113.128729,28.375954],[113.172442,28.432157],[113.213033,28.511777],[113.217716,28.535195],[113.258307,28.625743],[113.266113,28.717853],[113.245818,28.784984]]}},{"type":"Feature","properties":{"type":"Major Highway","name":null,"min_zoom":3,"expressway":1},"geometry":{"type":"LineString","coordinates":[[113.081893,28.307262],[113.128729,28.375954]]}},{"type":"Feature","properties":{"type":"Major Highway","name":null,"min_zoom":3,"expressway":1},"geometry":{"type":"LineString","coordinates":[[113.074087,28.286966],[113.081893,28.307262]]}},{"type":"Feature","properties":{"type":"Major Highway","name":null,"min_zoom":3,"expressway":1},"geometry":{"type":"LineString","coordinates":[[113.072526,28.280722],[113.074087,28.286966]]}},{"type":"Feature","properties":{"type":"Major Highway","name":null,"min_zoom":3,"expressway":1},"geometry":{"type":"LineString","coordinates":[[113.06472,28.235447],[113.067843,28.269793]]}},{"type":"Feature","properties":{"type":"Major Highway","name":null,"min_zoom":3,"expressway":1},"geometry":{"type":"LineString","coordinates":[[113.056914,28.204224],[113.063159,28.233886]]}},{"type":"Feature","properties":{"type":"Major Highway","name":null,"min_zoom":3,"expressway":1},"geometry":{"type":"LineString","coordinates":[[113.056914,28.19954],[113.056914,28.202662]]}},{"type":"Feature","properties":{"type":"Major Highway","name":null,"min_zoom":4,"expressway":1},"geometry":{"type":"LineString","coordinates":[[113.055353,28.096502],[113.049108,28.135531]]}},{"type":"Feature","properties":{"type":"Major Highway","name":null,"min_zoom":3,"expressway":1},"geometry":{"type":"LineString","coordinates":[[113.049108,28.135531],[113.052231,28.187051]]}},{"type":"Feature","properties":{"type":"Major Highway","name":null,"min_zoom":4,"expressway":1},"geometry":{"type":"LineString","coordinates":[[113.033496,27.926333],[113.041302,27.984097],[113.030374,28.023126],[113.055353,28.094941]]}},{"type":"Feature","properties":{"type":"Major Highway","name":null,"min_zoom":3,"expressway":1},"geometry":{"type":"LineString","coordinates":[[113.027252,27.390846],[113.025691,27.44861],[113.035058,27.531353],[113.031935,27.562577],[113.039741,27.657809],[113.03818,27.735868],[113.049108,27.812366],[113.031935,27.840468]]}},{"type":"Feature","properties":{"type":"Major Highway","name":null,"min_zoom":4,"expressway":1},"geometry":{"type":"LineString","coordinates":[[113.027252,27.845151],[113.017885,27.862324],[113.033496,27.924772]]}},{"type":"Feature","properties":{"type":"Major Highway","name":null,"min_zoom":4,"expressway":1},"geometry":{"type":"LineString","coordinates":[[112.969488,27.913843],[113.031935,27.932577]]}},{"type":"Feature","properties":{"type":"Major Highway","name":null,"min_zoom":3,"expressway":1},"geometry":{"type":"LineString","coordinates":[[113.05067,28.094941],[113.002273,28.085574],[112.944509,28.099624]]}},{"type":"Feature","properties":{"type":"Major Highway","name":null,"min_zoom":3,"expressway":1},"geometry":{"type":"LineString","coordinates":[[112.897673,28.118358],[112.875817,28.149582],[112.877378,28.177683],[112.857083,28.191734],[112.846154,28.240131]]}},{"type":"Feature","properties":{"type":"Major Highway","name":null,"min_zoom":3,"expressway":1},"geometry":{"type":"LineString","coordinates":[[112.846154,28.240131],[112.752483,28.247937],[112.654129,28.283844],[112.597926,28.311945]]}},{"type":"Feature","properties":{"type":"Major Highway","name":null,"min_zoom":3,"expressway":1},"geometry":{"type":"LineString","coordinates":[[112.421512,27.756164],[112.5105,27.776459],[112.585437,27.813927],[112.661935,27.87013],[112.73531,27.876375],[112.82742,27.906037],[112.927336,27.921649],[112.960121,27.916966]]}},{"type":"Feature","properties":{"type":"Major Highway","name":null,"min_zoom":4,"expressway":0},"geometry":{"type":"LineString","coordinates":[[112.377799,27.749919],[112.419951,27.756164]]}},{"type":"Feature","properties":{"type":"Major Highway","name":null,"min_zoom":3,"expressway":0},"geometry":{"type":"LineString","coordinates":[[112.193579,27.695277],[112.279444,27.726501],[112.307546,27.721818],[112.332525,27.738991],[112.376238,27.749919]]}},{"type":"Feature","properties":{"type":"Major Highway","name":null,"min_zoom":3,"expressway":0},"geometry":{"type":"LineString","coordinates":[[112.182651,27.689033],[112.190457,27.693716]]}},{"type":"Feature","properties":{"type":"Major Highway","name":null,"min_zoom":3,"expressway":0},"geometry":{"type":"LineString","coordinates":[[112.103031,27.564138],[112.113959,27.623463],[112.134254,27.65937],[112.182651,27.689033]]}},{"type":"Feature","properties":{"type":"Major Highway","name":null,"min_zoom":3,"expressway":1},"geometry":{"type":"LineString","coordinates":[[111.725224,28.917685],[111.772059,28.875533],[111.881342,28.820891],[111.953157,28.795912],[112.009359,28.763128],[112.0359,28.736587],[112.078052,28.714731],[112.165478,28.710047],[112.268516,28.671018],[112.359065,28.614815],[112.387166,28.578908],[112.430879,28.549245],[112.48396,28.472747],[112.494888,28.433718],[112.522989,28.390005],[112.532356,28.354097],[112.562019,28.321312],[112.597926,28.311945]]}},{"type":"Feature","properties":{"type":"Major Highway","name":null,"min_zoom":4,"expressway":1},"geometry":{"type":"LineString","coordinates":[[111.573789,29.044141],[111.576911,28.970765],[111.600329,28.95047],[111.64092,28.942664],[111.675266,28.925491],[111.725224,28.917685]]}},{"type":"Feature","properties":{"type":"Major Highway","name":null,"min_zoom":3,"expressway":1},"geometry":{"type":"LineString","coordinates":[[114.535356,27.824856],[114.622782,27.827978],[114.664934,27.842029],[114.700842,27.842029],[114.796074,27.859202],[114.899112,27.871691]]}},{"type":"Feature","properties":{"type":"Major Highway","name":null,"min_zoom":5,"expressway":1},"geometry":{"type":"LineString","coordinates":[[115.283163,27.952873],[115.289408,27.926333],[115.286286,27.849835],[115.25194,27.80456],[115.203543,27.770214],[115.177003,27.740552],[115.148901,27.687472],[115.128606,27.600045],[115.108311,27.546965],[115.066159,27.48764],[115.038057,27.462661],[115.020884,27.423631],[115.020884,27.317471],[115.005272,27.253462],[114.94907,27.15823],[114.880378,27.089538],[114.85696,27.047386],[114.855399,26.945909],[114.821053,26.852238],[114.76485,26.864727],[114.697719,26.864727],[114.674301,26.850677],[114.596242,26.827259],[114.515061,26.814769]]}},{"type":"Feature","properties":{"type":"Major Highway","name":null,"min_zoom":4,"expressway":1},"geometry":{"type":"LineString","coordinates":[[114.446368,27.8311],[114.533795,27.823295]]}},{"type":"Feature","properties":{"type":"Major Highway","name":null,"min_zoom":3,"expressway":1},"geometry":{"type":"LineString","coordinates":[[114.260587,27.813927],[114.313668,27.835784],[114.394849,27.84359],[114.443246,27.8311]]}},{"type":"Feature","properties":{"type":"Major Highway","name":null,"min_zoom":3,"expressway":1},"geometry":{"type":"LineString","coordinates":[[114.163794,27.773337],[114.259026,27.813927]]}},{"type":"Feature","properties":{"type":"Major Highway","name":null,"min_zoom":3,"expressway":1},"geometry":{"type":"LineString","coordinates":[[113.712612,27.68591],[113.782865,27.68591],[113.845312,27.699961],[113.932739,27.682788],[113.99987,27.693716],[114.063878,27.718695],[114.160672,27.771775]]}},{"type":"Feature","properties":{"type":"Major Highway","name":null,"min_zoom":4,"expressway":1},"geometry":{"type":"LineString","coordinates":[[113.60489,27.690594],[113.67046,27.679666],[113.712612,27.68591]]}},{"type":"Feature","properties":{"type":"Major Highway","name":null,"min_zoom":3,"expressway":1},"geometry":{"type":"LineString","coordinates":[[113.122484,27.940383],[113.172442,27.932577],[113.202104,27.916966],[113.292653,27.891987],[113.336366,27.856079],[113.392569,27.782704],[113.442527,27.732746],[113.473751,27.715573],[113.603329,27.692155]]}},{"type":"Feature","properties":{"type":"Major Highway","name":null,"min_zoom":5,"expressway":1},"geometry":{"type":"LineString","coordinates":[[117.576543,38.039686],[117.390762,38.234834],[117.386079,38.380024],[117.278357,38.539265],[117.250256,38.573611],[117.223716,38.632936],[117.204981,38.698506]]}},{"type":"Feature","properties":{"type":"Major Highway","name":null,"min_zoom":5,"expressway":0},"geometry":{"type":"LineString","coordinates":[[117.200298,38.874919],[117.211226,38.885848]]}},{"type":"Feature","properties":{"type":"Major Highway","name":null,"min_zoom":4,"expressway":0},"geometry":{"type":"LineString","coordinates":[[117.184686,38.970152],[117.186247,38.971713]]}},{"type":"Feature","properties":{"type":"Major Highway","name":null,"min_zoom":5,"expressway":1},"geometry":{"type":"LineString","coordinates":[[117.204981,38.700067],[117.186247,38.748464],[117.17688,38.8234]]}},{"type":"Feature","properties":{"type":"Major Highway","name":null,"min_zoom":3,"expressway":1},"geometry":{"type":"LineString","coordinates":[[116.881816,38.684455],[116.875571,38.707873],[116.87401,38.824962],[116.866204,38.879603],[116.880255,38.949856],[116.880255,39.049772],[116.917723,39.101291],[116.916162,39.13876]]}},{"type":"Feature","properties":{"type":"Major Highway","name":null,"min_zoom":3,"expressway":1},"geometry":{"type":"LineString","coordinates":[[116.745993,38.297281],[116.747554,38.325383],[116.772533,38.390952],[116.810002,38.451838],[116.811563,38.523653],[116.797512,38.587662],[116.849031,38.639181],[116.881816,38.684455]]}},{"type":"Feature","properties":{"type":"Major Highway","name":null,"min_zoom":3,"expressway":1},"geometry":{"type":"LineString","coordinates":[[114.811686,30.349291],[114.774217,30.380515]]}},{"type":"Feature","properties":{"type":"Major Highway","name":null,"min_zoom":3,"expressway":1},"geometry":{"type":"LineString","coordinates":[[114.772656,30.378954],[114.810124,30.34773]]}},{"type":"Feature","properties":{"type":"Major Highway","name":null,"min_zoom":3,"expressway":1},"geometry":{"type":"LineString","coordinates":[[114.774217,30.380515],[114.772656,30.380515]]}},{"type":"Feature","properties":{"type":"Major Highway","name":null,"min_zoom":3,"expressway":1},"geometry":{"type":"LineString","coordinates":[[114.772656,30.380515],[114.772656,30.378954]]}},{"type":"Feature","properties":{"type":"Major Highway","name":null,"min_zoom":3,"expressway":1},"geometry":{"type":"LineString","coordinates":[[114.772656,30.380515],[114.761728,30.388321]]}},{"type":"Feature","properties":{"type":"Major Highway","name":null,"min_zoom":5,"expressway":0},"geometry":{"type":"LineString","coordinates":[[114.583753,30.666211],[114.582191,30.659967]]}},{"type":"Feature","properties":{"type":"Major Highway","name":null,"min_zoom":5,"expressway":0},"geometry":{"type":"LineString","coordinates":[[114.582191,30.659967],[114.577508,30.652161]]}},{"type":"Feature","properties":{"type":"Major Highway","name":null,"min_zoom":5,"expressway":0},"geometry":{"type":"LineString","coordinates":[[114.577508,30.652161],[114.575947,30.6506]]}},{"type":"Feature","properties":{"type":"Major Highway","name":null,"min_zoom":3,"expressway":1},"geometry":{"type":"LineString","coordinates":[[114.761728,30.388321],[114.703964,30.424228],[114.643078,30.432034],[114.574386,30.458574]]}},{"type":"Feature","properties":{"type":"Major Highway","name":null,"min_zoom":5,"expressway":0},"geometry":{"type":"LineString","coordinates":[[114.575947,30.6506],[114.572824,30.647477]]}},{"type":"Feature","properties":{"type":"Major Highway","name":null,"min_zoom":3,"expressway":0},"geometry":{"type":"LineString","coordinates":[[114.574386,30.458574],[114.56658,30.461696]]}},{"type":"Feature","properties":{"type":"Major Highway","name":null,"min_zoom":3,"expressway":1},"geometry":{"type":"LineString","coordinates":[[114.56658,30.461696],[114.652445,30.428911],[114.702403,30.424228],[114.772656,30.380515]]}},{"type":"Feature","properties":{"type":"Major Highway","name":null,"min_zoom":5,"expressway":0},"geometry":{"type":"LineString","coordinates":[[114.565018,30.641233],[114.572824,30.647477]]}},{"type":"Feature","properties":{"type":"Major Highway","name":null,"min_zoom":3,"expressway":1},"geometry":{"type":"LineString","coordinates":[[114.543162,36.839135],[114.544723,36.896899],[114.583753,37.068629],[114.585314,37.112342],[114.574386,37.20133],[114.585314,37.229431],[114.589997,37.313735],[114.602487,37.390233],[114.622782,37.429263],[114.6462,37.538546],[114.6462,37.607238],[114.636833,37.67593],[114.608732,37.710276],[114.599365,37.78209],[114.579069,37.853905],[114.589997,37.908546],[114.577508,38.002217],[114.585314,38.025635],[114.58063,38.092766],[114.588436,38.163019],[114.644639,38.219222],[114.674301,38.29572],[114.727382,38.344117],[114.827297,38.401881],[114.864766,38.436227],[114.941264,38.447155],[114.981855,38.459644],[115.022446,38.497113],[115.034935,38.522092],[115.095821,38.581417],[115.14734,38.593906],[115.194176,38.642303],[115.23945,38.676649],[115.276919,38.689139],[115.34405,38.73129],[115.461138,38.739096],[115.48924,38.748464],[115.539198,38.789054],[115.56886,38.831206],[115.576666,38.868675]]}},{"type":"Feature","properties":{"type":"Major Highway","name":null,"min_zoom":5,"expressway":0},"geometry":{"type":"LineString","coordinates":[[114.538478,30.628743],[114.565018,30.641233]]}},{"type":"Feature","properties":{"type":"Major Highway","name":null,"min_zoom":5,"expressway":1},"geometry":{"type":"LineString","coordinates":[[114.568141,30.463258],[114.54004,30.500726],[114.516622,30.563173],[114.524428,30.61157],[114.538478,30.628743]]}},{"type":"Feature","properties":{"type":"Major Highway","name":null,"min_zoom":3,"expressway":1},"geometry":{"type":"LineString","coordinates":[[114.482276,30.430473],[114.560335,30.458574]]}},{"type":"Feature","properties":{"type":"Major Highway","name":null,"min_zoom":3,"expressway":1},"geometry":{"type":"LineString","coordinates":[[114.56658,30.461696],[114.482276,30.430473]]}},{"type":"Feature","properties":{"type":"Major Highway","name":null,"min_zoom":4,"expressway":0},"geometry":{"type":"LineString","coordinates":[[114.480715,30.428911],[114.482276,30.430473]]}},{"type":"Feature","properties":{"type":"Major Highway","name":null,"min_zoom":4,"expressway":0},"geometry":{"type":"LineString","coordinates":[[114.482276,30.430473],[114.480715,30.428911]]}},{"type":"Feature","properties":{"type":"Major Highway","name":null,"min_zoom":3,"expressway":1},"geometry":{"type":"LineString","coordinates":[[114.574386,30.458574],[114.533795,30.471063],[114.479153,30.474186],[114.422951,30.467941]]}},{"type":"Feature","properties":{"type":"Major Highway","name":null,"min_zoom":3,"expressway":1},"geometry":{"type":"LineString","coordinates":[[114.415145,30.46638],[114.486959,30.474186],[114.56658,30.461696]]}},{"type":"Feature","properties":{"type":"Major Highway","name":null,"min_zoom":5,"expressway":1},"geometry":{"type":"LineString","coordinates":[[114.371432,30.338363],[114.44793,30.410177],[114.480715,30.428911]]}},{"type":"Feature","properties":{"type":"Major Highway","name":null,"min_zoom":5,"expressway":1},"geometry":{"type":"LineString","coordinates":[[114.480715,30.428911],[114.454174,30.414861],[114.371432,30.338363]]}},{"type":"Feature","properties":{"type":"Major Highway","name":null,"min_zoom":4,"expressway":1},"geometry":{"type":"LineString","coordinates":[[114.415145,30.46638],[114.354259,30.460135]]}},{"type":"Feature","properties":{"type":"Major Highway","name":null,"min_zoom":4,"expressway":1},"geometry":{"type":"LineString","coordinates":[[114.380799,30.463258],[114.335524,30.460135]]}},{"type":"Feature","properties":{"type":"Major Highway","name":null,"min_zoom":5,"expressway":1},"geometry":{"type":"LineString","coordinates":[[114.308984,30.716169],[114.307423,30.725536]]}},{"type":"Feature","properties":{"type":"Major Highway","name":null,"min_zoom":5,"expressway":1},"geometry":{"type":"LineString","coordinates":[[114.307423,30.725536],[114.304301,30.75676]]}},{"type":"Feature","properties":{"type":"Major Highway","name":null,"min_zoom":5,"expressway":1},"geometry":{"type":"LineString","coordinates":[[114.304301,30.758321],[114.308984,30.716169]]}},{"type":"Feature","properties":{"type":"Major Highway","name":null,"min_zoom":5,"expressway":0},"geometry":{"type":"LineString","coordinates":[[114.301178,30.698996],[114.308984,30.716169]]}},{"type":"Feature","properties":{"type":"Major Highway","name":null,"min_zoom":5,"expressway":1},"geometry":{"type":"LineString","coordinates":[[114.301178,30.697435],[114.301178,30.698996]]}},{"type":"Feature","properties":{"type":"Major Highway","name":null,"min_zoom":5,"expressway":0},"geometry":{"type":"LineString","coordinates":[[114.308984,30.716169],[114.301178,30.698996]]}},{"type":"Feature","properties":{"type":"Major Highway","name":null,"min_zoom":5,"expressway":1},"geometry":{"type":"LineString","coordinates":[[114.301178,30.698996],[114.301178,30.697435]]}},{"type":"Feature","properties":{"type":"Major Highway","name":null,"min_zoom":5,"expressway":1},"geometry":{"type":"LineString","coordinates":[[114.298056,30.683385],[114.301178,30.697435]]}},{"type":"Feature","properties":{"type":"Major Highway","name":null,"min_zoom":5,"expressway":1},"geometry":{"type":"LineString","coordinates":[[114.301178,30.697435],[114.298056,30.683385]]}},{"type":"Feature","properties":{"type":"Major Highway","name":null,"min_zoom":5,"expressway":1},"geometry":{"type":"LineString","coordinates":[[114.294934,30.674017],[114.298056,30.683385]]}},{"type":"Feature","properties":{"type":"Major Highway","name":null,"min_zoom":5,"expressway":1},"geometry":{"type":"LineString","coordinates":[[114.298056,30.683385],[114.294934,30.674017]]}},{"type":"Feature","properties":{"type":"Major Highway","name":null,"min_zoom":5,"expressway":0},"geometry":{"type":"LineString","coordinates":[[114.293372,30.667773],[114.294934,30.674017]]}},{"type":"Feature","properties":{"type":"Major Highway","name":null,"min_zoom":5,"expressway":0},"geometry":{"type":"LineString","coordinates":[[114.294934,30.674017],[114.293372,30.667773]]}},{"type":"Feature","properties":{"type":"Major Highway","name":null,"min_zoom":4,"expressway":1},"geometry":{"type":"LineString","coordinates":[[114.335524,30.460135],[114.265271,30.471063]]}},{"type":"Feature","properties":{"type":"Major Highway","name":null,"min_zoom":4,"expressway":1},"geometry":{"type":"LineString","coordinates":[[114.255904,30.477308],[114.25122,30.480431]]}},{"type":"Feature","properties":{"type":"Major Highway","name":null,"min_zoom":4,"expressway":1},"geometry":{"type":"LineString","coordinates":[[114.265271,30.471063],[114.25122,30.480431]]}},{"type":"Feature","properties":{"type":"Major Highway","name":null,"min_zoom":5,"expressway":1},"geometry":{"type":"LineString","coordinates":[[114.240292,30.325873],[114.335524,30.314945],[114.371432,30.338363]]}},{"type":"Feature","properties":{"type":"Major Highway","name":null,"min_zoom":4,"expressway":1},"geometry":{"type":"LineString","coordinates":[[114.23717,30.325873],[114.240292,30.325873]]}},{"type":"Feature","properties":{"type":"Major Highway","name":null,"min_zoom":5,"expressway":1},"geometry":{"type":"LineString","coordinates":[[114.371432,30.338363],[114.332402,30.314945],[114.234047,30.330557]]}},{"type":"Feature","properties":{"type":"Major Highway","name":null,"min_zoom":3,"expressway":1},"geometry":{"type":"LineString","coordinates":[[114.277761,30.118236],[114.266832,30.157265],[114.271516,30.194734],[114.257465,30.263426],[114.234047,30.330557]]}},{"type":"Feature","properties":{"type":"Major Highway","name":null,"min_zoom":4,"expressway":1},"geometry":{"type":"LineString","coordinates":[[114.232486,30.330557],[114.23717,30.325873]]}},{"type":"Feature","properties":{"type":"Major Highway","name":null,"min_zoom":4,"expressway":1},"geometry":{"type":"LineString","coordinates":[[114.25122,30.480431],[114.221558,30.499165]]}},{"type":"Feature","properties":{"type":"Major Highway","name":null,"min_zoom":4,"expressway":1},"geometry":{"type":"LineString","coordinates":[[114.221558,30.499165],[114.25122,30.480431]]}},{"type":"Feature","properties":{"type":"Major Highway","name":null,"min_zoom":4,"expressway":1},"geometry":{"type":"LineString","coordinates":[[114.180967,30.525705],[114.163794,30.506971]]}},{"type":"Feature","properties":{"type":"Major Highway","name":null,"min_zoom":4,"expressway":1},"geometry":{"type":"LineString","coordinates":[[114.162233,30.505409],[114.163794,30.506971]]}},{"type":"Feature","properties":{"type":"Major Highway","name":null,"min_zoom":4,"expressway":1},"geometry":{"type":"LineString","coordinates":[[114.163794,30.506971],[114.162233,30.505409]]}},{"type":"Feature","properties":{"type":"Major Highway","name":null,"min_zoom":4,"expressway":1},"geometry":{"type":"LineString","coordinates":[[114.162233,30.602203],[114.159111,30.605325]]}},{"type":"Feature","properties":{"type":"Major Highway","name":null,"min_zoom":4,"expressway":1},"geometry":{"type":"LineString","coordinates":[[114.159111,30.605325],[114.162233,30.602203]]}},{"type":"Feature","properties":{"type":"Major Highway","name":null,"min_zoom":4,"expressway":1},"geometry":{"type":"LineString","coordinates":[[114.221558,30.499165],[114.173161,30.530388],[114.160672,30.560051],[114.162233,30.602203]]}},{"type":"Feature","properties":{"type":"Major Highway","name":null,"min_zoom":4,"expressway":1},"geometry":{"type":"LineString","coordinates":[[114.162233,30.602203],[114.170039,30.53195],[114.221558,30.499165]]}},{"type":"Feature","properties":{"type":"Major Highway","name":null,"min_zoom":5,"expressway":1},"geometry":{"type":"LineString","coordinates":[[114.310545,30.674017],[114.274638,30.659967],[114.22468,30.627182],[114.166916,30.628743],[114.157549,30.619376]]}},{"type":"Feature","properties":{"type":"Major Highway","name":null,"min_zoom":4,"expressway":1},"geometry":{"type":"LineString","coordinates":[[114.159111,30.605325],[114.157549,30.619376]]}},{"type":"Feature","properties":{"type":"Major Highway","name":null,"min_zoom":4,"expressway":1},"geometry":{"type":"LineString","coordinates":[[114.157549,30.620937],[114.159111,30.605325]]}},{"type":"Feature","properties":{"type":"Major Highway","name":null,"min_zoom":3,"expressway":1},"geometry":{"type":"LineString","coordinates":[[114.234047,30.330557],[114.168478,30.350852],[114.14506,30.369586]]}},{"type":"Feature","properties":{"type":"Major Highway","name":null,"min_zoom":3,"expressway":1},"geometry":{"type":"LineString","coordinates":[[114.14506,30.369586],[114.168478,30.350852],[114.232486,30.330557]]}},{"type":"Feature","properties":{"type":"Major Highway","name":null,"min_zoom":4,"expressway":1},"geometry":{"type":"LineString","coordinates":[[114.141937,30.480431],[114.162233,30.505409]]}},{"type":"Feature","properties":{"type":"Major Highway","name":null,"min_zoom":4,"expressway":1},"geometry":{"type":"LineString","coordinates":[[114.162233,30.505409],[114.141937,30.480431]]}},{"type":"Feature","properties":{"type":"Major Highway","name":null,"min_zoom":3,"expressway":0},"geometry":{"type":"LineString","coordinates":[[114.14506,30.369586],[114.135693,30.377392]]}},{"type":"Feature","properties":{"type":"Major Highway","name":null,"min_zoom":3,"expressway":0},"geometry":{"type":"LineString","coordinates":[[114.135693,30.377392],[114.14506,30.369586]]}},{"type":"Feature","properties":{"type":"Major Highway","name":null,"min_zoom":3,"expressway":1},"geometry":{"type":"LineString","coordinates":[[114.129448,30.380515],[114.135693,30.377392]]}},{"type":"Feature","properties":{"type":"Major Highway","name":null,"min_zoom":3,"expressway":1},"geometry":{"type":"LineString","coordinates":[[114.135693,30.377392],[114.112275,30.391443]]}},{"type":"Feature","properties":{"type":"Major Highway","name":null,"min_zoom":5,"expressway":1},"geometry":{"type":"LineString","coordinates":[[114.071684,30.973765],[114.116959,30.959714],[114.185651,30.916001],[114.234047,30.837942],[114.271516,30.805157],[114.304301,30.758321]]}},{"type":"Feature","properties":{"type":"Major Highway","name":null,"min_zoom":4,"expressway":0},"geometry":{"type":"LineString","coordinates":[[114.048266,30.58503],[114.048266,30.588152]]}},{"type":"Feature","properties":{"type":"Major Highway","name":null,"min_zoom":4,"expressway":0},"geometry":{"type":"LineString","coordinates":[[114.046705,30.588152],[114.046705,30.58503]]}},{"type":"Feature","properties":{"type":"Major Highway","name":null,"min_zoom":3,"expressway":1},"geometry":{"type":"LineString","coordinates":[[114.049828,30.634988],[114.046705,30.588152]]}},{"type":"Feature","properties":{"type":"Major Highway","name":null,"min_zoom":4,"expressway":1},"geometry":{"type":"LineString","coordinates":[[114.043583,30.556929],[114.048266,30.58503]]}},{"type":"Feature","properties":{"type":"Major Highway","name":null,"min_zoom":4,"expressway":1},"geometry":{"type":"LineString","coordinates":[[114.046705,30.58503],[114.043583,30.556929]]}},{"type":"Feature","properties":{"type":"Major Highway","name":null,"min_zoom":4,"expressway":1},"geometry":{"type":"LineString","coordinates":[[114.042022,30.541317],[114.043583,30.556929]]}},{"type":"Feature","properties":{"type":"Major Highway","name":null,"min_zoom":4,"expressway":1},"geometry":{"type":"LineString","coordinates":[[114.043583,30.556929],[114.042022,30.541317]]}},{"type":"Feature","properties":{"type":"Major Highway","name":null,"min_zoom":3,"expressway":1},"geometry":{"type":"LineString","coordinates":[[114.037338,30.787984],[114.038899,30.811402]]}},{"type":"Feature","properties":{"type":"Major Highway","name":null,"min_zoom":3,"expressway":1},"geometry":{"type":"LineString","coordinates":[[114.038899,30.811402],[114.037338,30.789545]]}},{"type":"Feature","properties":{"type":"Major Highway","name":null,"min_zoom":3,"expressway":1},"geometry":{"type":"LineString","coordinates":[[114.112275,30.391443],[114.067001,30.435156],[114.037338,30.514777],[114.042022,30.541317]]}},{"type":"Feature","properties":{"type":"Major Highway","name":null,"min_zoom":4,"expressway":1},"geometry":{"type":"LineString","coordinates":[[114.042022,30.541317],[114.037338,30.51946],[114.049828,30.467941]]}},{"type":"Feature","properties":{"type":"Major Highway","name":null,"min_zoom":3,"expressway":1},"geometry":{"type":"LineString","coordinates":[[114.037338,30.784862],[114.037338,30.787984]]}},{"type":"Feature","properties":{"type":"Major Highway","name":null,"min_zoom":3,"expressway":1},"geometry":{"type":"LineString","coordinates":[[114.037338,30.789545],[114.037338,30.784862]]}},{"type":"Feature","properties":{"type":"Major Highway","name":null,"min_zoom":3,"expressway":1},"geometry":{"type":"LineString","coordinates":[[114.048266,30.588152],[114.049828,30.636549],[114.035777,30.706802]]}},{"type":"Feature","properties":{"type":"Major Highway","name":null,"min_zoom":3,"expressway":1},"geometry":{"type":"LineString","coordinates":[[114.035777,30.706802],[114.037338,30.784862]]}},{"type":"Feature","properties":{"type":"Major Highway","name":null,"min_zoom":3,"expressway":1},"geometry":{"type":"LineString","coordinates":[[114.037338,30.784862],[114.035777,30.708363]]}},{"type":"Feature","properties":{"type":"Major Highway","name":null,"min_zoom":4,"expressway":1},"geometry":{"type":"LineString","coordinates":[[114.141937,30.480431],[114.099785,30.460135],[113.998309,30.452329]]}},{"type":"Feature","properties":{"type":"Major Highway","name":null,"min_zoom":4,"expressway":1},"geometry":{"type":"LineString","coordinates":[[113.998309,30.452329],[114.098224,30.458574],[114.141937,30.480431]]}},{"type":"Feature","properties":{"type":"Major Highway","name":null,"min_zoom":3,"expressway":1},"geometry":{"type":"LineString","coordinates":[[113.867169,29.734184],[113.906199,29.745113],[113.970207,29.784142],[114.023287,29.790387],[114.059195,29.805999],[114.140376,29.827855],[114.191895,29.882497],[114.227803,29.904353],[114.268393,29.955873],[114.285566,30.051105],[114.277761,30.118236]]}},{"type":"Feature","properties":{"type":"Major Highway","name":null,"min_zoom":4,"expressway":0},"geometry":{"type":"LineString","coordinates":[[113.864047,29.732623],[113.867169,29.734184]]}},{"type":"Feature","properties":{"type":"Major Highway","name":null,"min_zoom":3,"expressway":1},"geometry":{"type":"LineString","coordinates":[[113.707928,29.620218],[113.806283,29.699838],[113.864047,29.732623]]}},{"type":"Feature","properties":{"type":"Major Highway","name":null,"min_zoom":3,"expressway":1},"geometry":{"type":"LineString","coordinates":[[113.998309,30.452329],[113.918688,30.467941],[113.86873,30.452329],[113.835945,30.455452],[113.765692,30.430473],[113.739152,30.430473],[113.603329,30.375831],[113.579911,30.341485],[113.528392,30.339924],[113.490924,30.349291],[113.389447,30.346169],[113.359784,30.363342],[113.281725,30.375831],[113.194299,30.368025],[113.078771,30.394565],[112.975733,30.394565],[112.941387,30.383637],[112.863327,30.375831],[112.768095,30.382076],[112.652567,30.358658],[112.610416,30.357097],[112.544846,30.338363],[112.513622,30.338363]]}},{"type":"Feature","properties":{"type":"Major Highway","name":null,"min_zoom":4,"expressway":1},"geometry":{"type":"LineString","coordinates":[[112.243537,30.349291],[112.252904,30.372709],[112.243537,30.411738],[112.212313,30.449207],[112.202946,30.485114],[112.212313,30.521021],[112.204508,30.564734],[112.218558,30.6506],[112.216997,30.697435],[112.231048,30.745832],[112.231048,30.786423],[112.263833,30.91444],[112.270077,31.03309],[112.26071,31.078364],[112.279444,31.140812],[112.291934,31.240727],[112.31379,31.265706]]}},{"type":"Feature","properties":{"type":"Major Highway","name":null,"min_zoom":3,"expressway":1},"geometry":{"type":"LineString","coordinates":[[112.513622,30.338363],[112.48396,30.333679],[112.441808,30.346169],[112.323158,30.357097],[112.231048,30.388321],[112.15455,30.399249],[112.099908,30.396127],[112.064001,30.408616],[111.978136,30.421106]]}},{"type":"Feature","properties":{"type":"Major Highway","name":null,"min_zoom":3,"expressway":1},"geometry":{"type":"LineString","coordinates":[[111.971891,30.421106],[111.926617,30.432034],[111.848557,30.475747],[111.78611,30.485114],[111.661215,30.511654],[111.609696,30.530388],[111.500413,30.556929],[111.459823,30.575663]]}},{"type":"Feature","properties":{"type":"Major Highway","name":null,"min_zoom":3,"expressway":1},"geometry":{"type":"LineString","coordinates":[[111.43016,30.586591],[111.395814,30.570979]]}},{"type":"Feature","properties":{"type":"Major Highway","name":null,"min_zoom":3,"expressway":0},"geometry":{"type":"LineString","coordinates":[[111.395814,30.570979],[111.384886,30.567857]]}},{"type":"Feature","properties":{"type":"Major Highway","name":null,"min_zoom":3,"expressway":1},"geometry":{"type":"LineString","coordinates":[[111.573789,29.053508],[111.562861,29.13469],[111.545688,29.167474],[111.486363,29.200259],[111.37708,29.276757]]}},{"type":"Feature","properties":{"type":"Major Highway","name":null,"min_zoom":3,"expressway":1},"geometry":{"type":"LineString","coordinates":[[111.37708,29.276757],[111.492607,29.195576],[111.545688,29.167474],[111.562861,29.133128],[111.573789,29.053508]]}},{"type":"Feature","properties":{"type":"Major Highway","name":null,"min_zoom":3,"expressway":1},"geometry":{"type":"LineString","coordinates":[[111.384886,30.567857],[111.261552,30.539756]]}},{"type":"Feature","properties":{"type":"Major Highway","name":null,"min_zoom":3,"expressway":1},"geometry":{"type":"LineString","coordinates":[[111.261552,30.539756],[111.247501,30.53195],[111.171003,30.563173],[111.136657,30.556929]]}},{"type":"Feature","properties":{"type":"Major Highway","name":null,"min_zoom":3,"expressway":1},"geometry":{"type":"LineString","coordinates":[[111.37708,29.276757],[111.317755,29.328276],[111.227206,29.365745],[111.205349,29.390724],[111.169442,29.406336],[111.130413,29.440682]]}},{"type":"Feature","properties":{"type":"Major Highway","name":null,"min_zoom":3,"expressway":1},"geometry":{"type":"LineString","coordinates":[[111.130413,29.440682],[111.189738,29.400091],[111.227206,29.365745],[111.313071,29.329838],[111.37708,29.276757]]}},{"type":"Feature","properties":{"type":"Major Highway","name":null,"min_zoom":4,"expressway":1},"geometry":{"type":"LineString","coordinates":[[111.130413,29.440682],[111.12729,29.440682]]}},{"type":"Feature","properties":{"type":"Major Highway","name":null,"min_zoom":4,"expressway":1},"geometry":{"type":"LineString","coordinates":[[111.12729,29.440682],[111.130413,29.440682]]}},{"type":"Feature","properties":{"type":"Major Highway","name":null,"min_zoom":4,"expressway":1},"geometry":{"type":"LineString","coordinates":[[111.12729,29.440682],[111.121046,29.442243]]}},{"type":"Feature","properties":{"type":"Major Highway","name":null,"min_zoom":4,"expressway":1},"geometry":{"type":"LineString","coordinates":[[111.121046,29.442243],[111.119484,29.442243]]}},{"type":"Feature","properties":{"type":"Major Highway","name":null,"min_zoom":4,"expressway":1},"geometry":{"type":"LineString","coordinates":[[111.099189,29.431315],[111.12729,29.440682]]}},{"type":"Feature","properties":{"type":"Major Highway","name":null,"min_zoom":4,"expressway":1},"geometry":{"type":"LineString","coordinates":[[111.12729,29.440682],[111.099189,29.431315]]}},{"type":"Feature","properties":{"type":"Major Highway","name":null,"min_zoom":3,"expressway":1},"geometry":{"type":"LineString","coordinates":[[111.136657,30.556929],[111.03518,30.581908],[111.011763,30.578785],[110.944632,30.61157]]}},{"type":"Feature","properties":{"type":"Major Highway","name":null,"min_zoom":3,"expressway":1},"geometry":{"type":"LineString","coordinates":[[110.944632,30.61157],[110.880623,30.599081],[110.791636,30.605325],[110.758851,30.616254]]}},{"type":"Feature","properties":{"type":"Major Highway","name":null,"min_zoom":3,"expressway":1},"geometry":{"type":"LineString","coordinates":[[110.719821,29.259584],[110.772901,29.281441],[110.801003,29.30642],[110.882184,29.340766],[110.897796,29.367306],[110.952438,29.370428],[110.999273,29.382918],[111.030497,29.404774],[111.096067,29.431315]]}},{"type":"Feature","properties":{"type":"Major Highway","name":null,"min_zoom":3,"expressway":1},"geometry":{"type":"LineString","coordinates":[[111.096067,29.431315],[111.030497,29.404774],[110.993028,29.381357],[110.922775,29.365745],[110.897796,29.367306],[110.882184,29.340766],[110.802564,29.307981],[110.77134,29.281441],[110.719821,29.259584]]}},{"type":"Feature","properties":{"type":"Major Highway","name":null,"min_zoom":3,"expressway":1},"geometry":{"type":"LineString","coordinates":[[110.758851,30.616254],[110.671424,30.628743],[110.568386,30.628743],[110.526234,30.617815],[110.449736,30.617815]]}},{"type":"Feature","properties":{"type":"Major Highway","name":null,"min_zoom":3,"expressway":1},"geometry":{"type":"LineString","coordinates":[[110.449736,30.617815],[110.331086,30.617815],[110.301424,30.608448],[110.162478,30.631865],[110.106276,30.652161]]}},{"type":"Feature","properties":{"type":"Major Highway","name":null,"min_zoom":3,"expressway":0},"geometry":{"type":"LineString","coordinates":[[110.106276,30.652161],[110.000115,30.592836]]}},{"type":"Feature","properties":{"type":"Major Highway","name":null,"min_zoom":3,"expressway":0},"geometry":{"type":"LineString","coordinates":[[110.000115,30.592836],[109.956402,30.581908],[109.88771,30.547561],[109.850241,30.499165]]}},{"type":"Feature","properties":{"type":"Major Highway","name":null,"min_zoom":3,"expressway":0},"geometry":{"type":"LineString","coordinates":[[109.850241,30.499165],[109.7956,30.464819],[109.745642,30.46638],[109.700368,30.491359]]}},{"type":"Feature","properties":{"type":"Major Highway","name":null,"min_zoom":3,"expressway":0},"geometry":{"type":"LineString","coordinates":[[109.700368,30.491359],[109.680072,30.471063],[109.625431,30.455452],[109.586401,30.410177]]}},{"type":"Feature","properties":{"type":"Major Highway","name":null,"min_zoom":3,"expressway":0},"geometry":{"type":"LineString","coordinates":[[109.586401,30.410177],[109.541127,30.341485],[109.516148,30.266548]]}},{"type":"Feature","properties":{"type":"Major Highway","name":null,"min_zoom":3,"expressway":0},"geometry":{"type":"LineString","coordinates":[[109.355346,30.240008],[109.256991,30.191611],[109.203911,30.20254],[109.147708,30.241569],[109.088383,30.257181]]}},{"type":"Feature","properties":{"type":"Major Highway","name":null,"min_zoom":3,"expressway":0},"geometry":{"type":"LineString","coordinates":[[109.088383,30.257181],[109.050915,30.252498],[108.988468,30.275915],[108.87294,30.279038],[108.802687,30.258742]]}},{"type":"Feature","properties":{"type":"Major Highway","name":null,"min_zoom":3,"expressway":0},"geometry":{"type":"LineString","coordinates":[[108.802687,30.258742],[108.663741,30.254059],[108.630956,30.240008],[108.605977,30.196295],[108.568509,30.179122]]}},{"type":"Feature","properties":{"type":"Major Highway","name":null,"min_zoom":3,"expressway":0},"geometry":{"type":"LineString","coordinates":[[108.568509,30.179122],[108.534163,30.11043],[108.476399,30.074523]]}},{"type":"Feature","properties":{"type":"Unknown","name":null,"min_zoom":7.6,"expressway":0},"geometry":{"type":"LineString","coordinates":[[115.511789,41.766429],[115.470545,41.799425],[115.425176,41.824171],[115.338563,41.853042],[115.301444,41.865416],[115.260199,41.886038]]}},{"type":"Feature","properties":{"type":"Unknown","name":null,"min_zoom":7.6,"expressway":0},"geometry":{"type":"LineString","coordinates":[[116.410913,42.042766],[116.340798,42.034517],[116.258309,42.00977],[116.241812,42.005646],[116.208816,41.985024],[116.196443,41.972651],[116.155199,41.931406],[116.138701,41.90666],[116.126328,41.873664],[116.126328,41.836545],[116.130452,41.820047],[116.151074,41.778803],[116.155199,41.754056]]}},{"type":"Feature","properties":{"type":"Unknown","name":null,"min_zoom":7.6,"expressway":0},"geometry":{"type":"LineString","coordinates":[[116.155199,41.754056],[116.138701,41.749932],[116.085084,41.749932],[116.023217,41.741683],[116.010844,41.745807],[115.981973,41.741683],[115.965475,41.741683],[115.907734,41.758181],[115.882987,41.754056],[115.816996,41.708688],[115.784001,41.69219],[115.689139,41.663319],[115.672642,41.65507]]}},{"type":"Feature","properties":{"type":"Unknown","name":null,"min_zoom":7.6,"expressway":0},"geometry":{"type":"LineString","coordinates":[[115.672642,41.65507],[115.635522,41.683941],[115.598402,41.700439],[115.553033,41.72931],[115.511789,41.766429]]}},{"type":"Feature","properties":{"type":"Unknown","name":null,"min_zoom":5,"expressway":0},"geometry":{"type":"LineString","coordinates":[[118.662848,41.910784],[118.617479,41.881913],[118.563861,41.865416],[118.477249,41.848918],[118.452502,41.83242],[118.43188,41.803549],[118.378262,41.704563],[118.345267,41.659194],[118.316396,41.642697]]}},{"type":"Feature","properties":{"type":"Road","name":null,"min_zoom":4,"expressway":0},"geometry":{"type":"LineString","coordinates":[[115.260199,41.886038],[115.260199,41.853042],[115.256075,41.83242],[115.243702,41.811798],[115.198333,41.774678],[115.181835,41.754056],[115.169462,41.725185],[115.165338,41.704563],[115.152964,41.696314],[115.107596,41.675692],[115.045729,41.646821],[115.016858,41.626199],[115.000361,41.601453]]}},{"type":"Feature","properties":{"type":"Unknown","name":null,"min_zoom":5,"expressway":0},"geometry":{"type":"LineString","coordinates":[[118.316396,41.642697],[118.287525,41.626199],[118.221534,41.605577],[118.21741,41.601453]]}},{"type":"Feature","properties":{"type":"Unknown","name":null,"min_zoom":7.6,"expressway":0},"geometry":{"type":"LineString","coordinates":[[115.672642,41.65507],[115.709761,41.609701],[115.738632,41.576706]]}},{"type":"Feature","properties":{"type":"Unknown","name":null,"min_zoom":5,"expressway":0},"geometry":{"type":"LineString","coordinates":[[115.000361,41.601453],[114.992112,41.576706]]}},{"type":"Feature","properties":{"type":"Road","name":null,"min_zoom":4,"expressway":0},"geometry":{"type":"LineString","coordinates":[[117.062572,41.564333],[117.062572,41.601453],[117.058447,41.626199],[117.046074,41.69219],[117.04195,41.712812],[117.050199,41.737558],[117.062572,41.762305],[117.074945,41.778803],[117.099692,41.799425],[117.18218,41.848918],[117.231673,41.873664],[117.264668,41.881913],[117.289415,41.902535],[117.297664,41.910784],[117.314162,41.94378]]}},{"type":"Feature","properties":{"type":"Road","name":null,"min_zoom":3,"expressway":0},"geometry":{"type":"LineString","coordinates":[[114.014624,41.881913],[114.026997,41.844793],[114.059992,41.799425],[114.101237,41.762305],[114.146605,41.737558],[114.171352,41.721061],[114.233218,41.663319],[114.266214,41.634448],[114.315707,41.589079],[114.385822,41.539586]]}},{"type":"Feature","properties":{"type":"Road","name":null,"min_zoom":4,"expressway":0},"geometry":{"type":"LineString","coordinates":[[117.062572,41.564333],[116.988332,41.531337],[116.963586,41.531337],[116.881097,41.527213],[116.8646,41.523089],[116.843977,41.506591],[116.831604,41.47772],[116.819231,41.473595],[116.802733,41.473595],[116.782111,41.485969],[116.749116,41.51484],[116.724369,41.523089],[116.703747,41.51484],[116.679001,41.490093]]}},{"type":"Feature","properties":{"type":"Unknown","name":null,"min_zoom":7.6,"expressway":0},"geometry":{"type":"LineString","coordinates":[[115.672642,41.65507],[115.668517,41.605577],[115.660268,41.589079],[115.639646,41.576706],[115.610775,41.572582],[115.565407,41.556084],[115.548909,41.547835],[115.520038,41.518964],[115.462296,41.465347],[115.445798,41.452973],[115.425176,41.444725],[115.371559,41.444725],[115.322066,41.448849],[115.301444,41.448849],[115.284946,41.436476],[115.28907,41.415854]]}},{"type":"Feature","properties":{"type":"Unknown","name":null,"min_zoom":7.6,"expressway":0},"geometry":{"type":"LineString","coordinates":[[114.600292,41.815923],[114.596167,41.787052],[114.600292,41.72931],[114.592043,41.712812],[114.57967,41.688065],[114.575545,41.667443],[114.57967,41.646821],[114.583794,41.576706],[114.583794,41.539586],[114.57967,41.506591],[114.563172,41.461222],[114.54255,41.424102],[114.530177,41.407605]]}},{"type":"Feature","properties":{"type":"Road","name":null,"min_zoom":3,"expressway":0},"geometry":{"type":"LineString","coordinates":[[114.385822,41.539586],[114.406444,41.527213],[114.427066,41.510715],[114.439439,41.47772],[114.460061,41.457098],[114.488932,41.448849],[114.513679,41.436476],[114.530177,41.407605]]}},{"type":"Feature","properties":{"type":"Road","name":null,"min_zoom":4,"expressway":0},"geometry":{"type":"LineString","coordinates":[[116.633632,41.399356],[116.666627,41.448849],[116.679001,41.490093]]}},{"type":"Feature","properties":{"type":"Road","name":null,"min_zoom":3,"expressway":0},"geometry":{"type":"LineString","coordinates":[[114.530177,41.407605],[114.526052,41.391107],[114.546674,41.345738],[114.550799,41.320992]]}},{"type":"Feature","properties":{"type":"Unknown","name":null,"min_zoom":7.6,"expressway":0},"geometry":{"type":"LineString","coordinates":[[117.792595,41.807674],[117.804968,41.774678],[117.833839,41.733434],[117.837963,41.721061],[117.82559,41.69219],[117.792595,41.683941],[117.784346,41.663319],[117.767848,41.622075],[117.734853,41.576706],[117.722479,41.547835],[117.738977,41.502466],[117.738977,41.47772],[117.734853,41.457098],[117.710106,41.415854],[117.710106,41.40348],[117.714231,41.358112],[117.710106,41.312743],[117.718355,41.304494]]}},{"type":"Feature","properties":{"type":"Unknown","name":null,"min_zoom":7.6,"expressway":0},"geometry":{"type":"LineString","coordinates":[[117.718355,41.304494],[117.672986,41.316867],[117.644115,41.333365],[117.623493,41.349863]]}},{"type":"Feature","properties":{"type":"Unknown","name":null,"min_zoom":5,"expressway":0},"geometry":{"type":"LineString","coordinates":[[118.023562,41.296245],[118.060682,41.370485],[118.068931,41.40348],[118.068931,41.436476],[118.068931,41.457098],[118.068931,41.47772],[118.089553,41.518964],[118.118424,41.556084],[118.14317,41.576706],[118.196788,41.597328],[118.21741,41.601453]]}},{"type":"Feature","properties":{"type":"Road","name":null,"min_zoom":4,"expressway":0},"geometry":{"type":"LineString","coordinates":[[114.992112,41.576706],[114.979739,41.527213],[114.963241,41.498342],[114.950868,41.465347],[114.93437,41.419978],[114.893126,41.320992],[114.872504,41.275623]]}},{"type":"Feature","properties":{"type":"Unknown","name":null,"min_zoom":7.6,"expressway":0},"geometry":{"type":"LineString","coordinates":[[115.28907,41.415854],[115.256075,41.40348],[115.231328,41.382858],[115.210706,41.353987],[115.198333,41.341614],[115.173586,41.345738],[115.152964,41.358112],[115.136467,41.374609],[115.124093,41.370485],[115.016858,41.316867],[114.967365,41.30037],[114.950868,41.287996],[114.889001,41.26325],[114.872504,41.275623]]}},{"type":"Feature","properties":{"type":"Road","name":null,"min_zoom":4,"expressway":0},"geometry":{"type":"LineString","coordinates":[[116.604761,41.255001],[116.608885,41.283872],[116.608885,41.308619],[116.604761,41.33749],[116.604761,41.358112],[116.633632,41.399356]]}},{"type":"Feature","properties":{"type":"Road","name":null,"min_zoom":4,"expressway":0},"geometry":{"type":"LineString","coordinates":[[116.625383,41.230255],[116.604761,41.255001]]}},{"type":"Feature","properties":{"type":"Unknown","name":null,"min_zoom":7.6,"expressway":0},"geometry":{"type":"LineString","coordinates":[[117.623493,41.349863],[117.553378,41.320992],[117.495636,41.316867],[117.462641,41.304494],[117.429645,41.304494],[117.409023,41.296245],[117.388401,41.271499],[117.363655,41.267374],[117.289415,41.283872],[117.264668,41.275623],[117.239922,41.250877],[117.211051,41.222006],[117.206927,41.217881]]}},{"type":"Feature","properties":{"type":"Unknown","name":null,"min_zoom":7.6,"expressway":0},"geometry":{"type":"LineString","coordinates":[[117.206927,41.217881],[117.18218,41.217881],[117.136811,41.217881],[117.112065,41.217881],[117.070821,41.230255],[116.971835,41.287996],[116.942964,41.304494],[116.922341,41.304494],[116.889346,41.308619],[116.8646,41.30037],[116.835729,41.279748],[116.794484,41.267374],[116.773862,41.267374],[116.724369,41.296245],[116.707871,41.292121],[116.670752,41.267374],[116.625383,41.230255]]}},{"type":"Feature","properties":{"type":"Road","name":null,"min_zoom":3,"expressway":0},"geometry":{"type":"LineString","coordinates":[[114.68278,41.168388],[114.678656,41.193135],[114.670407,41.209632],[114.641536,41.250877],[114.608541,41.283872],[114.571421,41.312743],[114.550799,41.320992]]}},{"type":"Feature","properties":{"type":"Road","name":null,"min_zoom":3,"expressway":0},"geometry":{"type":"LineString","coordinates":[[114.699278,41.156015],[114.68278,41.168388]]}},{"type":"Feature","properties":{"type":"Road","name":null,"min_zoom":3,"expressway":0},"geometry":{"type":"LineString","coordinates":[[114.872504,41.275623],[114.856006,41.259126],[114.75702,41.209632],[114.736398,41.193135],[114.711651,41.156015],[114.699278,41.156015]]}},{"type":"Feature","properties":{"type":"Unknown","name":null,"min_zoom":7.6,"expressway":0},"geometry":{"type":"LineString","coordinates":[[115.28907,41.415854],[115.280821,41.382858],[115.28907,41.362236],[115.305568,41.33749],[115.32619,41.316867],[115.346812,41.304494],[115.396305,41.287996],[115.404554,41.275623],[115.416927,41.238503],[115.40043,41.213757],[115.392181,41.197259],[115.404554,41.151891],[115.392181,41.12302],[115.371559,41.0859]]}},{"type":"Feature","properties":{"type":"Unknown","name":null,"min_zoom":7.6,"expressway":0},"geometry":{"type":"LineString","coordinates":[[114.68278,41.168388],[114.64566,41.143642],[114.612665,41.135393],[114.587918,41.139517],[114.571421,41.139517],[114.509554,41.110646],[114.422942,41.081775],[114.394071,41.081775],[114.348702,41.0859],[114.196098,41.12302],[114.167227,41.127144],[114.125983,41.114771],[114.097112,41.098273],[114.080615,41.094149],[114.043495,41.102397],[113.994002,41.094149]]}},{"type":"Feature","properties":{"type":"Unknown","name":null,"min_zoom":5,"expressway":0},"geometry":{"type":"LineString","coordinates":[[117.969945,41.036407],[117.969945,41.057029],[117.961696,41.0859],[117.945198,41.106522],[117.953447,41.127144],[117.953447,41.172513],[117.957571,41.184886],[117.982318,41.209632],[117.998816,41.238503],[118.023562,41.296245]]}},{"type":"Feature","properties":{"type":"Major Highway","name":null,"min_zoom":3,"expressway":1},"geometry":{"type":"LineString","coordinates":[[114.732273,41.028158],[114.728149,41.04878],[114.711651,41.143642],[114.699278,41.156015]]}},{"type":"Feature","properties":{"type":"Unknown","name":null,"min_zoom":7.6,"expressway":0},"geometry":{"type":"LineString","coordinates":[[116.604761,41.255001],[116.580014,41.267374],[116.547019,41.271499],[116.489277,41.279748],[116.423286,41.296245],[116.390291,41.304494],[116.349047,41.30037],[116.332549,41.296245],[116.332549,41.267374],[116.311927,41.250877],[116.291305,41.246752],[116.241812,41.246752],[116.225314,41.238503],[116.217065,41.222006],[116.212941,41.205508],[116.192319,41.18901],[116.167572,41.180761],[116.151074,41.139517],[116.130452,41.131268],[116.10983,41.131268],[116.076835,41.118895],[116.064462,41.0859],[116.068586,41.015785],[116.064462,40.991038]]}},{"type":"Feature","properties":{"type":"Major Highway","name":null,"min_zoom":5,"expressway":1},"geometry":{"type":"LineString","coordinates":[[117.837963,40.970416],[117.870959,40.97454],[117.903954,40.970416],[117.912203,41.003411],[117.936949,41.019909],[117.961696,41.028158],[117.969945,41.036407]]}},{"type":"Feature","properties":{"type":"Unknown","name":null,"min_zoom":7.6,"expressway":0},"geometry":{"type":"LineString","coordinates":[[117.837963,40.970416],[117.837963,41.01166],[117.829714,41.032282],[117.804968,41.090024],[117.780221,41.12302],[117.776097,41.151891],[117.784346,41.184886],[117.796719,41.209632],[117.821465,41.242628],[117.82559,41.250877],[117.804968,41.259126],[117.792595,41.279748],[117.767848,41.292121],[117.718355,41.304494]]}},{"type":"Feature","properties":{"type":"Unknown","name":null,"min_zoom":7.6,"expressway":0},"geometry":{"type":"LineString","coordinates":[[117.400774,40.962167],[117.380152,41.003411],[117.355406,41.052904],[117.351281,41.073527],[117.347157,41.090024],[117.32241,41.118895],[117.297664,41.156015],[117.268793,41.184886],[117.244046,41.201384],[117.206927,41.217881]]}},{"type":"Feature","properties":{"type":"Unknown","name":null,"min_zoom":5,"expressway":0},"geometry":{"type":"LineString","coordinates":[[117.969945,41.036407],[118.00294,41.007536],[118.015313,40.999287],[118.044184,40.995162],[118.097802,41.028158],[118.110175,41.028158],[118.134922,41.015785],[118.151419,41.015785],[118.172041,41.032282],[118.200912,41.032282],[118.225659,41.015785],[118.246281,40.986914],[118.25453,40.962167],[118.266903,40.958043],[118.295774,40.958043],[118.320521,40.966292],[118.370014,40.995162],[118.415382,41.01166],[118.50612,41.028158],[118.530866,41.028158],[118.563861,41.024033],[118.613355,41.01166],[118.675221,40.999287],[118.68347,40.999287]]}},{"type":"Feature","properties":{"type":"Unknown","name":null,"min_zoom":7.6,"expressway":0},"geometry":{"type":"LineString","coordinates":[[115.371559,41.0859],[115.317941,41.061153],[115.305568,41.052904],[115.28907,41.032282],[115.28907,40.995162],[115.280821,40.970416],[115.268448,40.953918]]}},{"type":"Feature","properties":{"type":"Major Highway","name":null,"min_zoom":5,"expressway":1},"geometry":{"type":"LineString","coordinates":[[117.400774,40.962167],[117.466765,40.962167],[117.53688,40.958043],[117.602871,40.945669],[117.631742,40.941545],[117.714231,40.937421]]}},{"type":"Feature","properties":{"type":"Major Highway","name":null,"min_zoom":5,"expressway":1},"geometry":{"type":"LineString","coordinates":[[117.714231,40.937421],[117.759599,40.929172],[117.780221,40.941545],[117.829714,40.966292],[117.837963,40.970416]]}},{"type":"Feature","properties":{"type":"Major Highway","name":null,"min_zoom":5,"expressway":1},"geometry":{"type":"LineString","coordinates":[[117.25642,40.896176],[117.289415,40.90855],[117.330659,40.925047],[117.351281,40.949794],[117.380152,40.962167],[117.400774,40.962167]]}},{"type":"Feature","properties":{"type":"Unknown","name":null,"min_zoom":7.6,"expressway":0},"geometry":{"type":"LineString","coordinates":[[115.738632,41.576706],[115.75513,41.556084],[115.763379,41.527213],[115.775752,41.510715],[115.784001,41.47772],[115.788125,41.436476],[115.784001,41.391107],[115.771628,41.374609],[115.75513,41.36636],[115.71801,41.36636],[115.709761,41.349863],[115.713886,41.292121],[115.713886,41.255001],[115.71801,41.22613],[115.734508,41.160139],[115.738632,41.127144],[115.738632,41.052904],[115.746881,41.015785],[115.775752,40.945669],[115.804623,40.887928],[115.808747,40.883803]]}},{"type":"Feature","properties":{"type":"Unknown","name":null,"min_zoom":7.6,"expressway":0},"geometry":{"type":"LineString","coordinates":[[115.9696,40.875554],[115.977849,40.896176],[115.977849,40.925047],[115.994346,40.933296],[116.035591,40.933296],[116.047964,40.937421],[116.064462,40.991038]]}},{"type":"Feature","properties":{"type":"Unknown","name":null,"min_zoom":7.6,"expressway":0},"geometry":{"type":"LineString","coordinates":[[115.808747,40.883803],[115.849992,40.859057],[115.858241,40.850808]]}},{"type":"Feature","properties":{"type":"Unknown","name":null,"min_zoom":7.6,"expressway":0},"geometry":{"type":"LineString","coordinates":[[115.268448,40.953918],[115.214831,40.925047],[115.177711,40.892052],[115.165338,40.883803],[115.136467,40.900301],[115.119969,40.892052],[115.091098,40.863181],[115.078725,40.854932],[115.041605,40.859057],[115.000361,40.879679],[114.959116,40.892052],[114.93437,40.892052],[114.917872,40.883803],[114.893126,40.867305],[114.884877,40.846683],[114.864255,40.830186]]}},{"type":"Feature","properties":{"type":"Major Highway","name":null,"min_zoom":3,"expressway":1},"geometry":{"type":"LineString","coordinates":[[114.732273,41.028158],[114.781766,40.97454],[114.790015,40.945669],[114.79414,40.904425],[114.798264,40.892052],[114.814762,40.875554],[114.847757,40.854932],[114.864255,40.830186]]}},{"type":"Feature","properties":{"type":"Unknown","name":null,"min_zoom":7.7,"expressway":0},"geometry":{"type":"LineString","coordinates":[[114.75702,40.854932],[114.75702,40.854932],[114.806513,40.846683],[114.864255,40.830186]]}},{"type":"Feature","properties":{"type":"Unknown","name":null,"min_zoom":7.6,"expressway":0},"geometry":{"type":"LineString","coordinates":[[117.25642,40.896176],[117.231673,40.892052],[117.18218,40.887928],[117.120314,40.892052],[117.070821,40.904425],[117.050199,40.900301],[117.017203,40.887928],[116.975959,40.892052],[116.926466,40.900301],[116.889346,40.900301],[116.8646,40.896176],[116.839853,40.879679],[116.794484,40.842559],[116.769738,40.821937]]}},{"type":"Feature","properties":{"type":"Road","name":null,"min_zoom":4,"expressway":0},"geometry":{"type":"LineString","coordinates":[[116.625383,41.230255],[116.608885,41.197259],[116.617134,41.176637],[116.596512,41.147766],[116.600637,41.127144],[116.625383,41.061153],[116.625383,41.019909],[116.61301,40.933296],[116.617134,40.896176],[116.625383,40.879679],[116.637756,40.863181],[116.666627,40.846683],[116.711996,40.846683],[116.769738,40.821937]]}},{"type":"Feature","properties":{"type":"Unknown","name":null,"min_zoom":7.6,"expressway":0},"geometry":{"type":"LineString","coordinates":[[115.858241,40.850808],[115.911858,40.821937],[115.924231,40.817812],[115.940729,40.826061],[115.957227,40.846683],[115.9696,40.875554]]}},{"type":"Feature","properties":{"type":"Unknown","name":null,"min_zoom":7.6,"expressway":0},"geometry":{"type":"LineString","coordinates":[[115.858241,40.850808],[115.825245,40.846683],[115.771628,40.859057],[115.726259,40.854932],[115.697388,40.842559],[115.672642,40.821937],[115.664393,40.801315],[115.656144,40.793066]]}},{"type":"Feature","properties":{"type":"Major Highway","name":null,"min_zoom":3,"expressway":1},"geometry":{"type":"LineString","coordinates":[[114.889001,40.788941],[114.864255,40.830186]]}},{"type":"Feature","properties":{"type":"Road","name":null,"min_zoom":4,"expressway":0},"geometry":{"type":"LineString","coordinates":[[116.769738,40.821937],[116.782111,40.805439],[116.761489,40.784817],[116.666627,40.743573],[116.658378,40.739448]]}},{"type":"Feature","properties":{"type":"Major Highway","name":null,"min_zoom":5,"expressway":1},"geometry":{"type":"LineString","coordinates":[[114.711651,40.722951],[114.748771,40.718826],[114.814762,40.731199],[114.856006,40.747697],[114.872504,40.764195],[114.889001,40.788941]]}},{"type":"Feature","properties":{"type":"Unknown","name":null,"min_zoom":7.6,"expressway":0},"geometry":{"type":"LineString","coordinates":[[115.9696,40.875554],[116.04384,40.867305],[116.068586,40.859057],[116.085084,40.846683],[116.089208,40.83431],[116.080959,40.788941],[116.089208,40.747697],[116.089208,40.702329],[116.097457,40.689955]]}},{"type":"Feature","properties":{"type":"Major Highway","name":null,"min_zoom":5,"expressway":1},"geometry":{"type":"LineString","coordinates":[[114.711651,40.722951],[114.68278,40.731199],[114.653909,40.722951],[114.612665,40.698204],[114.534301,40.681706],[114.509554,40.681706],[114.480683,40.698204],[114.46831,40.698204],[114.455937,40.69408],[114.427066,40.661084],[114.418817,40.65696]]}},{"type":"Feature","properties":{"type":"Major Highway","name":null,"min_zoom":5,"expressway":1},"geometry":{"type":"LineString","coordinates":[[114.418817,40.65696],[114.340453,40.652835],[114.286836,40.665209],[114.257965,40.661084],[114.220845,40.65696],[114.191974,40.65696],[114.179601,40.661084],[114.167227,40.669333],[114.125983,40.731199],[114.105361,40.751822],[114.080615,40.76007],[114.022873,40.776568],[113.965131,40.79719],[113.928011,40.813688],[113.903264,40.830186],[113.895016,40.842559],[113.890891,40.859057]]}},{"type":"Feature","properties":{"type":"Unknown","name":null,"min_zoom":7.6,"expressway":0},"geometry":{"type":"LineString","coordinates":[[116.097457,40.689955],[116.118079,40.665209],[116.122204,40.652835]]}},{"type":"Feature","properties":{"type":"Unknown","name":null,"min_zoom":7.6,"expressway":0},"geometry":{"type":"LineString","coordinates":[[116.122204,40.652835],[116.138701,40.65696],[116.167572,40.685831],[116.241812,40.681706],[116.274807,40.669333],[116.303678,40.673458],[116.3243,40.685831],[116.365544,40.69408],[116.439784,40.698204],[116.481028,40.702329],[116.50165,40.702329],[116.526397,40.689955],[116.542895,40.685831],[116.567641,40.673458],[116.580014,40.673458],[116.596512,40.689955],[116.621259,40.731199],[116.641881,40.739448],[116.658378,40.739448]]}},{"type":"Feature","properties":{"type":"Unknown","name":null,"min_zoom":7.6,"expressway":0},"geometry":{"type":"LineString","coordinates":[[115.656144,40.793066],[115.623148,40.784817],[115.594277,40.776568],[115.561282,40.76007],[115.536536,40.755946],[115.487043,40.714702],[115.441674,40.685831],[115.412803,40.681706],[115.371559,40.689955],[115.342688,40.685831],[115.276697,40.652835],[115.190084,40.615716],[115.161213,40.607467],[115.115845,40.603342],[115.070476,40.599218]]}},{"type":"Feature","properties":{"type":"Major Highway","name":null,"min_zoom":3,"expressway":1},"geometry":{"type":"LineString","coordinates":[[115.070476,40.599218],[115.045729,40.61984],[114.979739,40.65696],[114.938494,40.665209],[114.930246,40.702329],[114.917872,40.735324],[114.905499,40.755946],[114.889001,40.788941]]}},{"type":"Feature","properties":{"type":"Road","name":null,"min_zoom":4,"expressway":0},"geometry":{"type":"LineString","coordinates":[[116.658378,40.739448],[116.646005,40.714702],[116.646005,40.698204],[116.654254,40.648711],[116.654254,40.611591],[116.658378,40.599218]]}},{"type":"Feature","properties":{"type":"Major Highway","name":null,"min_zoom":5,"expressway":1},"geometry":{"type":"LineString","coordinates":[[117.140936,40.578596],[117.136811,40.648711],[117.165682,40.689955],[117.169807,40.706453],[117.178056,40.747697],[117.186304,40.76007],[117.206927,40.784817],[117.235798,40.809563],[117.260544,40.838434],[117.252295,40.859057],[117.252295,40.879679],[117.25642,40.896176]]}},{"type":"Feature","properties":{"type":"Unknown","name":null,"min_zoom":7,"expressway":0},"geometry":{"type":"LineString","coordinates":[[114.530177,40.524978],[114.546674,40.533227],[114.575545,40.549725],[114.633287,40.578596],[114.678656,40.611591],[114.691029,40.644587],[114.707527,40.710577],[114.711651,40.722951]]}},{"type":"Feature","properties":{"type":"Unknown","name":null,"min_zoom":7.6,"expressway":0},"geometry":{"type":"LineString","coordinates":[[114.418817,40.65696],[114.418817,40.628089],[114.422942,40.603342],[114.439439,40.58272],[114.464186,40.570347],[114.50543,40.557974],[114.526052,40.533227],[114.530177,40.524978]]}},{"type":"Feature","properties":{"type":"Major Highway","name":null,"min_zoom":3,"expressway":1},"geometry":{"type":"LineString","coordinates":[[115.280821,40.487859],[115.260199,40.496107],[115.218955,40.47961],[115.206582,40.47961],[115.194209,40.487859],[115.18596,40.508481],[115.157089,40.529103],[115.082849,40.586845],[115.070476,40.599218]]}},{"type":"Feature","properties":{"type":"Unknown","name":null,"min_zoom":7.6,"expressway":0},"geometry":{"type":"LineString","coordinates":[[116.122204,40.652835],[116.118079,40.61984],[116.093333,40.570347],[116.068586,40.553849],[116.047964,40.520854],[116.002595,40.47961]]}},{"type":"Feature","properties":{"type":"Unknown","name":null,"min_zoom":7,"expressway":0},"geometry":{"type":"LineString","coordinates":[[114.451813,40.458988],[114.460061,40.471361],[114.521928,40.51673],[114.530177,40.524978]]}},{"type":"Feature","properties":{"type":"Major Highway","name":null,"min_zoom":3,"expressway":1},"geometry":{"type":"LineString","coordinates":[[115.511789,40.413619],[115.454047,40.446614],[115.425176,40.454863],[115.334439,40.454863],[115.309692,40.467236],[115.280821,40.487859]]}},{"type":"Feature","properties":{"type":"Unknown","name":null,"min_zoom":7,"expressway":0},"geometry":{"type":"LineString","coordinates":[[114.064117,40.413619],[114.097112,40.409495],[114.109485,40.413619],[114.15073,40.421868],[114.175476,40.430117],[114.204347,40.425992],[114.245591,40.421868],[114.299209,40.413619],[114.332204,40.413619],[114.373449,40.421868],[114.418817,40.438365],[114.451813,40.458988]]}},{"type":"Feature","properties":{"type":"Unknown","name":null,"min_zoom":6,"expressway":0},"geometry":{"type":"LineString","coordinates":[[118.534991,40.434241],[118.514368,40.44249],[118.489622,40.425992],[118.460751,40.421868],[118.448378,40.401246],[118.419507,40.40537],[118.407133,40.409495]]}},{"type":"Feature","properties":{"type":"Unknown","name":null,"min_zoom":6,"expressway":0},"geometry":{"type":"LineString","coordinates":[[117.479138,40.401246],[117.446143,40.401246]]}},{"type":"Feature","properties":{"type":"Major Highway","name":null,"min_zoom":5,"expressway":1},"geometry":{"type":"LineString","coordinates":[[116.852226,40.36825],[116.914093,40.388872],[116.971835,40.417743],[117.000705,40.438365],[117.033701,40.47961],[117.074945,40.504356],[117.116189,40.537352],[117.132687,40.553849],[117.140936,40.578596]]}},{"type":"Feature","properties":{"type":"Unknown","name":null,"min_zoom":7.6,"expressway":0},"geometry":{"type":"LineString","coordinates":[[118.04006,40.384748],[117.998816,40.372375],[117.941074,40.360001],[117.908078,40.355877]]}},{"type":"Feature","properties":{"type":"Unknown","name":null,"min_zoom":6,"expressway":0},"geometry":{"type":"LineString","coordinates":[[117.908078,40.355877],[117.821465,40.364126],[117.75135,40.364126],[117.701857,40.376499],[117.660613,40.384748],[117.594622,40.388872],[117.524507,40.401246],[117.479138,40.401246]]}},{"type":"Feature","properties":{"type":"Unknown","name":null,"min_zoom":6,"expressway":0},"geometry":{"type":"LineString","coordinates":[[116.002595,40.47961],[116.002595,40.500232],[115.977849,40.520854],[115.944853,40.524978],[115.911858,40.51673],[115.858241,40.491983],[115.816996,40.463112],[115.775752,40.430117],[115.730383,40.380624],[115.709761,40.364126],[115.693264,40.355877]]}},{"type":"Feature","properties":{"type":"Unknown","name":null,"min_zoom":6,"expressway":0},"geometry":{"type":"LineString","coordinates":[[116.852226,40.36825],[116.872848,40.364126],[116.897595,40.355877],[116.955337,40.360001],[116.971835,40.351753]]}},{"type":"Feature","properties":{"type":"Unknown","name":null,"min_zoom":7.6,"expressway":0},"geometry":{"type":"LineString","coordinates":[[115.280821,40.487859],[115.268448,40.471361],[115.243702,40.44249],[115.210706,40.40537],[115.206582,40.380624],[115.202457,40.351753]]}},{"type":"Feature","properties":{"type":"Unknown","name":null,"min_zoom":6,"expressway":0},"geometry":{"type":"LineString","coordinates":[[116.971835,40.351753],[117.00483,40.343504],[117.029576,40.351753],[117.083194,40.376499],[117.14506,40.40537],[117.178056,40.413619],[117.211051,40.409495],[117.244046,40.401246],[117.25642,40.392997],[117.272917,40.388872],[117.314162,40.401246],[117.338908,40.40537],[117.39665,40.40537],[117.446143,40.401246]]}},{"type":"Feature","properties":{"type":"Unknown","name":null,"min_zoom":6,"expressway":0},"geometry":{"type":"LineString","coordinates":[[115.973724,40.327006],[115.961351,40.351753],[115.961351,40.372375],[115.965475,40.392997],[115.977849,40.425992],[115.998471,40.467236],[116.002595,40.47961]]}},{"type":"Feature","properties":{"type":"Unknown","name":null,"min_zoom":6,"expressway":0},"geometry":{"type":"LineString","coordinates":[[118.407133,40.409495],[118.398885,40.388872],[118.378262,40.372375],[118.304023,40.339379],[118.250405,40.310508],[118.233908,40.298135]]}},{"type":"Feature","properties":{"type":"Unknown","name":null,"min_zoom":7.6,"expressway":0},"geometry":{"type":"LineString","coordinates":[[118.04006,40.384748],[118.068931,40.388872],[118.118424,40.392997],[118.14317,40.392997],[118.172041,40.397121],[118.196788,40.413619],[118.205037,40.380624],[118.200912,40.335255],[118.205037,40.318757],[118.213286,40.306384],[118.233908,40.298135]]}},{"type":"Feature","properties":{"type":"Major Highway","name":null,"min_zoom":5,"expressway":1},"geometry":{"type":"LineString","coordinates":[[116.852226,40.36825],[116.852226,40.355877],[116.823355,40.339379],[116.769738,40.327006],[116.740867,40.322882],[116.683125,40.322882],[116.658378,40.310508],[116.637756,40.289886]]}},{"type":"Feature","properties":{"type":"Road","name":null,"min_zoom":4,"expressway":0},"geometry":{"type":"LineString","coordinates":[[116.658378,40.599218],[116.674876,40.566223],[116.674876,40.533227],[116.662503,40.483734],[116.658378,40.454863],[116.662503,40.434241],[116.674876,40.40537],[116.679001,40.384748],[116.670752,40.364126],[116.654254,40.343504],[116.637756,40.289886]]}},{"type":"Feature","properties":{"type":"Major Highway","name":null,"min_zoom":4,"expressway":1},"geometry":{"type":"LineString","coordinates":[[116.637756,40.289886],[116.629507,40.26514]]}},{"type":"Feature","properties":{"type":"Unknown","name":null,"min_zoom":7.7,"expressway":0},"geometry":{"type":"LineString","coordinates":[[116.596512,40.273389],[116.629507,40.26514]]}},{"type":"Feature","properties":{"type":"Major Highway","name":null,"min_zoom":5,"expressway":1},"geometry":{"type":"LineString","coordinates":[[115.070476,40.599218],[115.041605,40.595094],[115.025107,40.58272],[115.000361,40.549725],[114.954992,40.491983],[114.930246,40.475485],[114.901375,40.47961],[114.86013,40.475485],[114.847757,40.471361],[114.835384,40.450739],[114.814762,40.392997],[114.806513,40.376499],[114.773517,40.343504],[114.691029,40.310508],[114.662158,40.289886],[114.637412,40.269264],[114.620914,40.252766]]}},{"type":"Feature","properties":{"type":"Unknown","name":null,"min_zoom":7.6,"expressway":0},"geometry":{"type":"LineString","coordinates":[[114.620914,40.252766],[114.620914,40.277513],[114.616789,40.310508],[114.608541,40.331131],[114.587918,40.413619],[114.571421,40.434241],[114.54255,40.44249],[114.501306,40.450739],[114.451813,40.458988]]}},{"type":"Feature","properties":{"type":"Unknown","name":null,"min_zoom":7,"expressway":0},"geometry":{"type":"LineString","coordinates":[[117.00483,40.248642],[116.988332,40.256891],[116.988332,40.269264],[116.971835,40.298135],[116.959461,40.322882],[116.971835,40.351753]]}},{"type":"Feature","properties":{"type":"Major Highway","name":null,"min_zoom":5,"expressway":1},"geometry":{"type":"LineString","coordinates":[[114.620914,40.252766],[114.600292,40.240393]]}},{"type":"Feature","properties":{"type":"Major Highway","name":null,"min_zoom":3,"expressway":1},"geometry":{"type":"LineString","coordinates":[[116.097457,40.232144],[116.064462,40.273389],[116.039715,40.294011],[116.019093,40.306384],[115.973724,40.327006]]}},{"type":"Feature","properties":{"type":"Major Highway","name":null,"min_zoom":4,"expressway":1},"geometry":{"type":"LineString","coordinates":[[116.629507,40.26514],[116.625383,40.232144],[116.621259,40.219771]]}},{"type":"Feature","properties":{"type":"Major Highway","name":null,"min_zoom":3,"expressway":1},"geometry":{"type":"LineString","coordinates":[[116.204692,40.215647],[116.101581,40.232144],[116.097457,40.232144]]}},{"type":"Feature","properties":{"type":"Unknown","name":null,"min_zoom":6,"expressway":0},"geometry":{"type":"LineString","coordinates":[[118.233908,40.298135],[118.242157,40.281637],[118.242157,40.26514],[118.238032,40.236269],[118.213286,40.219771],[118.167917,40.215647]]}},{"type":"Feature","properties":{"type":"Unknown","name":null,"min_zoom":7.6,"expressway":0},"geometry":{"type":"LineString","coordinates":[[114.625038,40.1909],[114.612665,40.211522],[114.600292,40.240393]]}},{"type":"Feature","properties":{"type":"Unknown","name":null,"min_zoom":6,"expressway":0},"geometry":{"type":"LineString","coordinates":[[117.945198,40.186776],[117.953447,40.215647],[117.953447,40.236269],[117.949323,40.269264],[117.9287,40.289886],[117.908078,40.310508],[117.903954,40.331131],[117.908078,40.355877]]}},{"type":"Feature","properties":{"type":"Unknown","name":null,"min_zoom":6,"expressway":0},"geometry":{"type":"LineString","coordinates":[[117.945198,40.186776],[118.00294,40.182651],[118.044184,40.182651],[118.093677,40.1909],[118.134922,40.211522],[118.167917,40.215647]]}},{"type":"Feature","properties":{"type":"Unknown","name":null,"min_zoom":7.6,"expressway":0},"geometry":{"type":"LineString","coordinates":[[115.202457,40.327006],[115.194209,40.322882],[115.169462,40.30226],[115.14884,40.281637],[115.132342,40.244518],[115.132342,40.211522],[115.140591,40.178527]]}},{"type":"Feature","properties":{"type":"Unknown","name":null,"min_zoom":7.7,"expressway":0},"geometry":{"type":"LineString","coordinates":[[116.596512,40.273389],[116.555268,40.240393],[116.497526,40.215647],[116.460406,40.207398],[116.443908,40.211522],[116.415038,40.219771],[116.373793,40.207398],[116.316051,40.186776],[116.274807,40.178527],[116.250061,40.182651]]}},{"type":"Feature","properties":{"type":"Unknown","name":null,"min_zoom":7.6,"expressway":0},"geometry":{"type":"LineString","coordinates":[[117.446143,40.401246],[117.43377,40.380624],[117.413148,40.314633],[117.413148,40.256891],[117.417272,40.232144],[117.417272,40.195025],[117.413148,40.174402],[117.392526,40.149656]]}},{"type":"Feature","properties":{"type":"Unknown","name":null,"min_zoom":7,"expressway":0},"geometry":{"type":"LineString","coordinates":[[118.167917,40.215647],[118.209161,40.199149],[118.258654,40.178527],[118.279276,40.166154],[118.295774,40.145532]]}},{"type":"Feature","properties":{"type":"Unknown","name":null,"min_zoom":7.6,"expressway":0},"geometry":{"type":"LineString","coordinates":[[117.099692,40.133158],[117.202802,40.149656],[117.285291,40.170278],[117.392526,40.149656]]}},{"type":"Feature","properties":{"type":"Unknown","name":null,"min_zoom":7,"expressway":0},"geometry":{"type":"LineString","coordinates":[[117.00483,40.248642],[117.021328,40.277513],[117.037825,40.289886],[117.058447,40.285762],[117.058447,40.277513],[117.04195,40.244518],[117.025452,40.223896],[117.025452,40.211522],[117.037825,40.1909],[117.099692,40.137283],[117.099692,40.133158]]}},{"type":"Feature","properties":{"type":"Unknown","name":null,"min_zoom":7.7,"expressway":0},"geometry":{"type":"LineString","coordinates":[[115.874738,40.133158],[115.891236,40.170278],[115.924231,40.195025],[115.957227,40.215647],[115.973724,40.219771],[116.014969,40.215647],[116.089208,40.211522]]}},{"type":"Feature","properties":{"type":"Major Highway","name":null,"min_zoom":4,"expressway":1},"geometry":{"type":"LineString","coordinates":[[116.621259,40.219771],[116.61301,40.203273],[116.608885,40.170278],[116.617134,40.133158]]}},{"type":"Feature","properties":{"type":"Unknown","name":null,"min_zoom":7.6,"expressway":0},"geometry":{"type":"LineString","coordinates":[[116.992457,40.129034],[117.099692,40.133158]]}},{"type":"Feature","properties":{"type":"Unknown","name":null,"min_zoom":7.6,"expressway":0},"geometry":{"type":"LineString","coordinates":[[116.617134,40.133158],[116.670752,40.124909],[116.761489,40.137283],[116.823355,40.137283],[116.914093,40.149656],[116.926466,40.145532],[116.992457,40.129034]]}},{"type":"Feature","properties":{"type":"Unknown","name":null,"min_zoom":6,"expressway":0},"geometry":{"type":"LineString","coordinates":[[117.945198,40.124909],[117.936949,40.157905],[117.945198,40.186776]]}},{"type":"Feature","properties":{"type":"Unknown","name":null,"min_zoom":7.6,"expressway":0},"geometry":{"type":"LineString","coordinates":[[118.295774,40.145532],[118.308147,40.120785]]}},{"type":"Feature","properties":{"type":"Unknown","name":null,"min_zoom":7,"expressway":0},"geometry":{"type":"LineString","coordinates":[[115.140591,40.178527],[115.14884,40.170278],[115.190084,40.157905],[115.206582,40.129034],[115.235453,40.120785],[115.260199,40.124909],[115.276697,40.133158]]}},{"type":"Feature","properties":{"type":"Major Highway","name":null,"min_zoom":6,"expressway":1},"geometry":{"type":"LineString","coordinates":[[116.617134,40.133158],[116.551143,40.149656],[116.542895,40.15378],[116.522272,40.174402],[116.497526,40.178527],[116.460406,40.178527],[116.39854,40.174402],[116.344922,40.178527],[116.320176,40.166154],[116.28718,40.137283],[116.274807,40.120785]]}},{"type":"Feature","properties":{"type":"Major Highway","name":null,"min_zoom":3,"expressway":1},"geometry":{"type":"LineString","coordinates":[[116.274807,40.120785],[116.258309,40.149656],[116.237687,40.1909],[116.229439,40.203273],[116.204692,40.215647]]}},{"type":"Feature","properties":{"type":"Unknown","name":null,"min_zoom":7.7,"expressway":0},"geometry":{"type":"LineString","coordinates":[[115.874738,40.133158],[115.854116,40.124909],[115.825245,40.100163]]}},{"type":"Feature","properties":{"type":"Major Highway","name":null,"min_zoom":5,"expressway":1},"geometry":{"type":"LineString","coordinates":[[114.600292,40.240393],[114.571421,40.232144],[114.513679,40.199149],[114.443564,40.170278],[114.402319,40.162029],[114.32808,40.157905],[114.295084,40.15378],[114.25384,40.145532],[114.200223,40.116661],[114.158979,40.100163]]}},{"type":"Feature","properties":{"type":"Unknown","name":null,"min_zoom":7.6,"expressway":0},"geometry":{"type":"LineString","coordinates":[[114.064117,40.413619],[114.068241,40.401246],[114.072366,40.347628],[114.080615,40.327006],[114.092988,40.30226],[114.092988,40.281637],[114.072366,40.232144],[114.043495,40.215647],[114.043495,40.207398],[114.051744,40.195025],[114.059992,40.174402],[114.068241,40.162029],[114.105361,40.133158],[114.142481,40.112536],[114.158979,40.100163]]}},{"type":"Feature","properties":{"type":"Unknown","name":null,"min_zoom":7.6,"expressway":0},"geometry":{"type":"LineString","coordinates":[[117.945198,40.124909],[117.9287,40.112536],[117.883332,40.091914]]}},{"type":"Feature","properties":{"type":"Unknown","name":null,"min_zoom":7,"expressway":0},"geometry":{"type":"LineString","coordinates":[[113.276352,40.091914],[113.301099,40.100163],[113.383587,40.124909],[113.424831,40.137283],[113.54444,40.186776],[113.598057,40.199149],[113.631053,40.211522],[113.655799,40.232144],[113.68467,40.261015],[113.701168,40.285762],[113.725914,40.331131],[113.738287,40.339379],[113.779532,40.347628],[113.808403,40.360001],[113.89914,40.392997],[113.93626,40.401246],[114.014624,40.417743],[114.064117,40.413619]]}},{"type":"Feature","properties":{"type":"Unknown","name":null,"min_zoom":7,"expressway":0},"geometry":{"type":"LineString","coordinates":[[117.099692,40.133158],[117.10794,40.116661],[117.103816,40.104287],[117.079069,40.071292]]}},{"type":"Feature","properties":{"type":"Unknown","name":null,"min_zoom":7,"expressway":0},"geometry":{"type":"LineString","coordinates":[[118.295774,40.145532],[118.316396,40.15378],[118.345267,40.170278],[118.370014,40.195025],[118.39476,40.199149],[118.419507,40.178527],[118.43188,40.174402],[118.567986,40.157905],[118.617479,40.149656],[118.658723,40.133158],[118.695843,40.112536],[118.708216,40.091914],[118.712341,40.067167]]}},{"type":"Feature","properties":{"type":"Unknown","name":null,"min_zoom":6,"expressway":0},"geometry":{"type":"LineString","coordinates":[[118.007064,40.063043],[117.945198,40.124909]]}},{"type":"Feature","properties":{"type":"Unknown","name":null,"min_zoom":7.6,"expressway":0},"geometry":{"type":"LineString","coordinates":[[117.388401,40.038297],[117.446143,40.058919],[117.495636,40.071292],[117.53688,40.083665],[117.561627,40.083665],[117.615244,40.083665],[117.639991,40.08779],[117.672986,40.096038],[117.730728,40.116661],[117.920452,40.182651],[117.945198,40.186776]]}},{"type":"Feature","properties":{"type":"Unknown","name":null,"min_zoom":7.6,"expressway":0},"geometry":{"type":"LineString","coordinates":[[117.392526,40.149656],[117.39665,40.129034],[117.392526,40.116661],[117.371903,40.100163],[117.371903,40.075416],[117.388401,40.038297]]}},{"type":"Feature","properties":{"type":"Unknown","name":null,"min_zoom":7.7,"expressway":0},"geometry":{"type":"LineString","coordinates":[[115.825245,40.100163],[115.82937,40.091914],[115.837618,40.058919],[115.858241,40.025923]]}},{"type":"Feature","properties":{"type":"Major Highway","name":null,"min_zoom":3,"expressway":1},"geometry":{"type":"LineString","coordinates":[[116.328425,40.021799],[116.307803,40.063043],[116.274807,40.120785]]}},{"type":"Feature","properties":{"type":"Major Highway","name":null,"min_zoom":5,"expressway":1},"geometry":{"type":"LineString","coordinates":[[114.158979,40.100163],[114.109485,40.079541],[114.055868,40.05067],[114.026997,40.042421],[114.006375,40.042421],[113.977504,40.034172],[113.948633,40.021799],[113.932135,40.017674]]}},{"type":"Feature","properties":{"type":"Unknown","name":null,"min_zoom":7.6,"expressway":0},"geometry":{"type":"LineString","coordinates":[[114.158979,40.100163],[114.204347,40.071292],[114.224969,40.046545],[114.245591,40.01355]]}},{"type":"Feature","properties":{"type":"Road","name":null,"min_zoom":4,"expressway":0},"geometry":{"type":"LineString","coordinates":[[115.858241,40.025923],[115.845867,40.017674],[115.816996,40.021799],[115.784001,40.005301]]}},{"type":"Feature","properties":{"type":"Unknown","name":null,"min_zoom":7,"expressway":0},"geometry":{"type":"LineString","coordinates":[[117.079069,40.071292],[117.070821,40.05067],[117.070821,40.030048],[117.074945,39.984679]]}},{"type":"Feature","properties":{"type":"Unknown","name":null,"min_zoom":7,"expressway":0},"geometry":{"type":"LineString","coordinates":[[115.276697,40.133158],[115.301444,40.149656],[115.317941,40.145532],[115.346812,40.133158],[115.375683,40.133158],[115.383932,40.120785],[115.375683,40.075416],[115.375683,40.05067],[115.383932,39.997052],[115.388056,39.972306]]}},{"type":"Feature","properties":{"type":"Major Highway","name":null,"min_zoom":3,"expressway":1},"geometry":{"type":"LineString","coordinates":[[116.353171,39.968181],[116.344922,39.988803],[116.328425,40.021799]]}},{"type":"Feature","properties":{"type":"Road","name":null,"min_zoom":4,"expressway":0},"geometry":{"type":"LineString","coordinates":[[116.07271,39.968181],[116.064462,40.001177],[116.052088,40.001177],[116.039715,39.97643],[116.031466,39.980555],[116.014969,40.001177],[115.998471,40.001177],[115.973724,39.992928],[115.957227,39.992928],[115.920107,40.025923],[115.907734,40.025923],[115.878863,40.021799],[115.866489,40.030048],[115.858241,40.025923]]}},{"type":"Feature","properties":{"type":"Unknown","name":null,"min_zoom":5,"expressway":0},"geometry":{"type":"LineString","coordinates":[[117.074945,39.984679],[116.934715,39.964057]]}},{"type":"Feature","properties":{"type":"Unknown","name":null,"min_zoom":7.6,"expressway":0},"geometry":{"type":"LineString","coordinates":[[117.244046,39.959933],[117.25642,39.97643],[117.297664,40.001177],[117.334784,40.021799],[117.388401,40.038297]]}},{"type":"Feature","properties":{"type":"Unknown","name":null,"min_zoom":5,"expressway":0},"geometry":{"type":"LineString","coordinates":[[117.244046,39.959933],[117.202802,39.964057],[117.178056,39.97643],[117.153309,39.988803],[117.120314,39.988803],[117.074945,39.984679]]}},{"type":"Feature","properties":{"type":"Unknown","name":null,"min_zoom":7.6,"expressway":0},"geometry":{"type":"LineString","coordinates":[[117.388401,40.038297],[117.404899,40.001177],[117.404899,39.959933]]}},{"type":"Feature","properties":{"type":"Unknown","name":null,"min_zoom":5,"expressway":0},"geometry":{"type":"LineString","coordinates":[[117.404899,39.959933],[117.367779,39.964057],[117.244046,39.959933]]}},{"type":"Feature","properties":{"type":"Major Highway","name":null,"min_zoom":4,"expressway":1},"geometry":{"type":"LineString","coordinates":[[116.617134,40.133158],[116.604761,40.112536],[116.567641,40.083665],[116.559392,40.075416],[116.559392,40.042421],[116.555268,40.034172],[116.497526,40.009426],[116.468655,39.984679],[116.443908,39.955808]]}},{"type":"Feature","properties":{"type":"Major Highway","name":null,"min_zoom":7.6,"expressway":1},"geometry":{"type":"LineString","coordinates":[[116.353171,39.968181],[116.394415,39.968181],[116.423286,39.964057],[116.443908,39.955808]]}},{"type":"Feature","properties":{"type":"Unknown","name":null,"min_zoom":7,"expressway":0},"geometry":{"type":"LineString","coordinates":[[115.140591,40.178527],[115.132342,40.133158],[115.119969,40.112536],[115.086974,40.08779],[115.070476,40.054794],[115.053978,40.05067],[115.012734,40.054794],[114.987987,40.046545],[114.959116,40.025923],[114.913748,40.017674],[114.884877,40.009426],[114.827135,39.997052],[114.814762,39.992928],[114.75702,39.951684]]}},{"type":"Feature","properties":{"type":"Unknown","name":null,"min_zoom":7.6,"expressway":0},"geometry":{"type":"LineString","coordinates":[[114.75702,39.951684],[114.752895,39.992928],[114.748771,40.034172],[114.740522,40.054794],[114.711651,40.096038],[114.670407,40.141407],[114.641536,40.170278],[114.625038,40.1909]]}},{"type":"Feature","properties":{"type":"Unknown","name":null,"min_zoom":5,"expressway":0},"geometry":{"type":"LineString","coordinates":[[116.934715,39.964057],[116.885222,39.955808],[116.831604,39.947559],[116.711996,39.93931],[116.65013,39.931062]]}},{"type":"Feature","properties":{"type":"Major Highway","name":null,"min_zoom":6,"expressway":1},"geometry":{"type":"LineString","coordinates":[[116.617134,40.133158],[116.641881,40.112536],[116.654254,40.083665],[116.674876,40.038297],[116.674876,40.021799],[116.658378,40.001177],[116.662503,39.972306],[116.658378,39.947559],[116.65013,39.931062]]}},{"type":"Feature","properties":{"type":"Unknown","name":null,"min_zoom":5,"expressway":0},"geometry":{"type":"LineString","coordinates":[[116.65013,39.931062],[116.629507,39.926937]]}},{"type":"Feature","properties":{"type":"Road","name":null,"min_zoom":4,"expressway":0},"geometry":{"type":"LineString","coordinates":[[116.151074,39.918688],[116.113955,39.943435],[116.076835,39.959933],[116.07271,39.968181]]}},{"type":"Feature","properties":{"type":"Unknown","name":null,"min_zoom":7.6,"expressway":0},"geometry":{"type":"LineString","coordinates":[[116.28718,39.914564],[116.291305,39.951684],[116.307803,39.968181],[116.353171,39.968181]]}},{"type":"Feature","properties":{"type":"Major Highway","name":null,"min_zoom":4,"expressway":1},"geometry":{"type":"LineString","coordinates":[[116.28718,39.914564],[116.22119,39.918688],[116.151074,39.918688]]}},{"type":"Feature","properties":{"type":"Unknown","name":null,"min_zoom":5,"expressway":0},"geometry":{"type":"LineString","coordinates":[[116.629507,39.926937],[116.567641,39.914564]]}},{"type":"Feature","properties":{"type":"Road","name":null,"min_zoom":4,"expressway":0},"geometry":{"type":"LineString","coordinates":[[115.784001,40.005301],[115.722135,39.97643],[115.639646,39.959933],[115.606651,39.943435],[115.561282,39.918688],[115.548909,39.914564]]}},{"type":"Feature","properties":{"type":"Unknown","name":null,"min_zoom":6,"expressway":0},"geometry":{"type":"LineString","coordinates":[[115.548909,39.914564],[115.528287,39.931062],[115.478794,39.955808],[115.425176,39.972306],[115.388056,39.972306]]}},{"type":"Feature","properties":{"type":"Unknown","name":null,"min_zoom":6,"expressway":0},"geometry":{"type":"LineString","coordinates":[[114.748771,39.910439],[114.75702,39.951684]]}},{"type":"Feature","properties":{"type":"Major Highway","name":null,"min_zoom":3,"expressway":1},"geometry":{"type":"LineString","coordinates":[[116.369669,39.906315],[116.369669,39.918688],[116.353171,39.968181]]}},{"type":"Feature","properties":{"type":"Road","name":null,"min_zoom":4,"expressway":0},"geometry":{"type":"LineString","coordinates":[[116.369669,39.906315],[116.28718,39.914564]]}},{"type":"Feature","properties":{"type":"Unknown","name":null,"min_zoom":7.6,"expressway":0},"geometry":{"type":"LineString","coordinates":[[116.443908,39.955808],[116.452157,39.947559],[116.456282,39.906315]]}},{"type":"Feature","properties":{"type":"Unknown","name":null,"min_zoom":5,"expressway":0},"geometry":{"type":"LineString","coordinates":[[116.567641,39.914564],[116.542895,39.910439],[116.456282,39.906315]]}},{"type":"Feature","properties":{"type":"Road","name":null,"min_zoom":4,"expressway":0},"geometry":{"type":"LineString","coordinates":[[116.443908,39.955808],[116.423286,39.935186],[116.386167,39.906315]]}},{"type":"Feature","properties":{"type":"Road","name":null,"min_zoom":3,"expressway":0},"geometry":{"type":"LineString","coordinates":[[116.386167,39.906315],[116.369669,39.906315]]}},{"type":"Feature","properties":{"type":"Major Highway","name":null,"min_zoom":3,"expressway":1},"geometry":{"type":"LineString","coordinates":[[116.456282,39.906315],[116.415038,39.906315],[116.386167,39.906315]]}},{"type":"Feature","properties":{"type":"Major Highway","name":null,"min_zoom":3,"expressway":1},"geometry":{"type":"LineString","coordinates":[[116.283056,39.889817],[116.303678,39.893942],[116.369669,39.906315]]}},{"type":"Feature","properties":{"type":"Unknown","name":null,"min_zoom":7.6,"expressway":0},"geometry":{"type":"LineString","coordinates":[[116.567641,39.914564],[116.604761,39.906315],[116.65013,39.885693]]}},{"type":"Feature","properties":{"type":"Unknown","name":null,"min_zoom":7.6,"expressway":0},"geometry":{"type":"LineString","coordinates":[[117.883332,40.091914],[117.866834,40.054794],[117.833839,40.001177],[117.82559,39.959933],[117.821465,39.947559],[117.780221,39.922813],[117.759599,39.889817],[117.734853,39.877444]]}},{"type":"Feature","properties":{"type":"Unknown","name":null,"min_zoom":5,"expressway":0},"geometry":{"type":"LineString","coordinates":[[117.734853,39.877444],[117.677111,39.893942],[117.602871,39.902191],[117.574,39.910439],[117.541005,39.922813],[117.499761,39.943435],[117.450267,39.955808],[117.404899,39.959933]]}},{"type":"Feature","properties":{"type":"Unknown","name":null,"min_zoom":7.6,"expressway":0},"geometry":{"type":"LineString","coordinates":[[116.07271,39.968181],[116.07271,39.935186],[116.056213,39.877444]]}},{"type":"Feature","properties":{"type":"Unknown","name":null,"min_zoom":7,"expressway":0},"geometry":{"type":"LineString","coordinates":[[117.074945,39.984679],[117.079069,39.955808],[117.079069,39.910439],[117.070821,39.889817],[117.062572,39.881568],[117.021328,39.881568],[116.992457,39.877444],[116.971835,39.87332]]}},{"type":"Feature","properties":{"type":"Unknown","name":null,"min_zoom":7.6,"expressway":0},"geometry":{"type":"LineString","coordinates":[[114.245591,40.01355],[114.270338,39.988803],[114.274462,39.972306],[114.295084,39.955808],[114.323955,39.93931],[114.344578,39.922813],[114.361075,39.906315],[114.373449,39.869195],[114.381697,39.860946]]}},{"type":"Feature","properties":{"type":"Unknown","name":null,"min_zoom":6,"expressway":0},"geometry":{"type":"LineString","coordinates":[[116.456282,39.906315],[116.456282,39.860946]]}},{"type":"Feature","properties":{"type":"Major Highway","name":null,"min_zoom":3,"expressway":1},"geometry":{"type":"LineString","coordinates":[[116.456282,39.860946],[116.415038,39.893942],[116.386167,39.906315]]}},{"type":"Feature","properties":{"type":"Major Highway","name":null,"min_zoom":6,"expressway":1},"geometry":{"type":"LineString","coordinates":[[116.336673,39.852698],[116.353171,39.893942],[116.369669,39.906315]]}},{"type":"Feature","properties":{"type":"Unknown","name":null,"min_zoom":6,"expressway":0},"geometry":{"type":"LineString","coordinates":[[116.336673,39.852698],[116.28718,39.856822],[116.278932,39.869195],[116.283056,39.889817]]}},{"type":"Feature","properties":{"type":"Unknown","name":null,"min_zoom":7.6,"expressway":0},"geometry":{"type":"LineString","coordinates":[[116.456282,39.860946],[116.448033,39.852698],[116.402664,39.848573],[116.336673,39.852698]]}},{"type":"Feature","properties":{"type":"Major Highway","name":null,"min_zoom":3,"expressway":1},"geometry":{"type":"LineString","coordinates":[[116.192319,39.844449],[116.196443,39.848573],[116.270683,39.885693],[116.283056,39.889817]]}},{"type":"Feature","properties":{"type":"Unknown","name":null,"min_zoom":7.6,"expressway":0},"geometry":{"type":"LineString","coordinates":[[116.056213,39.877444],[116.056213,39.860946],[116.068586,39.856822],[116.093333,39.848573],[116.122204,39.848573],[116.175821,39.848573],[116.192319,39.844449]]}},{"type":"Feature","properties":{"type":"Unknown","name":null,"min_zoom":7,"expressway":0},"geometry":{"type":"LineString","coordinates":[[114.567296,39.827951],[114.54255,39.844449],[114.501306,39.840324],[114.488932,39.848573],[114.435315,39.860946],[114.385822,39.865071],[114.381697,39.860946]]}},{"type":"Feature","properties":{"type":"Unknown","name":null,"min_zoom":7,"expressway":0},"geometry":{"type":"LineString","coordinates":[[114.748771,39.910439],[114.732273,39.906315],[114.662158,39.860946],[114.592043,39.827951],[114.57967,39.823827],[114.567296,39.827951]]}},{"type":"Feature","properties":{"type":"Unknown","name":null,"min_zoom":7.7,"expressway":0},"geometry":{"type":"LineString","coordinates":[[116.056213,39.877444],[116.039715,39.877444],[115.994346,39.869195],[115.973724,39.852698],[115.961351,39.8362],[115.940729,39.815578]]}},{"type":"Feature","properties":{"type":"Major Highway","name":null,"min_zoom":3,"expressway":1},"geometry":{"type":"LineString","coordinates":[[116.50165,39.811453],[116.456282,39.860946]]}},{"type":"Feature","properties":{"type":"Unknown","name":null,"min_zoom":7.7,"expressway":0},"geometry":{"type":"LineString","coordinates":[[116.50165,39.811453],[116.448033,39.803204],[116.382042,39.79908]]}},{"type":"Feature","properties":{"type":"Major Highway","name":null,"min_zoom":6,"expressway":1},"geometry":{"type":"LineString","coordinates":[[116.3243,39.79908],[116.336673,39.852698]]}},{"type":"Feature","properties":{"type":"Road","name":null,"min_zoom":4,"expressway":0},"geometry":{"type":"LineString","coordinates":[[115.548909,39.914564],[115.532411,39.910439],[115.495291,39.914564],[115.482918,39.910439],[115.445798,39.865071],[115.40043,39.815578],[115.392181,39.79908]]}},{"type":"Feature","properties":{"type":"Unknown","name":null,"min_zoom":7.7,"expressway":0},"geometry":{"type":"LineString","coordinates":[[116.382042,39.79908],[116.344922,39.794956],[116.3243,39.79908]]}},{"type":"Feature","properties":{"type":"Unknown","name":null,"min_zoom":6,"expressway":0},"geometry":{"type":"LineString","coordinates":[[118.126673,39.794956],[118.126673,39.811453],[118.110175,39.840324],[118.093677,39.856822],[118.056558,39.877444],[118.04006,39.885693],[118.031811,39.922813],[118.011189,39.947559],[118.00294,39.980555],[118.011189,40.025923],[118.011189,40.046545],[118.007064,40.063043]]}},{"type":"Feature","properties":{"type":"Unknown","name":null,"min_zoom":5,"expressway":0},"geometry":{"type":"LineString","coordinates":[[118.126673,39.794956],[118.081304,39.832075],[118.056558,39.844449],[118.019438,39.852698],[117.936949,39.856822],[117.895705,39.865071],[117.866834,39.865071],[117.734853,39.877444]]}},{"type":"Feature","properties":{"type":"Unknown","name":null,"min_zoom":7.6,"expressway":0},"geometry":{"type":"LineString","coordinates":[[117.404899,39.959933],[117.409023,39.931062],[117.404899,39.922813],[117.380152,39.906315],[117.380152,39.881568],[117.400774,39.860946],[117.413148,39.832075],[117.413148,39.807329],[117.404899,39.790831]]}},{"type":"Feature","properties":{"type":"Unknown","name":null,"min_zoom":7.7,"expressway":0},"geometry":{"type":"LineString","coordinates":[[118.126673,39.794956],[118.147295,39.794956],[118.172041,39.786707],[118.229783,39.778458],[118.258654,39.782582],[118.275152,39.786707],[118.320521,39.815578],[118.370014,39.8362],[118.419507,39.8362],[118.456627,39.8362],[118.501995,39.840324],[118.580359,39.852698],[118.64635,39.856822]]}},{"type":"Feature","properties":{"type":"Unknown","name":null,"min_zoom":7.6,"expressway":0},"geometry":{"type":"LineString","coordinates":[[116.65013,39.885693],[116.695498,39.869195],[116.744991,39.840324],[116.757365,39.827951],[116.769738,39.803204],[116.773862,39.770209]]}},{"type":"Feature","properties":{"type":"Major Highway","name":null,"min_zoom":6,"expressway":1},"geometry":{"type":"LineString","coordinates":[[116.65013,39.885693],[116.621259,39.856822],[116.608885,39.848573],[116.567641,39.811453],[116.542895,39.770209]]}},{"type":"Feature","properties":{"type":"Major Highway","name":null,"min_zoom":3,"expressway":1},"geometry":{"type":"LineString","coordinates":[[116.542895,39.770209],[116.50165,39.811453]]}},{"type":"Feature","properties":{"type":"Unknown","name":null,"min_zoom":5,"expressway":0},"geometry":{"type":"LineString","coordinates":[[115.392181,39.79908],[115.396305,39.770209]]}},{"type":"Feature","properties":{"type":"Unknown","name":null,"min_zoom":7,"expressway":0},"geometry":{"type":"LineString","coordinates":[[116.971835,39.87332],[116.980083,39.848573],[116.963586,39.807329],[116.959461,39.778458],[116.96771,39.753711]]}},{"type":"Feature","properties":{"type":"Unknown","name":null,"min_zoom":7,"expressway":0},"geometry":{"type":"LineString","coordinates":[[114.266214,39.753711],[114.220845,39.76196],[114.138356,39.753711],[114.07649,39.749587],[114.051744,39.757836],[114.014624,39.782582],[113.985753,39.786707],[113.961006,39.790831]]}},{"type":"Feature","properties":{"type":"Major Highway","name":null,"min_zoom":3,"expressway":1},"geometry":{"type":"LineString","coordinates":[[116.126328,39.741338],[116.14695,39.770209],[116.167572,39.807329],[116.179945,39.832075],[116.192319,39.844449]]}},{"type":"Feature","properties":{"type":"Unknown","name":null,"min_zoom":7,"expressway":0},"geometry":{"type":"LineString","coordinates":[[114.381697,39.860946],[114.381697,39.8362],[114.402319,39.815578],[114.422942,39.782582],[114.3652,39.757836],[114.332204,39.745463],[114.319831,39.741338],[114.29096,39.745463],[114.266214,39.753711]]}},{"type":"Feature","properties":{"type":"Major Highway","name":null,"min_zoom":6,"expressway":1},"geometry":{"type":"LineString","coordinates":[[116.542895,39.770209],[116.530521,39.757836],[116.443908,39.728965]]}},{"type":"Feature","properties":{"type":"Unknown","name":null,"min_zoom":7.7,"expressway":0},"geometry":{"type":"LineString","coordinates":[[115.940729,39.815578],[115.911858,39.815578],[115.882987,39.823827],[115.866489,39.811453],[115.849992,39.811453],[115.833494,39.823827],[115.800499,39.815578],[115.784001,39.79908],[115.746881,39.745463],[115.726259,39.72484],[115.701512,39.716592],[115.664393,39.72484],[115.635522,39.733089],[115.598402,39.753711],[115.565407,39.782582],[115.54066,39.782582],[115.511789,39.770209],[115.499416,39.766085],[115.478794,39.774334],[115.449923,39.770209],[115.425176,39.757836],[115.412803,39.757836],[115.396305,39.770209]]}},{"type":"Feature","properties":{"type":"Road","name":null,"min_zoom":3,"expressway":0},"geometry":{"type":"LineString","coordinates":[[116.105706,39.712467],[116.126328,39.741338]]}},{"type":"Feature","properties":{"type":"Unknown","name":null,"min_zoom":7.6,"expressway":0},"geometry":{"type":"LineString","coordinates":[[116.105706,39.712467],[116.076835,39.720716],[116.04384,39.720716]]}},{"type":"Feature","properties":{"type":"Major Highway","name":null,"min_zoom":3,"expressway":1},"geometry":{"type":"LineString","coordinates":[[118.708216,39.728965],[118.675221,39.728965],[118.592732,39.728965],[118.543239,39.72484],[118.464875,39.712467],[118.440129,39.712467]]}},{"type":"Feature","properties":{"type":"Unknown","name":null,"min_zoom":7.6,"expressway":0},"geometry":{"type":"LineString","coordinates":[[117.404899,39.790831],[117.380152,39.770209],[117.334784,39.741338],[117.310037,39.72484],[117.297664,39.712467]]}},{"type":"Feature","properties":{"type":"Major Highway","name":null,"min_zoom":3,"expressway":1},"geometry":{"type":"LineString","coordinates":[[117.297664,39.712467],[117.239922,39.728965],[117.169807,39.757836],[117.140936,39.766085],[117.091443,39.766085],[116.96771,39.753711]]}},{"type":"Feature","properties":{"type":"Major Highway","name":null,"min_zoom":6,"expressway":1},"geometry":{"type":"LineString","coordinates":[[116.443908,39.728965],[116.390291,39.720716],[116.349047,39.720716],[116.3243,39.708343]]}},{"type":"Feature","properties":{"type":"Major Highway","name":null,"min_zoom":6,"expressway":1},"geometry":{"type":"LineString","coordinates":[[116.3243,39.708343],[116.320176,39.778458],[116.3243,39.79908]]}},{"type":"Feature","properties":{"type":"Unknown","name":null,"min_zoom":7.6,"expressway":0},"geometry":{"type":"LineString","coordinates":[[116.04384,39.720716],[116.00672,39.708343]]}},{"type":"Feature","properties":{"type":"Major Highway","name":null,"min_zoom":6,"expressway":1},"geometry":{"type":"LineString","coordinates":[[116.3243,39.708343],[116.291305,39.700094],[116.254185,39.700094],[116.204692,39.704218],[116.188194,39.708343],[116.138701,39.733089],[116.126328,39.741338]]}},{"type":"Feature","properties":{"type":"Unknown","name":null,"min_zoom":7.6,"expressway":0},"geometry":{"type":"LineString","coordinates":[[117.734853,39.877444],[117.726604,39.832075],[117.714231,39.794956],[117.660613,39.679472],[117.710106,39.671223],[117.747226,39.671223],[117.784346,39.662974]]}},{"type":"Feature","properties":{"type":"Road","name":null,"min_zoom":4,"expressway":0},"geometry":{"type":"LineString","coordinates":[[115.396305,39.770209],[115.396305,39.753711],[115.383932,39.733089],[115.359185,39.728965],[115.334439,39.700094],[115.293195,39.662974],[115.280821,39.65885]]}},{"type":"Feature","properties":{"type":"Major Highway","name":null,"min_zoom":3,"expressway":1},"geometry":{"type":"LineString","coordinates":[[116.674876,39.634103],[116.588263,39.72484],[116.559392,39.757836],[116.542895,39.770209]]}},{"type":"Feature","properties":{"type":"Unknown","name":null,"min_zoom":7.6,"expressway":0},"geometry":{"type":"LineString","coordinates":[[116.773862,39.770209],[116.777987,39.700094],[116.769738,39.65885],[116.761489,39.638228],[116.744991,39.634103],[116.695498,39.634103],[116.674876,39.634103]]}},{"type":"Feature","properties":{"type":"Unknown","name":null,"min_zoom":7.6,"expressway":0},"geometry":{"type":"LineString","coordinates":[[117.784346,39.662974],[117.850336,39.650601],[117.895705,39.634103],[117.924576,39.629979],[117.96582,39.629979],[117.978194,39.634103]]}},{"type":"Feature","properties":{"type":"Major Highway","name":null,"min_zoom":3,"expressway":1},"geometry":{"type":"LineString","coordinates":[[116.105706,39.712467],[116.07271,39.675347],[116.047964,39.646476],[116.002595,39.609357]]}},{"type":"Feature","properties":{"type":"Major Highway","name":null,"min_zoom":3,"expressway":1},"geometry":{"type":"LineString","coordinates":[[116.707871,39.605232],[116.674876,39.634103]]}},{"type":"Feature","properties":{"type":"Major Highway","name":null,"min_zoom":3,"expressway":1},"geometry":{"type":"LineString","coordinates":[[118.440129,39.712467],[118.386511,39.712467],[118.345267,39.704218],[118.29165,39.683596],[118.279276,39.650601],[118.262779,39.634103],[118.209161,39.605232],[118.188539,39.592859]]}},{"type":"Feature","properties":{"type":"Major Highway","name":null,"min_zoom":3,"expressway":1},"geometry":{"type":"LineString","coordinates":[[118.188539,39.592859],[118.18029,39.613481],[118.159668,39.667099],[118.147295,39.700094],[118.139046,39.749587]]}},{"type":"Feature","properties":{"type":"Unknown","name":null,"min_zoom":7.6,"expressway":0},"geometry":{"type":"LineString","coordinates":[[118.188539,39.592859],[118.172041,39.592859],[118.151419,39.605232],[118.110175,39.617605],[118.044184,39.625854],[117.978194,39.634103]]}},{"type":"Feature","properties":{"type":"Unknown","name":null,"min_zoom":7.6,"expressway":0},"geometry":{"type":"LineString","coordinates":[[116.00672,39.708343],[115.961351,39.691845],[115.920107,39.683596],[115.882987,39.667099],[115.833494,39.650601],[115.775752,39.613481],[115.75513,39.601108],[115.685015,39.580486],[115.676766,39.576361]]}},{"type":"Feature","properties":{"type":"Unknown","name":null,"min_zoom":7.6,"expressway":0},"geometry":{"type":"LineString","coordinates":[[114.752895,39.559864],[114.765269,39.58461],[114.75702,39.605232],[114.740522,39.634103],[114.736398,39.654725],[114.75702,39.671223],[114.79414,39.679472],[114.810637,39.687721],[114.818886,39.700094],[114.810637,39.737214],[114.810637,39.770209],[114.802388,39.786707],[114.761144,39.832075],[114.748771,39.869195],[114.748771,39.910439]]}},{"type":"Feature","properties":{"type":"Major Highway","name":null,"min_zoom":3,"expressway":1},"geometry":{"type":"LineString","coordinates":[[116.002595,39.609357],[115.981973,39.588735],[115.957227,39.551615]]}},{"type":"Feature","properties":{"type":"Unknown","name":null,"min_zoom":7.7,"expressway":0},"geometry":{"type":"LineString","coordinates":[[115.891236,39.555739],[115.849992,39.555739],[115.759254,39.543366],[115.701512,39.559864],[115.676766,39.576361]]}},{"type":"Feature","properties":{"type":"Major Highway","name":null,"min_zoom":3,"expressway":1},"geometry":{"type":"LineString","coordinates":[[116.856351,39.518619],[116.802733,39.543366],[116.749116,39.576361],[116.707871,39.605232]]}},{"type":"Feature","properties":{"type":"Unknown","name":null,"min_zoom":7,"expressway":0},"geometry":{"type":"LineString","coordinates":[[117.297664,39.712467],[117.260544,39.654725],[117.227549,39.596983],[117.178056,39.518619]]}},{"type":"Feature","properties":{"type":"Major Highway","name":null,"min_zoom":4,"expressway":1},"geometry":{"type":"LineString","coordinates":[[118.188539,39.592859],[118.167917,39.576361],[118.139046,39.543366],[118.126673,39.535117],[118.085429,39.51037]]}},{"type":"Feature","properties":{"type":"Unknown","name":null,"min_zoom":7.6,"expressway":0},"geometry":{"type":"LineString","coordinates":[[116.679001,39.51037],[116.679001,39.518619],[116.679001,39.563988],[116.674876,39.609357]]}},{"type":"Feature","properties":{"type":"Unknown","name":null,"min_zoom":7.6,"expressway":0},"geometry":{"type":"LineString","coordinates":[[116.679001,39.51037],[116.666627,39.530993],[116.617134,39.559864],[116.571766,39.58461],[116.551143,39.596983],[116.472779,39.625854],[116.427411,39.650601],[116.410913,39.667099],[116.377918,39.683596],[116.365544,39.687721],[116.336673,39.708343],[116.3243,39.708343]]}},{"type":"Feature","properties":{"type":"Unknown","name":null,"min_zoom":5,"expressway":0},"geometry":{"type":"LineString","coordinates":[[116.856351,39.518619],[116.82748,39.518619],[116.749116,39.51037],[116.679001,39.51037]]}},{"type":"Feature","properties":{"type":"Major Highway","name":null,"min_zoom":3,"expressway":1},"geometry":{"type":"LineString","coordinates":[[115.957227,39.551615],[115.940729,39.518619],[115.940729,39.493873]]}},{"type":"Feature","properties":{"type":"Major Highway","name":null,"min_zoom":3,"expressway":1},"geometry":{"type":"LineString","coordinates":[[117.000705,39.448504],[116.963586,39.460877],[116.93059,39.477375],[116.89347,39.497997],[116.856351,39.518619]]}},{"type":"Feature","properties":{"type":"Unknown","name":null,"min_zoom":7.6,"expressway":0},"geometry":{"type":"LineString","coordinates":[[114.241467,39.44438],[114.262089,39.465002],[114.266214,39.485624],[114.257965,39.530993],[114.266214,39.58461],[114.257965,39.646476],[114.241467,39.700094],[114.245591,39.720716],[114.266214,39.753711]]}},{"type":"Feature","properties":{"type":"Road","name":null,"min_zoom":4,"expressway":0},"geometry":{"type":"LineString","coordinates":[[115.280821,39.65885],[115.239577,39.629979],[115.223079,39.601108],[115.198333,39.572237],[115.173586,39.535117],[115.161213,39.477375],[115.14884,39.44438],[115.136467,39.436131]]}},{"type":"Feature","properties":{"type":"Major Highway","name":null,"min_zoom":3,"expressway":1},"geometry":{"type":"LineString","coordinates":[[117.050199,39.432006],[117.000705,39.448504]]}},{"type":"Feature","properties":{"type":"Unknown","name":null,"min_zoom":6,"expressway":0},"geometry":{"type":"LineString","coordinates":[[116.291305,39.427882],[116.291305,39.448504],[116.299554,39.497997],[116.320176,39.601108],[116.328425,39.695969],[116.3243,39.708343]]}},{"type":"Feature","properties":{"type":"Unknown","name":null,"min_zoom":7.6,"expressway":0},"geometry":{"type":"LineString","coordinates":[[115.940729,39.493873],[115.986098,39.493873],[116.056213,39.489748],[116.126328,39.477375],[116.233563,39.448504],[116.291305,39.427882]]}},{"type":"Feature","properties":{"type":"Unknown","name":null,"min_zoom":7,"expressway":0},"geometry":{"type":"LineString","coordinates":[[117.091443,39.415509],[117.091443,39.440255],[117.087318,39.4815],[117.091443,39.493873],[117.103816,39.502122],[117.178056,39.518619]]}},{"type":"Feature","properties":{"type":"Major Highway","name":null,"min_zoom":3,"expressway":1},"geometry":{"type":"LineString","coordinates":[[117.091443,39.415509],[117.050199,39.432006]]}},{"type":"Feature","properties":{"type":"Unknown","name":null,"min_zoom":5,"expressway":0},"geometry":{"type":"LineString","coordinates":[[114.241467,39.44438],[114.204347,39.452629],[114.175476,39.44438],[114.138356,39.419633],[114.109485,39.415509],[114.072366,39.427882],[114.043495,39.415509],[114.018748,39.415509],[113.97338,39.411384],[113.961006,39.411384],[113.907389,39.432006]]}},{"type":"Feature","properties":{"type":"Unknown","name":null,"min_zoom":7.6,"expressway":0},"geometry":{"type":"LineString","coordinates":[[118.662848,39.497997],[118.617479,39.489748],[118.588608,39.477375],[118.543239,39.452629],[118.497871,39.436131],[118.39476,39.415509],[118.345267,39.399011]]}},{"type":"Feature","properties":{"type":"Unknown","name":null,"min_zoom":7.6,"expressway":0},"geometry":{"type":"LineString","coordinates":[[118.345267,39.399011],[118.328769,39.419633],[118.29165,39.44438],[118.246281,39.456753],[118.221534,39.469126],[118.200912,39.489748],[118.184415,39.522744],[118.18029,39.568112],[118.188539,39.592859]]}},{"type":"Feature","properties":{"type":"Road","name":null,"min_zoom":4,"expressway":0},"geometry":{"type":"LineString","coordinates":[[115.136467,39.436131],[115.099347,39.423758],[115.041605,39.419633],[114.979739,39.415509],[114.876628,39.399011]]}},{"type":"Feature","properties":{"type":"Unknown","name":null,"min_zoom":7.6,"expressway":0},"geometry":{"type":"LineString","coordinates":[[118.345267,39.382513],[118.345267,39.399011]]}},{"type":"Feature","properties":{"type":"Unknown","name":null,"min_zoom":7.6,"expressway":0},"geometry":{"type":"LineString","coordinates":[[117.062572,39.378389],[117.083194,39.382513],[117.091443,39.394887],[117.091443,39.415509]]}},{"type":"Feature","properties":{"type":"Unknown","name":null,"min_zoom":7.7,"expressway":0},"geometry":{"type":"LineString","coordinates":[[117.062572,39.378389],[117.062572,39.403136],[117.050199,39.432006]]}},{"type":"Feature","properties":{"type":"Unknown","name":null,"min_zoom":7.6,"expressway":0},"geometry":{"type":"LineString","coordinates":[[117.062572,39.378389],[117.033701,39.382513],[117.00483,39.378389],[116.984208,39.366016]]}},{"type":"Feature","properties":{"type":"Unknown","name":null,"min_zoom":6,"expressway":0},"geometry":{"type":"LineString","coordinates":[[116.299554,39.366016],[116.295429,39.386638],[116.291305,39.427882]]}},{"type":"Feature","properties":{"type":"Major Highway","name":null,"min_zoom":3,"expressway":1},"geometry":{"type":"LineString","coordinates":[[117.149185,39.361891],[117.128563,39.386638],[117.10794,39.40726],[117.091443,39.415509]]}},{"type":"Feature","properties":{"type":"Road","name":null,"min_zoom":4,"expressway":0},"geometry":{"type":"LineString","coordinates":[[114.876628,39.399011],[114.810637,39.382513],[114.781766,39.37014],[114.732273,39.357767]]}},{"type":"Feature","properties":{"type":"Unknown","name":null,"min_zoom":7.6,"expressway":0},"geometry":{"type":"LineString","coordinates":[[114.732273,39.357767],[114.732273,39.366016],[114.752895,39.403136],[114.761144,39.432006],[114.769393,39.465002],[114.765269,39.518619],[114.752895,39.54749],[114.752895,39.559864]]}},{"type":"Feature","properties":{"type":"Major Highway","name":null,"min_zoom":3,"expressway":1},"geometry":{"type":"LineString","coordinates":[[115.940729,39.493873],[115.957227,39.460877],[115.944853,39.432006],[115.887111,39.353642]]}},{"type":"Feature","properties":{"type":"Unknown","name":null,"min_zoom":7.6,"expressway":0},"geometry":{"type":"LineString","coordinates":[[116.984208,39.366016],[116.971835,39.353642],[116.942964,39.341269],[116.901719,39.345394],[116.881097,39.349518]]}},{"type":"Feature","properties":{"type":"Road","name":null,"min_zoom":4,"expressway":0},"geometry":{"type":"LineString","coordinates":[[114.732273,39.357767],[114.695153,39.349518],[114.670407,39.341269]]}},{"type":"Feature","properties":{"type":"Unknown","name":null,"min_zoom":7,"expressway":0},"geometry":{"type":"LineString","coordinates":[[118.456627,39.341269],[118.440129,39.361891],[118.427756,39.37014],[118.386511,39.37014],[118.345267,39.382513]]}},{"type":"Feature","properties":{"type":"Unknown","name":null,"min_zoom":7.6,"expressway":0},"geometry":{"type":"LineString","coordinates":[[115.676766,39.576361],[115.664393,39.568112],[115.660268,39.54749],[115.672642,39.522744],[115.668517,39.506246],[115.652019,39.489748],[115.602526,39.469126],[115.544784,39.432006],[115.515913,39.403136],[115.507665,39.378389],[115.499416,39.341269]]}},{"type":"Feature","properties":{"type":"Road","name":null,"min_zoom":4,"expressway":0},"geometry":{"type":"LineString","coordinates":[[115.499416,39.341269],[115.470545,39.341269],[115.454047,39.357767]]}},{"type":"Feature","properties":{"type":"Road","name":null,"min_zoom":4,"expressway":0},"geometry":{"type":"LineString","coordinates":[[115.532411,39.337145],[115.499416,39.341269]]}},{"type":"Feature","properties":{"type":"Road","name":null,"min_zoom":4,"expressway":0},"geometry":{"type":"LineString","coordinates":[[115.887111,39.353642],[115.79225,39.386638],[115.722135,39.394887],[115.689139,39.390762],[115.656144,39.390762],[115.627273,39.378389],[115.594277,39.341269],[115.581904,39.337145],[115.532411,39.337145]]}},{"type":"Feature","properties":{"type":"Major Highway","name":null,"min_zoom":3,"expressway":1},"geometry":{"type":"LineString","coordinates":[[118.085429,39.51037],[118.064806,39.493873],[118.015313,39.436131],[117.945198,39.382513],[117.903954,39.353642],[117.875083,39.341269],[117.829714,39.328896]]}},{"type":"Feature","properties":{"type":"Road","name":null,"min_zoom":4,"expressway":0},"geometry":{"type":"LineString","coordinates":[[115.194209,39.316523],[115.169462,39.345394],[115.165338,39.394887],[115.157089,39.415509],[115.136467,39.436131]]}},{"type":"Feature","properties":{"type":"Unknown","name":null,"min_zoom":7,"expressway":0},"geometry":{"type":"LineString","coordinates":[[116.679001,39.51037],[116.588263,39.506246],[116.571766,39.502122],[116.551143,39.485624],[116.53877,39.460877],[116.530521,39.440255],[116.518148,39.419633],[116.493402,39.390762],[116.485153,39.366016],[116.489277,39.316523]]}},{"type":"Feature","properties":{"type":"Unknown","name":null,"min_zoom":7.6,"expressway":0},"geometry":{"type":"LineString","coordinates":[[116.489277,39.316523],[116.431535,39.324771],[116.349047,39.353642],[116.299554,39.366016]]}},{"type":"Feature","properties":{"type":"Road","name":null,"min_zoom":4,"expressway":0},"geometry":{"type":"LineString","coordinates":[[115.454047,39.357767],[115.441674,39.366016],[115.416927,39.374265],[115.392181,39.378389],[115.355061,39.361891],[115.322066,39.337145],[115.272573,39.337145],[115.218955,39.316523],[115.194209,39.316523]]}},{"type":"Feature","properties":{"type":"Major Highway","name":null,"min_zoom":3,"expressway":1},"geometry":{"type":"LineString","coordinates":[[115.887111,39.353642],[115.858241,39.312398]]}},{"type":"Feature","properties":{"type":"Unknown","name":null,"min_zoom":7.6,"expressway":0},"geometry":{"type":"LineString","coordinates":[[116.881097,39.349518],[116.82748,39.353642],[116.798609,39.349518],[116.769738,39.33302],[116.740867,39.328896],[116.699623,39.328896],[116.683125,39.328896],[116.637756,39.308274],[116.61301,39.312398],[116.584139,39.324771],[116.555268,39.328896],[116.497526,39.316523],[116.489277,39.316523]]}},{"type":"Feature","properties":{"type":"Unknown","name":null,"min_zoom":7,"expressway":0},"geometry":{"type":"LineString","coordinates":[[118.633977,39.386638],[118.580359,39.374265],[118.567986,39.366016],[118.539115,39.320647],[118.510244,39.300025],[118.493746,39.304149],[118.469,39.316523],[118.456627,39.341269]]}},{"type":"Feature","properties":{"type":"Road","name":null,"min_zoom":4,"expressway":0},"geometry":{"type":"LineString","coordinates":[[114.670407,39.341269],[114.575545,39.316523],[114.534301,39.312398],[114.435315,39.304149],[114.410568,39.300025],[114.385822,39.287652]]}},{"type":"Feature","properties":{"type":"Unknown","name":null,"min_zoom":5,"expressway":0},"geometry":{"type":"LineString","coordinates":[[114.385822,39.287652],[114.373449,39.300025],[114.315707,39.341269],[114.29096,39.357767],[114.278587,39.382513],[114.241467,39.44438]]}},{"type":"Feature","properties":{"type":"Unknown","name":null,"min_zoom":7,"expressway":0},"geometry":{"type":"LineString","coordinates":[[118.320521,39.275278],[118.328769,39.279403],[118.345267,39.300025],[118.345267,39.382513]]}},{"type":"Feature","properties":{"type":"Unknown","name":null,"min_zoom":7.7,"expressway":0},"geometry":{"type":"LineString","coordinates":[[118.456627,39.341269],[118.452502,39.324771],[118.448378,39.275278]]}},{"type":"Feature","properties":{"type":"Unknown","name":null,"min_zoom":7,"expressway":0},"geometry":{"type":"LineString","coordinates":[[118.085429,39.51037],[118.093677,39.497997],[118.101926,39.465002],[118.093677,39.44438],[118.073055,39.390762],[118.07718,39.366016],[118.093677,39.328896],[118.089553,39.308274],[118.064806,39.262905]]}},{"type":"Feature","properties":{"type":"Major Highway","name":null,"min_zoom":3,"expressway":1},"geometry":{"type":"LineString","coordinates":[[117.18218,39.254656],[117.169807,39.291776],[117.153309,39.345394],[117.149185,39.361891]]}},{"type":"Feature","properties":{"type":"Unknown","name":null,"min_zoom":7,"expressway":0},"geometry":{"type":"LineString","coordinates":[[118.221534,39.254656],[118.229783,39.26703],[118.246281,39.275278],[118.271028,39.271154],[118.320521,39.275278]]}},{"type":"Feature","properties":{"type":"Major Highway","name":null,"min_zoom":4,"expressway":1},"geometry":{"type":"LineString","coordinates":[[117.829714,39.328896],[117.747226,39.345394],[117.664737,39.349518],[117.635866,39.349518],[117.594622,39.366016],[117.578125,39.366016],[117.549254,39.361891],[117.458516,39.33302],[117.429645,39.320647],[117.400774,39.304149],[117.351281,39.26703],[117.326535,39.254656]]}},{"type":"Feature","properties":{"type":"Major Highway","name":null,"min_zoom":4,"expressway":1},"geometry":{"type":"LineString","coordinates":[[117.326535,39.254656],[117.305913,39.254656],[117.264668,39.262905],[117.227549,39.254656]]}},{"type":"Feature","properties":{"type":"Major Highway","name":null,"min_zoom":3,"expressway":1},"geometry":{"type":"LineString","coordinates":[[115.858241,39.312398],[115.82937,39.287652],[115.784001,39.250532]]}},{"type":"Feature","properties":{"type":"Unknown","name":null,"min_zoom":7.7,"expressway":0},"geometry":{"type":"LineString","coordinates":[[117.066696,39.353642],[117.074945,39.328896],[117.070821,39.308274],[117.070821,39.287652],[117.091443,39.246407]]}},{"type":"Feature","properties":{"type":"Unknown","name":null,"min_zoom":7,"expressway":0},"geometry":{"type":"LineString","coordinates":[[118.184415,39.209288],[118.200912,39.213412],[118.213286,39.225785],[118.221534,39.254656]]}},{"type":"Feature","properties":{"type":"Unknown","name":null,"min_zoom":7,"expressway":0},"geometry":{"type":"LineString","coordinates":[[118.064806,39.262905],[118.060682,39.246407],[118.073055,39.234034],[118.118424,39.213412],[118.147295,39.209288],[118.184415,39.209288]]}},{"type":"Feature","properties":{"type":"Major Highway","name":null,"min_zoom":4,"expressway":1},"geometry":{"type":"LineString","coordinates":[[117.227549,39.254656],[117.227549,39.238159],[117.211051,39.201039]]}},{"type":"Feature","properties":{"type":"Major Highway","name":null,"min_zoom":3,"expressway":1},"geometry":{"type":"LineString","coordinates":[[117.211051,39.201039],[117.194553,39.234034],[117.18218,39.254656]]}},{"type":"Feature","properties":{"type":"Unknown","name":null,"min_zoom":6,"expressway":0},"geometry":{"type":"LineString","coordinates":[[116.369669,39.159795],[116.36142,39.184541],[116.336673,39.246407],[116.3243,39.275278],[116.311927,39.308274],[116.299554,39.366016]]}},{"type":"Feature","properties":{"type":"Major Highway","name":null,"min_zoom":3,"expressway":1},"geometry":{"type":"LineString","coordinates":[[117.211051,39.201039],[117.173931,39.163919],[117.161558,39.147421]]}},{"type":"Feature","properties":{"type":"Unknown","name":null,"min_zoom":7.7,"expressway":0},"geometry":{"type":"LineString","coordinates":[[117.161558,39.147421],[117.157434,39.176292],[117.124438,39.201039],[117.116189,39.217537],[117.103816,39.225785],[117.091443,39.246407]]}},{"type":"Feature","properties":{"type":"Unknown","name":null,"min_zoom":7.6,"expressway":0},"geometry":{"type":"LineString","coordinates":[[114.587918,39.147421],[114.608541,39.19279],[114.620914,39.22991],[114.637412,39.262905],[114.662158,39.300025],[114.674531,39.320647],[114.670407,39.341269]]}},{"type":"Feature","properties":{"type":"Unknown","name":null,"min_zoom":7.6,"expressway":0},"geometry":{"type":"LineString","coordinates":[[117.025452,39.147421],[117.025452,39.172168],[117.025452,39.213412],[116.992457,39.291776],[116.984208,39.328896],[116.984208,39.366016]]}},{"type":"Feature","properties":{"type":"Major Highway","name":null,"min_zoom":4,"expressway":1},"geometry":{"type":"LineString","coordinates":[[117.025452,39.147421],[116.984208,39.147421],[116.93059,39.172168],[116.905844,39.176292],[116.872848,39.180417]]}},{"type":"Feature","properties":{"type":"Major Highway","name":null,"min_zoom":4,"expressway":1},"geometry":{"type":"LineString","coordinates":[[117.161558,39.147421],[117.14506,39.143297],[117.095567,39.151546],[117.025452,39.147421]]}},{"type":"Feature","properties":{"type":"Major Highway","name":null,"min_zoom":4,"expressway":1},"geometry":{"type":"LineString","coordinates":[[116.872848,39.180417],[116.835729,39.172168],[116.810982,39.159795],[116.782111,39.151546],[116.703747,39.143297],[116.637756,39.143297]]}},{"type":"Feature","properties":{"type":"Unknown","name":null,"min_zoom":7,"expressway":0},"geometry":{"type":"LineString","coordinates":[[116.489277,39.316523],[116.493402,39.275278],[116.509899,39.254656],[116.551143,39.221661],[116.604761,39.184541],[116.625383,39.159795],[116.637756,39.143297]]}},{"type":"Feature","properties":{"type":"Unknown","name":null,"min_zoom":6,"expressway":0},"geometry":{"type":"LineString","coordinates":[[116.175821,39.130924],[116.138701,39.143297],[116.085084,39.168043],[116.027342,39.184541],[115.998471,39.188666],[115.981973,39.196914],[115.944853,39.254656],[115.93248,39.26703],[115.891236,39.295901],[115.858241,39.312398]]}},{"type":"Feature","properties":{"type":"Unknown","name":null,"min_zoom":7.6,"expressway":0},"geometry":{"type":"LineString","coordinates":[[115.454047,39.357767],[115.445798,39.341269],[115.441674,39.304149],[115.441674,39.275278],[115.445798,39.238159],[115.433425,39.217537],[115.421052,39.213412],[115.392181,39.217537],[115.379808,39.209288],[115.355061,39.180417],[115.32619,39.159795],[115.272573,39.147421],[115.25195,39.130924]]}},{"type":"Feature","properties":{"type":"Road","name":null,"min_zoom":4,"expressway":0},"geometry":{"type":"LineString","coordinates":[[114.385822,39.287652],[114.311582,39.19279],[114.299209,39.184541],[114.274462,39.176292],[114.249716,39.176292],[114.158979,39.196914],[114.130108,39.201039],[114.105361,39.196914],[114.043495,39.168043],[113.989877,39.135048],[113.961006,39.122675],[113.93626,39.122675]]}},{"type":"Feature","properties":{"type":"Road","name":null,"min_zoom":3,"expressway":0},"geometry":{"type":"LineString","coordinates":[[117.161558,39.147421],[117.157434,39.114426]]}},{"type":"Feature","properties":{"type":"Unknown","name":null,"min_zoom":7.1,"expressway":0},"geometry":{"type":"LineString","coordinates":[[117.829714,39.328896],[117.817341,39.316523],[117.817341,39.283527],[117.804968,39.246407],[117.767848,39.209288],[117.759599,39.180417],[117.763724,39.159795],[117.759599,39.143297],[117.726604,39.130924],[117.714231,39.122675],[117.693608,39.102053]]}},{"type":"Feature","properties":{"type":"Unknown","name":null,"min_zoom":6,"expressway":0},"geometry":{"type":"LineString","coordinates":[[116.390291,39.102053],[116.390291,39.122675],[116.369669,39.159795]]}},{"type":"Feature","properties":{"type":"Major Highway","name":null,"min_zoom":4,"expressway":1},"geometry":{"type":"LineString","coordinates":[[116.390291,39.102053],[116.332549,39.106177],[116.299554,39.11855],[116.274807,39.126799],[116.217065,39.130924],[116.175821,39.130924]]}},{"type":"Feature","properties":{"type":"Major Highway","name":null,"min_zoom":4,"expressway":1},"geometry":{"type":"LineString","coordinates":[[116.637756,39.143297],[116.621259,39.139172],[116.563517,39.126799],[116.493402,39.106177],[116.43566,39.097928],[116.390291,39.102053]]}},{"type":"Feature","properties":{"type":"Major Highway","name":null,"min_zoom":4,"expressway":1},"geometry":{"type":"LineString","coordinates":[[116.175821,39.130924],[116.142826,39.130924],[116.097457,39.114426],[116.04384,39.093804],[116.027342,39.089679]]}},{"type":"Feature","properties":{"type":"Unknown","name":null,"min_zoom":7.7,"expressway":0},"geometry":{"type":"LineString","coordinates":[[118.184415,39.209288],[118.21741,39.184541],[118.233908,39.163919],[118.258654,39.139172],[118.279276,39.114426],[118.320521,39.073182]]}},{"type":"Feature","properties":{"type":"Unknown","name":null,"min_zoom":7.6,"expressway":0},"geometry":{"type":"LineString","coordinates":[[114.707527,39.056684],[114.686905,39.060808],[114.670407,39.085555],[114.658034,39.085555],[114.616789,39.081431],[114.587918,39.093804],[114.57967,39.11855],[114.587918,39.147421]]}},{"type":"Feature","properties":{"type":"Unknown","name":null,"min_zoom":7.6,"expressway":0},"geometry":{"type":"LineString","coordinates":[[114.736398,39.056684],[114.707527,39.056684]]}},{"type":"Feature","properties":{"type":"Major Highway","name":null,"min_zoom":3,"expressway":1},"geometry":{"type":"LineString","coordinates":[[115.784001,39.250532],[115.767503,39.22991],[115.709761,39.130924],[115.664393,39.056684]]}},{"type":"Feature","properties":{"type":"Major Highway","name":null,"min_zoom":4,"expressway":1},"geometry":{"type":"LineString","coordinates":[[116.027342,39.089679],[115.973724,39.077306],[115.928356,39.056684],[115.899485,39.05256]]}},{"type":"Feature","properties":{"type":"Major Highway","name":null,"min_zoom":4,"expressway":1},"geometry":{"type":"LineString","coordinates":[[115.899485,39.05256],[115.870614,39.05256],[115.800499,39.056684],[115.775752,39.056684],[115.68089,39.056684],[115.664393,39.056684]]}},{"type":"Feature","properties":{"type":"Major Highway","name":null,"min_zoom":3,"expressway":1},"geometry":{"type":"LineString","coordinates":[[117.157434,39.114426],[117.153309,39.089679],[117.161558,39.060808],[117.153309,39.044311]]}},{"type":"Feature","properties":{"type":"Unknown","name":null,"min_zoom":7.1,"expressway":0},"geometry":{"type":"LineString","coordinates":[[117.693608,39.102053],[117.668862,39.036062]]}},{"type":"Feature","properties":{"type":"Unknown","name":null,"min_zoom":6,"expressway":0},"geometry":{"type":"LineString","coordinates":[[117.668862,39.036062],[117.619369,39.044311],[117.532756,39.064933],[117.462641,39.085555],[117.310037,39.147421],[117.248171,39.176292],[117.211051,39.201039]]}},{"type":"Feature","properties":{"type":"Unknown","name":null,"min_zoom":7.6,"expressway":0},"geometry":{"type":"LineString","coordinates":[[114.872504,39.023689],[114.86013,39.05256],[114.847757,39.056684],[114.818886,39.056684],[114.802388,39.05256],[114.773517,39.048435],[114.736398,39.056684]]}},{"type":"Feature","properties":{"type":"Unknown","name":null,"min_zoom":7.6,"expressway":0},"geometry":{"type":"LineString","coordinates":[[115.095222,39.019564],[115.041605,39.031938],[115.029232,39.031938]]}},{"type":"Feature","properties":{"type":"Major Highway","name":null,"min_zoom":3,"expressway":1},"geometry":{"type":"LineString","coordinates":[[115.664393,39.056684],[115.631397,39.007191]]}},{"type":"Feature","properties":{"type":"Unknown","name":null,"min_zoom":7.6,"expressway":0},"geometry":{"type":"LineString","coordinates":[[115.029232,39.031938],[115.012734,39.031938],[114.979739,39.019564],[114.950868,39.003067],[114.93437,39.003067],[114.909623,39.01544],[114.880752,39.011315],[114.872504,39.023689]]}},{"type":"Feature","properties":{"type":"Unknown","name":null,"min_zoom":7.6,"expressway":0},"geometry":{"type":"LineString","coordinates":[[116.027342,39.089679],[116.027342,39.077306],[116.052088,39.031938],[116.076835,38.998942],[116.093333,38.970071]]}},{"type":"Feature","properties":{"type":"Unknown","name":null,"min_zoom":7.7,"expressway":0},"geometry":{"type":"LineString","coordinates":[[117.157434,39.114426],[117.169807,39.093804],[117.18218,39.081431],[117.244046,39.05256],[117.281166,39.036062],[117.318286,39.027813],[117.347157,39.01544],[117.367779,38.994818],[117.376028,38.982444],[117.376028,38.961822]]}},{"type":"Feature","properties":{"type":"Unknown","name":null,"min_zoom":7.7,"expressway":0},"geometry":{"type":"LineString","coordinates":[[117.47089,38.970071],[117.43377,38.965947],[117.376028,38.961822]]}},{"type":"Feature","properties":{"type":"Unknown","name":null,"min_zoom":7.1,"expressway":0},"geometry":{"type":"LineString","coordinates":[[117.660613,39.019564],[117.689484,39.003067],[117.689484,38.990693],[117.68536,38.970071],[117.672986,38.961822],[117.631742,38.965947],[117.586373,38.949449],[117.569876,38.953573],[117.520383,38.970071],[117.47089,38.970071]]}},{"type":"Feature","properties":{"type":"Unknown","name":null,"min_zoom":7.6,"expressway":0},"geometry":{"type":"LineString","coordinates":[[115.25195,39.130924],[115.280821,39.110302],[115.28907,39.097928],[115.28907,39.064933],[115.28907,39.044311],[115.293195,39.031938],[115.322066,38.994818],[115.317941,38.949449]]}},{"type":"Feature","properties":{"type":"Unknown","name":null,"min_zoom":7.6,"expressway":0},"geometry":{"type":"LineString","coordinates":[[115.317941,38.949449],[115.272573,38.957698],[115.223079,38.953573],[115.206582,38.957698],[115.169462,38.994818],[115.140591,39.007191],[115.095222,39.019564]]}},{"type":"Feature","properties":{"type":"Major Highway","name":null,"min_zoom":5,"expressway":1},"geometry":{"type":"LineString","coordinates":[[117.153309,39.044311],[117.103816,39.031938],[117.04195,39.023689],[117.017203,39.01544],[117.00483,39.007191],[116.975959,38.965947],[116.959461,38.945325],[116.947088,38.9412]]}},{"type":"Feature","properties":{"type":"Major Highway","name":null,"min_zoom":3,"expressway":1},"geometry":{"type":"LineString","coordinates":[[116.947088,38.9412],[116.93059,38.928827]]}},{"type":"Feature","properties":{"type":"Major Highway","name":null,"min_zoom":6,"expressway":1},"geometry":{"type":"LineString","coordinates":[[116.905844,38.932951],[116.93059,38.928827]]}},{"type":"Feature","properties":{"type":"Unknown","name":null,"min_zoom":6,"expressway":0},"geometry":{"type":"LineString","coordinates":[[116.28718,38.916454],[116.336673,38.9412],[116.365544,38.974196],[116.373793,38.994818],[116.373793,39.023689],[116.373793,39.056684],[116.390291,39.102053]]}},{"type":"Feature","properties":{"type":"Unknown","name":null,"min_zoom":7.7,"expressway":0},"geometry":{"type":"LineString","coordinates":[[115.899485,39.05256],[115.907734,39.023689],[115.915982,38.97832],[115.915982,38.945325],[115.924231,38.916454]]}},{"type":"Feature","properties":{"type":"Unknown","name":null,"min_zoom":7.7,"expressway":0},"geometry":{"type":"LineString","coordinates":[[117.376028,38.961822],[117.384277,38.928827],[117.404899,38.90408]]}},{"type":"Feature","properties":{"type":"Unknown","name":null,"min_zoom":7.6,"expressway":0},"geometry":{"type":"LineString","coordinates":[[116.662503,38.899956],[116.687249,38.916454],[116.703747,38.920578],[116.736742,38.928827],[116.777987,38.924703],[116.815106,38.924703],[116.885222,38.932951],[116.905844,38.932951]]}},{"type":"Feature","properties":{"type":"Unknown","name":null,"min_zoom":7.6,"expressway":0},"geometry":{"type":"LineString","coordinates":[[116.637756,39.143297],[116.658378,39.114426],[116.666627,39.089679],[116.666627,39.064933],[116.666627,39.011315],[116.658378,38.9412],[116.662503,38.899956]]}},{"type":"Feature","properties":{"type":"Unknown","name":null,"min_zoom":6,"expressway":0},"geometry":{"type":"LineString","coordinates":[[116.229439,38.899956],[116.250061,38.899956],[116.28718,38.916454]]}},{"type":"Feature","properties":{"type":"Unknown","name":null,"min_zoom":7.6,"expressway":0},"geometry":{"type":"LineString","coordinates":[[116.093333,38.970071],[116.097457,38.957698],[116.122204,38.9412],[116.134577,38.932951],[116.163448,38.932951],[116.204692,38.937076],[116.217065,38.928827],[116.233563,38.899956],[116.229439,38.899956]]}},{"type":"Feature","properties":{"type":"Unknown","name":null,"min_zoom":7.1,"expressway":0},"geometry":{"type":"LineString","coordinates":[[117.413148,38.891707],[117.454392,38.932951],[117.47089,38.961822],[117.47089,38.970071]]}},{"type":"Feature","properties":{"type":"Unknown","name":null,"min_zoom":7.6,"expressway":0},"geometry":{"type":"LineString","coordinates":[[117.404899,38.90408],[117.413148,38.891707]]}},{"type":"Feature","properties":{"type":"Major Highway","name":null,"min_zoom":6,"expressway":1},"geometry":{"type":"LineString","coordinates":[[115.202457,38.879334],[115.243702,38.895832],[115.293195,38.924703],[115.309692,38.932951],[115.317941,38.949449]]}},{"type":"Feature","properties":{"type":"Unknown","name":null,"min_zoom":7.6,"expressway":0},"geometry":{"type":"LineString","coordinates":[[116.28718,38.916454],[116.344922,38.875209],[116.382042,38.858712],[116.410913,38.854587],[116.443908,38.854587]]}},{"type":"Feature","properties":{"type":"Unknown","name":null,"min_zoom":7.6,"expressway":0},"geometry":{"type":"LineString","coordinates":[[115.631397,39.007191],[115.606651,38.974196],[115.586029,38.957698],[115.532411,38.887583],[115.495291,38.854587]]}},{"type":"Feature","properties":{"type":"Unknown","name":null,"min_zoom":7.6,"expressway":0},"geometry":{"type":"LineString","coordinates":[[115.317941,38.949449],[115.350937,38.949449],[115.383932,38.9412],[115.412803,38.90408],[115.433425,38.883458],[115.495291,38.854587]]}},{"type":"Feature","properties":{"type":"Unknown","name":null,"min_zoom":7.6,"expressway":0},"geometry":{"type":"LineString","coordinates":[[113.93626,39.122675],[113.928011,39.106177],[113.952757,39.073182],[113.981628,39.05256],[113.998126,39.027813],[114.018748,38.990693],[114.051744,38.945325],[114.101237,38.895832],[114.117734,38.875209],[114.125983,38.854587]]}},{"type":"Feature","properties":{"type":"Unknown","name":null,"min_zoom":7.6,"expressway":0},"geometry":{"type":"LineString","coordinates":[[115.482918,38.850463],[115.495291,38.854587]]}},{"type":"Feature","properties":{"type":"Unknown","name":null,"min_zoom":7.6,"expressway":0},"geometry":{"type":"LineString","coordinates":[[116.443908,38.854587],[116.472779,38.850463],[116.485153,38.842214],[116.497526,38.842214],[116.518148,38.862836],[116.563517,38.883458],[116.61301,38.895832],[116.646005,38.895832],[116.662503,38.899956]]}},{"type":"Feature","properties":{"type":"Unknown","name":null,"min_zoom":7.6,"expressway":0},"geometry":{"type":"LineString","coordinates":[[114.175476,38.842214],[114.125983,38.854587]]}},{"type":"Feature","properties":{"type":"Major Highway","name":null,"min_zoom":6,"expressway":1},"geometry":{"type":"LineString","coordinates":[[115.115845,38.842214],[115.128218,38.850463],[115.165338,38.866961],[115.202457,38.879334]]}},{"type":"Feature","properties":{"type":"Unknown","name":null,"min_zoom":7.1,"expressway":0},"geometry":{"type":"LineString","coordinates":[[117.293539,38.833965],[117.355406,38.871085],[117.404899,38.90408]]}},{"type":"Feature","properties":{"type":"Major Highway","name":null,"min_zoom":3,"expressway":1},"geometry":{"type":"LineString","coordinates":[[117.153309,39.044311],[117.173931,39.027813],[117.186304,38.990693],[117.186304,38.945325],[117.190429,38.924703],[117.206927,38.90408],[117.2193,38.895832]]}},{"type":"Feature","properties":{"type":"Unknown","name":null,"min_zoom":7.6,"expressway":0},"geometry":{"type":"LineString","coordinates":[[115.103471,38.825716],[115.115845,38.842214]]}},{"type":"Feature","properties":{"type":"Unknown","name":null,"min_zoom":7.6,"expressway":0},"geometry":{"type":"LineString","coordinates":[[114.736398,39.056684],[114.728149,39.007191],[114.724024,38.986569],[114.699278,38.945325],[114.695153,38.932951],[114.715776,38.912329],[114.744647,38.90408],[114.785891,38.90408],[114.827135,38.887583],[114.835384,38.879334],[114.835384,38.854587],[114.810637,38.821592]]}},{"type":"Feature","properties":{"type":"Unknown","name":null,"min_zoom":7.6,"expressway":0},"geometry":{"type":"LineString","coordinates":[[114.278587,38.809219],[114.257965,38.813343],[114.204347,38.833965],[114.175476,38.842214]]}},{"type":"Feature","properties":{"type":"Unknown","name":null,"min_zoom":7.6,"expressway":0},"geometry":{"type":"LineString","coordinates":[[115.482918,38.850463],[115.487043,38.817468],[115.495291,38.805094]]}},{"type":"Feature","properties":{"type":"Unknown","name":null,"min_zoom":7.6,"expressway":0},"geometry":{"type":"LineString","coordinates":[[114.810637,38.821592],[114.769393,38.842214],[114.75702,38.83809],[114.711651,38.805094],[114.695153,38.796845],[114.658034,38.788597],[114.633287,38.788597],[114.608541,38.792721],[114.563172,38.805094],[114.517803,38.792721],[114.472435,38.805094],[114.439439,38.792721],[114.422942,38.792721],[114.377573,38.805094],[114.348702,38.805094],[114.278587,38.809219]]}},{"type":"Feature","properties":{"type":"Major Highway","name":null,"min_zoom":5,"expressway":1},"geometry":{"type":"LineString","coordinates":[[116.93059,38.928827],[116.926466,38.912329],[116.934715,38.858712],[116.938839,38.825716],[116.947088,38.776223]]}},{"type":"Feature","properties":{"type":"Unknown","name":null,"min_zoom":7.6,"expressway":0},"geometry":{"type":"LineString","coordinates":[[116.662503,38.899956],[116.662503,38.858712],[116.658378,38.821592],[116.65013,38.772099]]}},{"type":"Feature","properties":{"type":"Unknown","name":null,"min_zoom":7.6,"expressway":0},"geometry":{"type":"LineString","coordinates":[[115.264324,38.751477],[115.313817,38.776223],[115.404554,38.809219],[115.458172,38.829841],[115.482918,38.850463]]}},{"type":"Feature","properties":{"type":"Unknown","name":null,"min_zoom":7.1,"expressway":0},"geometry":{"type":"LineString","coordinates":[[117.120314,38.751477],[117.140936,38.759726],[117.18218,38.776223],[117.244046,38.805094],[117.293539,38.833965]]}},{"type":"Feature","properties":{"type":"Unknown","name":null,"min_zoom":7.1,"expressway":0},"geometry":{"type":"LineString","coordinates":[[117.120314,38.751477],[117.066696,38.780348],[117.046074,38.817468],[117.021328,38.829841],[117.008954,38.842214],[116.992457,38.879334],[116.947088,38.9412]]}},{"type":"Feature","properties":{"type":"Unknown","name":null,"min_zoom":7.1,"expressway":0},"geometry":{"type":"LineString","coordinates":[[117.413148,38.891707],[117.446143,38.858712],[117.475014,38.821592],[117.483263,38.796845],[117.487387,38.776223],[117.487387,38.747352]]}},{"type":"Feature","properties":{"type":"Unknown","name":null,"min_zoom":7.6,"expressway":0},"geometry":{"type":"LineString","coordinates":[[117.293539,38.833965],[117.314162,38.813343],[117.343033,38.792721],[117.417272,38.76385],[117.487387,38.747352]]}},{"type":"Feature","properties":{"type":"Major Highway","name":null,"min_zoom":6,"expressway":1},"geometry":{"type":"LineString","coordinates":[[114.950868,38.743228],[114.996236,38.767974],[115.0746,38.80097],[115.091098,38.809219],[115.103471,38.825716]]}},{"type":"Feature","properties":{"type":"Unknown","name":null,"min_zoom":7.6,"expressway":0},"geometry":{"type":"LineString","coordinates":[[114.950868,38.743228],[114.893126,38.784472],[114.86013,38.796845],[114.810637,38.821592]]}},{"type":"Feature","properties":{"type":"Unknown","name":null,"min_zoom":7.6,"expressway":0},"geometry":{"type":"LineString","coordinates":[[115.218955,38.72673],[115.247826,38.743228],[115.264324,38.751477]]}},{"type":"Feature","properties":{"type":"Unknown","name":null,"min_zoom":7.6,"expressway":0},"geometry":{"type":"LineString","coordinates":[[115.169462,38.701984],[115.218955,38.72673]]}},{"type":"Feature","properties":{"type":"Unknown","name":null,"min_zoom":6,"expressway":0},"geometry":{"type":"LineString","coordinates":[[116.229439,38.899956],[116.18407,38.883458],[116.155199,38.871085],[116.122204,38.866961],[116.105706,38.850463],[116.101581,38.805094],[116.10983,38.759726],[116.089208,38.693735]]}},{"type":"Feature","properties":{"type":"Unknown","name":null,"min_zoom":7.7,"expressway":0},"geometry":{"type":"LineString","coordinates":[[116.443908,38.854587],[116.443908,38.80097],[116.452157,38.780348],[116.468655,38.767974],[116.514024,38.755601],[116.526397,38.747352],[116.530521,38.734979],[116.526397,38.693735]]}},{"type":"Feature","properties":{"type":"Unknown","name":null,"min_zoom":7.6,"expressway":0},"geometry":{"type":"LineString","coordinates":[[116.089208,38.693735],[116.14695,38.701984],[116.233563,38.714357],[116.291305,38.706108],[116.349047,38.701984],[116.452157,38.697859],[116.526397,38.693735]]}},{"type":"Feature","properties":{"type":"Unknown","name":null,"min_zoom":7.6,"expressway":0},"geometry":{"type":"LineString","coordinates":[[116.65013,38.772099],[116.625383,38.755601],[116.61301,38.734979],[116.61301,38.68961],[116.617134,38.68961]]}},{"type":"Feature","properties":{"type":"Unknown","name":null,"min_zoom":7.6,"expressway":0},"geometry":{"type":"LineString","coordinates":[[116.526397,38.693735],[116.617134,38.68961]]}},{"type":"Feature","properties":{"type":"Major Highway","name":null,"min_zoom":5,"expressway":1},"geometry":{"type":"LineString","coordinates":[[116.947088,38.776223],[116.938839,38.734979],[116.926466,38.710233],[116.914093,38.701984],[116.881097,38.685486]]}},{"type":"Feature","properties":{"type":"Unknown","name":null,"min_zoom":7.6,"expressway":0},"geometry":{"type":"LineString","coordinates":[[115.124093,38.681362],[115.140591,38.68961],[115.169462,38.701984]]}},{"type":"Feature","properties":{"type":"Unknown","name":null,"min_zoom":7.6,"expressway":0},"geometry":{"type":"LineString","coordinates":[[115.124093,38.681362],[115.062227,38.701984],[114.97149,38.718481],[114.950868,38.743228]]}},{"type":"Feature","properties":{"type":"Unknown","name":null,"min_zoom":7.6,"expressway":0},"geometry":{"type":"LineString","coordinates":[[115.763379,38.681362],[115.779876,38.68961],[115.796374,38.68961],[115.858241,38.685486],[115.882987,38.68961],[115.915982,38.697859],[115.948978,38.701984],[116.002595,38.693735],[116.064462,38.693735],[116.089208,38.693735]]}},{"type":"Feature","properties":{"type":"Unknown","name":null,"min_zoom":7,"expressway":0},"geometry":{"type":"LineString","coordinates":[[115.495291,38.805094],[115.54066,38.792721],[115.569531,38.76385],[115.594277,38.759726],[115.68089,38.718481],[115.734508,38.697859],[115.763379,38.681362]]}},{"type":"Feature","properties":{"type":"Unknown","name":null,"min_zoom":7.6,"expressway":0},"geometry":{"type":"LineString","coordinates":[[116.617134,38.68961],[116.691374,38.685486],[116.724369,38.681362],[116.815106,38.677237],[116.881097,38.685486]]}},{"type":"Feature","properties":{"type":"Unknown","name":null,"min_zoom":7.6,"expressway":0},"geometry":{"type":"LineString","coordinates":[[115.495291,38.805094],[115.474669,38.772099],[115.474669,38.68961],[115.46642,38.652491]]}},{"type":"Feature","properties":{"type":"Unknown","name":null,"min_zoom":7.6,"expressway":0},"geometry":{"type":"LineString","coordinates":[[115.46642,38.652491],[115.425176,38.652491],[115.383932,38.656615],[115.297319,38.677237],[115.243702,38.68961],[115.190084,38.697859],[115.169462,38.701984]]}},{"type":"Feature","properties":{"type":"Major Highway","name":null,"min_zoom":6,"expressway":1},"geometry":{"type":"LineString","coordinates":[[114.691029,38.631869],[114.715776,38.66074],[114.732273,38.664864],[114.761144,38.668988],[114.802388,38.677237],[114.847757,38.693735],[114.89725,38.714357],[114.950868,38.743228]]}},{"type":"Feature","properties":{"type":"Unknown","name":null,"min_zoom":7.6,"expressway":0},"geometry":{"type":"LineString","coordinates":[[115.46642,38.652491],[115.458172,38.627744],[115.441674,38.607122]]}},{"type":"Feature","properties":{"type":"Major Highway","name":null,"min_zoom":6,"expressway":1},"geometry":{"type":"LineString","coordinates":[[114.666282,38.598873],[114.691029,38.631869]]}},{"type":"Feature","properties":{"type":"Unknown","name":null,"min_zoom":7.1,"expressway":0},"geometry":{"type":"LineString","coordinates":[[117.487387,38.747352],[117.491512,38.693735],[117.499761,38.66074],[117.512134,38.648366],[117.545129,38.590624]]}},{"type":"Feature","properties":{"type":"Unknown","name":null,"min_zoom":7.6,"expressway":0},"geometry":{"type":"LineString","coordinates":[[114.959116,38.51226],[114.975614,38.524634],[115.004485,38.578251],[115.045729,38.619495],[115.0746,38.652491],[115.124093,38.681362]]}},{"type":"Feature","properties":{"type":"Unknown","name":null,"min_zoom":7.7,"expressway":0},"geometry":{"type":"LineString","coordinates":[[115.441674,38.607122],[115.495291,38.570002],[115.54066,38.532882],[115.557158,38.495763]]}},{"type":"Feature","properties":{"type":"Unknown","name":null,"min_zoom":7.1,"expressway":0},"geometry":{"type":"LineString","coordinates":[[117.545129,38.590624],[117.569876,38.541131],[117.594622,38.479265]]}},{"type":"Feature","properties":{"type":"Unknown","name":null,"min_zoom":6,"expressway":0},"geometry":{"type":"LineString","coordinates":[[116.068586,38.429772],[116.07271,38.479265],[116.076835,38.524634],[116.060337,38.574127],[116.052088,38.602998],[116.056213,38.619495],[116.07271,38.640117],[116.089208,38.693735]]}},{"type":"Feature","properties":{"type":"Unknown","name":null,"min_zoom":7,"expressway":0},"geometry":{"type":"LineString","coordinates":[[115.763379,38.681362],[115.796374,38.652491],[115.89536,38.5865],[115.9696,38.528758],[116.00672,38.491638],[116.047964,38.44627],[116.068586,38.429772]]}},{"type":"Feature","properties":{"type":"Major Highway","name":null,"min_zoom":6,"expressway":1},"geometry":{"type":"LineString","coordinates":[[114.530177,38.425647],[114.534301,38.433896],[114.550799,38.483389],[114.571421,38.520509],[114.575545,38.532882],[114.567296,38.553505],[114.571421,38.565878],[114.587918,38.574127],[114.641536,38.5865],[114.666282,38.598873]]}},{"type":"Feature","properties":{"type":"Unknown","name":null,"min_zoom":7.6,"expressway":0},"geometry":{"type":"LineString","coordinates":[[115.441674,38.607122],[115.429301,38.5865],[115.412803,38.570002],[115.383932,38.537007],[115.359185,38.504011],[115.334439,38.454518],[115.330314,38.421523]]}},{"type":"Feature","properties":{"type":"Unknown","name":null,"min_zoom":7.6,"expressway":0},"geometry":{"type":"LineString","coordinates":[[114.959116,38.51226],[114.983863,38.504011],[115.095222,38.471016],[115.165338,38.462767],[115.206582,38.458643],[115.218955,38.454518],[115.239577,38.429772],[115.28907,38.421523],[115.32619,38.413274]]}},{"type":"Feature","properties":{"type":"Unknown","name":null,"min_zoom":7.7,"expressway":0},"geometry":{"type":"LineString","coordinates":[[114.781766,38.380279],[114.802388,38.392652],[114.843633,38.433896],[114.876628,38.462767],[114.954992,38.504011],[114.959116,38.51226]]}},{"type":"Feature","properties":{"type":"Unknown","name":null,"min_zoom":7.7,"expressway":0},"geometry":{"type":"LineString","coordinates":[[116.881097,38.685486],[116.839853,38.648366],[116.823355,38.62362],[116.815106,38.607122],[116.815106,38.582375],[116.852226,38.520509],[116.876973,38.471016],[116.881097,38.44627],[116.876973,38.396776],[116.868724,38.359657],[116.856351,38.318412],[116.848102,38.293666]]}},{"type":"Feature","properties":{"type":"Unknown","name":null,"min_zoom":5,"expressway":0},"geometry":{"type":"LineString","coordinates":[[110.034556,30.795466],[110.084049,30.795466],[110.11292,30.803715],[110.145916,30.816088],[110.158289,30.816088]]}},{"type":"Feature","properties":{"type":"Unknown","name":null,"min_zoom":7,"expressway":0},"geometry":{"type":"LineString","coordinates":[[114.006375,30.783093],[113.989877,30.816088]]}},{"type":"Feature","properties":{"type":"Unknown","name":null,"min_zoom":7,"expressway":0},"geometry":{"type":"LineString","coordinates":[[111.869924,30.737724],[111.861675,30.737724],[111.824556,30.774844],[111.799809,30.803715],[111.775063,30.80784]]}},{"type":"Feature","properties":{"type":"Unknown","name":null,"min_zoom":7.7,"expressway":0},"geometry":{"type":"LineString","coordinates":[[112.175131,30.989314],[112.171007,30.968692],[112.179256,30.94807],[112.179256,30.931572],[112.179256,30.894452],[112.171007,30.840835],[112.171007,30.832586],[112.179256,30.811964],[112.195754,30.758347],[112.199878,30.729476]]}},{"type":"Feature","properties":{"type":"Unknown","name":null,"min_zoom":7,"expressway":0},"geometry":{"type":"LineString","coordinates":[[113.090753,30.828462],[113.066007,30.824337],[113.045385,30.816088],[113.012389,30.820213],[112.975269,30.820213],[112.950523,30.811964],[112.917527,30.795466],[112.888657,30.799591],[112.835039,30.795466],[112.785546,30.799591],[112.760799,30.795466],[112.727804,30.783093],[112.698933,30.762471],[112.661813,30.729476]]}},{"type":"Feature","properties":{"type":"Unknown","name":null,"min_zoom":7,"expressway":0},"geometry":{"type":"LineString","coordinates":[[113.944509,30.704729],[113.956882,30.737724],[113.969255,30.762471],[114.006375,30.783093]]}},{"type":"Feature","properties":{"type":"Unknown","name":null,"min_zoom":7.6,"expressway":0},"geometry":{"type":"LineString","coordinates":[[111.36262,30.853208],[111.366745,30.820213],[111.354371,30.795466],[111.3255,30.778969],[111.304878,30.758347],[111.292505,30.7336],[111.284256,30.704729]]}},{"type":"Feature","properties":{"type":"Unknown","name":null,"min_zoom":7,"expressway":0},"geometry":{"type":"LineString","coordinates":[[111.911168,30.692356],[111.890546,30.708853],[111.869924,30.737724]]}},{"type":"Feature","properties":{"type":"Unknown","name":null,"min_zoom":7.6,"expressway":0},"geometry":{"type":"LineString","coordinates":[[112.5752,30.692356],[112.562827,30.69648],[112.538081,30.721227],[112.496836,30.762471],[112.426721,30.80784],[112.368979,30.853208],[112.340108,30.869706],[112.298864,30.894452],[112.224625,30.94807],[112.195754,30.968692],[112.175131,30.989314]]}},{"type":"Feature","properties":{"type":"Major Highway","name":null,"min_zoom":6,"expressway":1},"geometry":{"type":"LineString","coordinates":[[114.315707,30.869706],[114.303333,30.861457],[114.295084,30.840835],[114.29096,30.824337],[114.332204,30.721227],[114.303333,30.700605],[114.295084,30.688231]]}},{"type":"Feature","properties":{"type":"Unknown","name":null,"min_zoom":7.7,"expressway":0},"geometry":{"type":"LineString","coordinates":[[114.220845,30.939821],[114.21672,30.898577],[114.220845,30.836711],[114.229094,30.803715],[114.208472,30.774844],[114.224969,30.725351],[114.295084,30.688231]]}},{"type":"Feature","properties":{"type":"Major Highway","name":null,"min_zoom":6,"expressway":1},"geometry":{"type":"LineString","coordinates":[[114.592043,30.861457],[114.587918,30.836711],[114.596167,30.811964],[114.583794,30.712978],[114.571421,30.688231]]}},{"type":"Feature","properties":{"type":"Unknown","name":null,"min_zoom":7,"expressway":0},"geometry":{"type":"LineString","coordinates":[[112.661813,30.729476],[112.641191,30.712978],[112.616445,30.704729],[112.591698,30.684107]]}},{"type":"Feature","properties":{"type":"Unknown","name":null,"min_zoom":7.6,"expressway":0},"geometry":{"type":"LineString","coordinates":[[111.284256,30.704729],[111.276007,30.679983]]}},{"type":"Feature","properties":{"type":"Unknown","name":null,"min_zoom":7,"expressway":0},"geometry":{"type":"LineString","coordinates":[[112.591698,30.684107],[112.571076,30.675858],[112.542205,30.671734]]}},{"type":"Feature","properties":{"type":"Unknown","name":null,"min_zoom":7.6,"expressway":0},"geometry":{"type":"LineString","coordinates":[[112.822666,30.700605],[112.785546,30.700605],[112.744302,30.69648],[112.711306,30.684107],[112.641191,30.667609],[112.624693,30.667609],[112.591698,30.684107]]}},{"type":"Feature","properties":{"type":"Unknown","name":null,"min_zoom":7,"expressway":0},"geometry":{"type":"LineString","coordinates":[[111.977159,30.679983],[111.948288,30.663485],[111.940039,30.667609],[111.911168,30.692356]]}},{"type":"Feature","properties":{"type":"Unknown","name":null,"min_zoom":7.6,"expressway":0},"geometry":{"type":"LineString","coordinates":[[113.263979,30.844959],[113.263979,30.820213],[113.259855,30.80784],[113.197988,30.774844],[113.185615,30.758347],[113.173242,30.7336],[113.173242,30.700605],[113.160868,30.675858],[113.148495,30.65936]]}},{"type":"Feature","properties":{"type":"Unknown","name":null,"min_zoom":7,"expressway":0},"geometry":{"type":"LineString","coordinates":[[113.148495,30.65936],[113.131997,30.671734],[113.103126,30.725351],[113.094878,30.737724],[113.094878,30.778969],[113.090753,30.828462]]}},{"type":"Feature","properties":{"type":"Unknown","name":null,"min_zoom":7.6,"expressway":0},"geometry":{"type":"LineString","coordinates":[[113.148495,30.65936],[113.061882,30.667609],[112.925776,30.675858],[112.880408,30.692356],[112.855661,30.69648],[112.822666,30.700605]]}},{"type":"Feature","properties":{"type":"Unknown","name":null,"min_zoom":6,"expressway":0},"geometry":{"type":"LineString","coordinates":[[114.571421,30.688231],[114.546674,30.655236]]}},{"type":"Feature","properties":{"type":"Major Highway","name":null,"min_zoom":6,"expressway":1},"geometry":{"type":"LineString","coordinates":[[114.295084,30.688231],[114.319831,30.679983],[114.3652,30.692356],[114.377573,30.700605],[114.406444,30.708853],[114.439439,30.708853],[114.480683,30.69648],[114.509554,30.692356],[114.521928,30.684107],[114.546674,30.655236]]}},{"type":"Feature","properties":{"type":"Unknown","name":null,"min_zoom":7.7,"expressway":0},"geometry":{"type":"LineString","coordinates":[[110.121169,30.671734],[110.088174,30.667609],[110.075801,30.651112]]}},{"type":"Feature","properties":{"type":"Unknown","name":null,"min_zoom":7.6,"expressway":0},"geometry":{"type":"LineString","coordinates":[[114.831259,30.651112],[114.814762,30.655236],[114.802388,30.667609],[114.798264,30.700605],[114.790015,30.725351],[114.790015,30.737724],[114.802388,30.750098],[114.790015,30.774844],[114.777642,30.787218],[114.769393,30.799591],[114.761144,30.828462]]}},{"type":"Feature","properties":{"type":"Unknown","name":null,"min_zoom":7.7,"expressway":0},"geometry":{"type":"LineString","coordinates":[[115.029232,30.663485],[115.004485,30.65936],[114.967365,30.651112],[114.942619,30.651112],[114.93437,30.65936],[114.909623,30.667609],[114.89725,30.679983],[114.889001,30.712978],[114.868379,30.7336],[114.86013,30.762471],[114.839508,30.783093],[114.827135,30.803715],[114.802388,30.820213],[114.781766,30.832586]]}},{"type":"Feature","properties":{"type":"Unknown","name":null,"min_zoom":6,"expressway":0},"geometry":{"type":"LineString","coordinates":[[114.295084,30.688231],[114.282711,30.671734],[114.237343,30.638738]]}},{"type":"Feature","properties":{"type":"Unknown","name":null,"min_zoom":6,"expressway":0},"geometry":{"type":"LineString","coordinates":[[114.237343,30.638738],[114.212596,30.65936],[114.191974,30.671734],[114.163103,30.671734],[114.146605,30.671734],[114.125983,30.692356],[114.092988,30.7336],[114.059992,30.750098],[114.026997,30.758347],[114.006375,30.783093]]}},{"type":"Feature","properties":{"type":"Unknown","name":null,"min_zoom":7,"expressway":0},"geometry":{"type":"LineString","coordinates":[[112.092643,30.634614],[112.072021,30.651112],[112.022528,30.684107],[111.989532,30.684107],[111.977159,30.679983]]}},{"type":"Feature","properties":{"type":"Major Highway","name":null,"min_zoom":7,"expressway":1},"geometry":{"type":"LineString","coordinates":[[114.237343,30.638738],[114.191974,30.634614],[114.109485,30.626365],[114.068241,30.630489],[114.022873,30.642863],[113.994002,30.655236],[113.956882,30.688231],[113.944509,30.704729]]}},{"type":"Feature","properties":{"type":"Unknown","name":null,"min_zoom":7.6,"expressway":0},"geometry":{"type":"LineString","coordinates":[[113.771283,30.626365],[113.783656,30.626365],[113.837274,30.651112],[113.895016,30.671734],[113.93626,30.69648],[113.944509,30.704729]]}},{"type":"Feature","properties":{"type":"Unknown","name":null,"min_zoom":5,"expressway":0},"geometry":{"type":"LineString","coordinates":[[110.236653,30.816088],[110.269648,30.811964],[110.273773,30.799591],[110.315017,30.745973],[110.319141,30.721227],[110.319141,30.688231],[110.335639,30.655236],[110.343888,30.622241]]}},{"type":"Feature","properties":{"type":"Unknown","name":null,"min_zoom":7,"expressway":0},"geometry":{"type":"LineString","coordinates":[[111.276007,30.679983],[111.267759,30.688231],[111.230639,30.692356],[111.189395,30.679983],[111.156399,30.663485],[111.131653,30.651112],[111.098657,30.646987],[111.08216,30.642863],[111.053289,30.622241]]}},{"type":"Feature","properties":{"type":"Unknown","name":null,"min_zoom":7,"expressway":0},"geometry":{"type":"LineString","coordinates":[[111.523473,30.618116],[111.47398,30.626365],[111.457482,30.634614],[111.432735,30.667609],[111.416238,30.671734],[111.395616,30.642863],[111.383242,30.638738],[111.366745,30.642863],[111.337874,30.638738],[111.317252,30.642863],[111.276007,30.679983]]}},{"type":"Feature","properties":{"type":"Unknown","name":null,"min_zoom":7,"expressway":0},"geometry":{"type":"LineString","coordinates":[[111.766814,30.803715],[111.758565,30.799591],[111.725569,30.774844],[111.721445,30.758347],[111.692574,30.750098],[111.680201,30.737724],[111.671952,30.708853],[111.659579,30.69648],[111.638957,30.684107],[111.610086,30.642863],[111.593588,30.630489],[111.556468,30.618116],[111.523473,30.618116]]}},{"type":"Feature","properties":{"type":"Unknown","name":null,"min_zoom":7.7,"expressway":0},"geometry":{"type":"LineString","coordinates":[[110.310893,30.613992],[110.282022,30.626365],[110.265524,30.651112],[110.236653,30.655236],[110.22428,30.667609],[110.199533,30.667609],[110.121169,30.671734]]}},{"type":"Feature","properties":{"type":"Unknown","name":null,"min_zoom":7,"expressway":0},"geometry":{"type":"LineString","coordinates":[[111.053289,30.622241],[111.04504,30.605743]]}},{"type":"Feature","properties":{"type":"Unknown","name":null,"min_zoom":7.7,"expressway":0},"geometry":{"type":"LineString","coordinates":[[112.199878,30.729476],[112.195754,30.692356],[112.187505,30.671734],[112.187505,30.651112],[112.175131,30.601619]]}},{"type":"Feature","properties":{"type":"Unknown","name":null,"min_zoom":7,"expressway":0},"geometry":{"type":"LineString","coordinates":[[112.175131,30.601619],[112.113265,30.622241],[112.092643,30.634614]]}},{"type":"Feature","properties":{"type":"Unknown","name":null,"min_zoom":7.6,"expressway":0},"geometry":{"type":"LineString","coordinates":[[114.831259,30.651112],[114.802388,30.638738],[114.715776,30.618116],[114.703402,30.609867],[114.662158,30.601619],[114.616789,30.597494],[114.57967,30.609867],[114.567296,30.618116],[114.559048,30.634614],[114.546674,30.655236]]}},{"type":"Feature","properties":{"type":"Unknown","name":null,"min_zoom":7.6,"expressway":0},"geometry":{"type":"LineString","coordinates":[[113.148495,30.65936],[113.164993,30.626365],[113.173242,30.597494]]}},{"type":"Feature","properties":{"type":"Unknown","name":null,"min_zoom":5,"expressway":0},"geometry":{"type":"LineString","coordinates":[[109.737598,30.589245],[109.745847,30.597494],[109.766469,30.655236],[109.807713,30.684107],[109.840709,30.717102],[109.877828,30.729476],[109.914948,30.77072],[109.93557,30.778969],[109.956192,30.77072],[109.976814,30.766595],[110.001561,30.791342],[110.034556,30.795466]]}},{"type":"Feature","properties":{"type":"Unknown","name":null,"min_zoom":7,"expressway":0},"geometry":{"type":"LineString","coordinates":[[112.542205,30.671734],[112.517459,30.655236],[112.488588,30.605743],[112.467965,30.589245]]}},{"type":"Feature","properties":{"type":"Unknown","name":null,"min_zoom":7.7,"expressway":0},"geometry":{"type":"LineString","coordinates":[[110.075801,30.651112],[110.063427,30.630489],[110.04693,30.622241],[110.005685,30.618116],[109.993312,30.613992],[109.923197,30.572748],[109.906699,30.564499]]}},{"type":"Feature","properties":{"type":"Unknown","name":null,"min_zoom":7.6,"expressway":0},"geometry":{"type":"LineString","coordinates":[[112.822666,30.700605],[112.872159,30.572748],[112.872159,30.560374]]}},{"type":"Feature","properties":{"type":"Unknown","name":null,"min_zoom":7.7,"expressway":0},"geometry":{"type":"LineString","coordinates":[[110.343888,30.622241],[110.348012,30.59337],[110.356261,30.576872],[110.36451,30.568623],[110.381008,30.568623],[110.409879,30.55625],[110.422252,30.564499],[110.434625,30.59337],[110.446999,30.605743],[110.471745,30.605743],[110.492367,30.601619],[110.508865,30.601619],[110.558358,30.622241],[110.644971,30.622241],[110.673842,30.618116],[110.698588,30.609867],[110.764579,30.609867],[110.785201,30.601619],[110.801699,30.597494],[110.822321,30.601619],[110.842943,30.626365],[110.888312,30.634614],[110.913058,30.651112],[110.93368,30.646987],[110.954302,30.630489],[110.979049,30.626365],[110.991422,30.618116],[111.00792,30.597494],[111.020293,30.597494],[111.04504,30.605743]]}},{"type":"Feature","properties":{"type":"Unknown","name":null,"min_zoom":7.7,"expressway":0},"geometry":{"type":"LineString","coordinates":[[114.03937,30.552125],[114.068241,30.548001],[114.097112,30.548001],[114.138356,30.560374],[114.179601,30.55625],[114.196098,30.548001]]}},{"type":"Feature","properties":{"type":"Unknown","name":null,"min_zoom":7.7,"expressway":0},"geometry":{"type":"LineString","coordinates":[[114.25384,30.539752],[114.249716,30.576872],[114.25384,30.601619],[114.237343,30.638738]]}},{"type":"Feature","properties":{"type":"Unknown","name":null,"min_zoom":7.7,"expressway":0},"geometry":{"type":"LineString","coordinates":[[114.196098,30.548001],[114.233218,30.539752],[114.25384,30.539752]]}},{"type":"Feature","properties":{"type":"Unknown","name":null,"min_zoom":7,"expressway":0},"geometry":{"type":"LineString","coordinates":[[112.467965,30.589245],[112.410224,30.552125],[112.368979,30.527379],[112.348357,30.523254],[112.319486,30.527379],[112.278242,30.548001],[112.236998,30.560374],[112.216376,30.580996],[112.175131,30.601619]]}},{"type":"Feature","properties":{"type":"Unknown","name":null,"min_zoom":7.7,"expressway":0},"geometry":{"type":"LineString","coordinates":[[114.282711,30.523254],[114.286836,30.535628],[114.319831,30.568623],[114.361075,30.613992],[114.385822,30.626365],[114.43119,30.646987],[114.460061,30.651112],[114.488932,30.642863],[114.497181,30.634614],[114.526052,30.580996],[114.546674,30.55625],[114.57967,30.531503]]}},{"type":"Feature","properties":{"type":"Unknown","name":null,"min_zoom":7.7,"expressway":0},"geometry":{"type":"LineString","coordinates":[[114.299209,30.515006],[114.282711,30.523254]]}},{"type":"Feature","properties":{"type":"Unknown","name":null,"min_zoom":5,"expressway":0},"geometry":{"type":"LineString","coordinates":[[109.659234,30.506757],[109.671607,30.510881],[109.708727,30.531503],[109.725225,30.576872],[109.737598,30.589245]]}},{"type":"Feature","properties":{"type":"Unknown","name":null,"min_zoom":7.6,"expressway":0},"geometry":{"type":"LineString","coordinates":[[109.659234,30.506757],[109.609741,30.552125],[109.589119,30.560374],[109.584994,30.568623],[109.547875,30.580996],[109.54375,30.601619],[109.531377,30.613992],[109.510755,30.613992],[109.50663,30.642863],[109.477759,30.646987],[109.457137,30.667609],[109.428266,30.663485],[109.407644,30.667609],[109.391146,30.679983],[109.358151,30.675858],[109.345778,30.688231],[109.345778,30.704729],[109.337529,30.712978],[109.333405,30.741849],[109.337529,30.758347],[109.354027,30.77072],[109.345778,30.783093],[109.349902,30.795466],[109.349902,30.816088],[109.370524,30.832586],[109.378773,30.849084],[109.411769,30.877955],[109.436515,30.890328],[109.469511,30.898577],[109.477759,30.923323],[109.469511,30.939821],[109.477759,30.960443],[109.502506,30.968692],[109.54375,30.993439],[109.539626,31.009936],[109.551999,31.026434],[109.556123,31.038807]]}},{"type":"Feature","properties":{"type":"Unknown","name":null,"min_zoom":7.6,"expressway":0},"geometry":{"type":"LineString","coordinates":[[111.172897,30.506757],[111.131653,30.560374],[111.111031,30.585121],[111.08216,30.601619],[111.053289,30.622241]]}},{"type":"Feature","properties":{"type":"Unknown","name":null,"min_zoom":7.7,"expressway":0},"geometry":{"type":"LineString","coordinates":[[114.410568,30.494384],[114.361075,30.502632],[114.299209,30.515006]]}},{"type":"Feature","properties":{"type":"Unknown","name":null,"min_zoom":7.6,"expressway":0},"geometry":{"type":"LineString","coordinates":[[113.173242,30.597494],[113.193864,30.605743],[113.222735,30.605743],[113.251606,30.59337],[113.272228,30.572748],[113.296974,30.568623],[113.313472,30.564499],[113.325845,30.539752],[113.342343,30.531503],[113.416583,30.531503],[113.428956,30.527379],[113.4702,30.498508],[113.494947,30.494384],[113.523818,30.494384],[113.552688,30.502632],[113.577435,30.51913],[113.593933,30.548001],[113.602182,30.572748],[113.614555,30.585121],[113.643426,30.59337],[113.68467,30.618116],[113.713541,30.626365],[113.742412,30.626365],[113.771283,30.626365]]}},{"type":"Feature","properties":{"type":"Unknown","name":null,"min_zoom":7.7,"expressway":0},"geometry":{"type":"LineString","coordinates":[[114.57967,30.531503],[114.567296,30.523254],[114.526052,30.515006],[114.464186,30.494384],[114.451813,30.490259],[114.410568,30.494384]]}},{"type":"Feature","properties":{"type":"Unknown","name":null,"min_zoom":7.7,"expressway":0},"geometry":{"type":"LineString","coordinates":[[111.317252,30.498508],[111.271883,30.506757],[111.243012,30.490259],[111.214141,30.48201],[111.18527,30.486135],[111.172897,30.506757]]}},{"type":"Feature","properties":{"type":"Unknown","name":null,"min_zoom":7.7,"expressway":0},"geometry":{"type":"LineString","coordinates":[[113.956882,30.473761],[113.961006,30.527379],[113.969255,30.539752],[113.998126,30.552125],[114.03937,30.552125]]}},{"type":"Feature","properties":{"type":"Unknown","name":null,"min_zoom":7.6,"expressway":0},"geometry":{"type":"LineString","coordinates":[[111.172897,30.506757],[111.139901,30.490259],[111.127528,30.469637]]}},{"type":"Feature","properties":{"type":"Unknown","name":null,"min_zoom":7.6,"expressway":0},"geometry":{"type":"LineString","coordinates":[[113.173242,30.597494],[113.177366,30.523254],[113.177366,30.465513],[113.164993,30.449015]]}},{"type":"Feature","properties":{"type":"Unknown","name":null,"min_zoom":7.7,"expressway":0},"geometry":{"type":"LineString","coordinates":[[114.410568,30.494384],[114.427066,30.473761],[114.439439,30.440766]]}},{"type":"Feature","properties":{"type":"Unknown","name":null,"min_zoom":7.7,"expressway":0},"geometry":{"type":"LineString","coordinates":[[114.196098,30.548001],[114.163103,30.510881],[114.15073,30.502632],[114.142481,30.48201],[114.117734,30.461388],[114.101237,30.453139],[114.059992,30.449015],[114.022873,30.432517]]}},{"type":"Feature","properties":{"type":"Unknown","name":null,"min_zoom":7.7,"expressway":0},"geometry":{"type":"LineString","coordinates":[[113.956882,30.473761],[113.989877,30.461388],[114.022873,30.432517]]}},{"type":"Feature","properties":{"type":"Unknown","name":null,"min_zoom":7.6,"expressway":0},"geometry":{"type":"LineString","coordinates":[[111.824556,30.494384],[111.808058,30.498508],[111.762689,30.498508],[111.750316,30.494384],[111.742067,30.465513],[111.737943,30.424268]]}},{"type":"Feature","properties":{"type":"Unknown","name":null,"min_zoom":7.6,"expressway":0},"geometry":{"type":"LineString","coordinates":[[111.737943,30.424268],[111.824556,30.424268]]}},{"type":"Feature","properties":{"type":"Unknown","name":null,"min_zoom":7.6,"expressway":0},"geometry":{"type":"LineString","coordinates":[[111.824556,30.424268],[111.841053,30.424268]]}},{"type":"Feature","properties":{"type":"Unknown","name":null,"min_zoom":7,"expressway":0},"geometry":{"type":"LineString","coordinates":[[114.814762,30.411895],[114.790015,30.436642],[114.773517,30.510881],[114.761144,30.523254],[114.744647,30.527379],[114.633287,30.535628],[114.57967,30.531503]]}},{"type":"Feature","properties":{"type":"Unknown","name":null,"min_zoom":7.7,"expressway":0},"geometry":{"type":"LineString","coordinates":[[111.317252,30.498508],[111.346123,30.502632],[111.391491,30.515006],[111.403865,30.510881],[111.420362,30.486135],[111.428611,30.461388],[111.428611,30.411895]]}},{"type":"Feature","properties":{"type":"Unknown","name":null,"min_zoom":7.7,"expressway":0},"geometry":{"type":"LineString","coordinates":[[112.711306,30.399522],[112.752551,30.407771],[112.793795,30.403646],[112.835039,30.407771],[112.851537,30.411895]]}},{"type":"Feature","properties":{"type":"Unknown","name":null,"min_zoom":7,"expressway":0},"geometry":{"type":"LineString","coordinates":[[111.572966,30.395397],[111.630708,30.41602],[111.68845,30.424268],[111.737943,30.424268]]}},{"type":"Feature","properties":{"type":"Unknown","name":null,"min_zoom":7.7,"expressway":0},"geometry":{"type":"LineString","coordinates":[[114.439439,30.440766],[114.484808,30.461388],[114.501306,30.461388],[114.526052,30.449015],[114.554923,30.44489],[114.567296,30.436642],[114.604416,30.436642],[114.616789,30.428393],[114.637412,30.403646],[114.649785,30.395397],[114.662158,30.395397],[114.691029,30.399522],[114.715776,30.399522],[114.732273,30.383024],[114.744647,30.3789],[114.769393,30.399522],[114.781766,30.399522],[114.802388,30.383024],[114.814762,30.391273],[114.814762,30.411895]]}},{"type":"Feature","properties":{"type":"Unknown","name":null,"min_zoom":7.6,"expressway":0},"geometry":{"type":"LineString","coordinates":[[111.432735,30.366526],[111.440984,30.383024],[111.428611,30.411895]]}},{"type":"Feature","properties":{"type":"Unknown","name":null,"min_zoom":7.7,"expressway":0},"geometry":{"type":"LineString","coordinates":[[112.175131,30.601619],[112.175131,30.576872],[112.175131,30.535628],[112.179256,30.510881],[112.18338,30.44489],[112.175131,30.362402]]}},{"type":"Feature","properties":{"type":"Unknown","name":null,"min_zoom":7.7,"expressway":0},"geometry":{"type":"LineString","coordinates":[[112.851537,30.411895],[112.86391,30.411895],[112.905154,30.407771],[112.954647,30.403646],[112.987643,30.399522],[113.053633,30.383024],[113.119624,30.3789],[113.156744,30.374775],[113.210361,30.370651],[113.268103,30.366526],[113.305223,30.366526],[113.408334,30.358278]]}},{"type":"Feature","properties":{"type":"Unknown","name":null,"min_zoom":7.6,"expressway":0},"geometry":{"type":"LineString","coordinates":[[113.408334,30.358278],[113.43308,30.358278]]}},{"type":"Feature","properties":{"type":"Road","name":null,"min_zoom":4,"expressway":0},"geometry":{"type":"LineString","coordinates":[[108.388912,30.824337],[108.417783,30.811964],[108.438405,30.791342],[108.504396,30.787218],[108.520893,30.791342],[108.541516,30.787218],[108.566262,30.766595],[108.599257,30.754222],[108.611631,30.741849],[108.615755,30.708853],[108.628128,30.684107],[108.624004,30.646987],[108.628128,30.630489],[108.644626,30.609867],[108.652875,30.585121],[108.681746,30.55625],[108.694119,30.523254],[108.706492,30.494384],[108.694119,30.424268],[108.681746,30.41602],[108.665248,30.374775],[108.656999,30.350029]]}},{"type":"Feature","properties":{"type":"Unknown","name":null,"min_zoom":7.7,"expressway":0},"geometry":{"type":"LineString","coordinates":[[113.43308,30.358278],[113.482573,30.354153],[113.536191,30.358278],[113.577435,30.358278],[113.606306,30.345904],[113.635177,30.34178],[113.664048,30.358278],[113.709417,30.403646],[113.742412,30.41602],[113.787781,30.424268],[113.837274,30.428393],[113.890891,30.440766],[113.919762,30.449015],[113.948633,30.461388],[113.956882,30.473761]]}},{"type":"Feature","properties":{"type":"Road","name":null,"min_zoom":4,"expressway":0},"geometry":{"type":"LineString","coordinates":[[112.175131,30.362402],[112.191629,30.337655]]}},{"type":"Feature","properties":{"type":"Unknown","name":null,"min_zoom":7.7,"expressway":0},"geometry":{"type":"LineString","coordinates":[[114.299209,30.515006],[114.270338,30.48201],[114.25384,30.440766],[114.237343,30.399522],[114.233218,30.354153],[114.233218,30.333531]]}},{"type":"Feature","properties":{"type":"Road","name":null,"min_zoom":3,"expressway":0},"geometry":{"type":"LineString","coordinates":[[114.233218,30.333531],[114.208472,30.345904],[114.15073,30.337655],[114.130108,30.34178]]}},{"type":"Feature","properties":{"type":"Unknown","name":null,"min_zoom":7.7,"expressway":0},"geometry":{"type":"LineString","coordinates":[[114.439439,30.440766],[114.443564,30.436642],[114.43119,30.399522],[114.414693,30.395397],[114.398195,30.370651],[114.389946,30.345904],[114.381697,30.333531],[114.369324,30.329407]]}},{"type":"Feature","properties":{"type":"Unknown","name":null,"min_zoom":7.7,"expressway":0},"geometry":{"type":"LineString","coordinates":[[114.369324,30.329407],[114.352826,30.329407],[114.32808,30.34178],[114.299209,30.345904],[114.274462,30.34178],[114.233218,30.333531]]}},{"type":"Feature","properties":{"type":"Road","name":null,"min_zoom":4,"expressway":0},"geometry":{"type":"LineString","coordinates":[[108.656999,30.350029],[108.681746,30.329407]]}},{"type":"Feature","properties":{"type":"Unknown","name":null,"min_zoom":7.7,"expressway":0},"geometry":{"type":"LineString","coordinates":[[112.191629,30.337655],[112.199878,30.337655],[112.224625,30.329407],[112.253495,30.329407],[112.29474,30.345904],[112.352482,30.345904],[112.381353,30.34178],[112.406099,30.329407],[112.418472,30.325282],[112.463841,30.329407],[112.505085,30.329407],[112.521583,30.333531],[112.579325,30.354153],[112.637067,30.374775],[112.678311,30.387149],[112.711306,30.399522]]}},{"type":"Feature","properties":{"type":"Road","name":null,"min_zoom":4,"expressway":0},"geometry":{"type":"LineString","coordinates":[[112.191629,30.337655],[112.212251,30.30466]]}},{"type":"Feature","properties":{"type":"Unknown","name":null,"min_zoom":7,"expressway":0},"geometry":{"type":"LineString","coordinates":[[112.212251,30.30466],[112.2205,30.292287]]}},{"type":"Feature","properties":{"type":"Unknown","name":null,"min_zoom":7,"expressway":0},"geometry":{"type":"LineString","coordinates":[[112.2205,30.292287],[112.224625,30.288162]]}},{"type":"Feature","properties":{"type":"Unknown","name":null,"min_zoom":7.6,"expressway":0},"geometry":{"type":"LineString","coordinates":[[111.432735,30.366526],[111.420362,30.358278],[111.39974,30.333531],[111.387367,30.30466],[111.387367,30.284038]]}},{"type":"Feature","properties":{"type":"Unknown","name":null,"min_zoom":7.7,"expressway":0},"geometry":{"type":"LineString","coordinates":[[111.841053,30.424268],[111.857551,30.41602],[111.886422,30.403646],[111.944164,30.312909],[111.960662,30.300536],[111.989532,30.288162],[112.018403,30.284038],[112.034901,30.288162],[112.039026,30.300536],[112.039026,30.312909],[112.04315,30.321158],[112.055523,30.329407],[112.11739,30.325282],[112.179256,30.312909],[112.212251,30.30466]]}},{"type":"Feature","properties":{"type":"Unknown","name":null,"min_zoom":7,"expressway":0},"geometry":{"type":"LineString","coordinates":[[111.482229,30.279914],[111.494602,30.288162],[111.519348,30.308785],[111.523473,30.321158],[111.519348,30.345904],[111.527597,30.370651],[111.53997,30.383024],[111.572966,30.395397]]}},{"type":"Feature","properties":{"type":"Unknown","name":null,"min_zoom":7.6,"expressway":0},"geometry":{"type":"LineString","coordinates":[[111.482229,30.279914],[111.465731,30.30466],[111.432735,30.366526]]}},{"type":"Feature","properties":{"type":"Unknown","name":null,"min_zoom":7.7,"expressway":0},"geometry":{"type":"LineString","coordinates":[[108.842598,30.275789],[108.842598,30.279914],[108.879718,30.288162],[108.925087,30.300536]]}},{"type":"Feature","properties":{"type":"Road","name":null,"min_zoom":4,"expressway":0},"geometry":{"type":"LineString","coordinates":[[108.681746,30.329407],[108.702368,30.317033],[108.710617,30.300536],[108.718866,30.292287],[108.755985,30.284038],[108.821976,30.279914],[108.842598,30.275789]]}},{"type":"Feature","properties":{"type":"Unknown","name":null,"min_zoom":7.6,"expressway":0},"geometry":{"type":"LineString","coordinates":[[109.420017,30.271665],[109.473635,30.271665],[109.494257,30.279914],[109.50663,30.30466],[109.519004,30.34178],[109.519004,30.370651],[109.54375,30.395397],[109.584994,30.41602],[109.61799,30.453139],[109.626239,30.465513],[109.659234,30.506757]]}},{"type":"Feature","properties":{"type":"Unknown","name":null,"min_zoom":7.7,"expressway":0},"geometry":{"type":"LineString","coordinates":[[108.925087,30.300536],[108.949833,30.308785],[108.966331,30.30466],[108.999326,30.292287],[109.015824,30.271665]]}},{"type":"Feature","properties":{"type":"Unknown","name":null,"min_zoom":7.6,"expressway":0},"geometry":{"type":"LineString","coordinates":[[111.482229,30.263416],[111.482229,30.279914]]}},{"type":"Feature","properties":{"type":"Unknown","name":null,"min_zoom":7.7,"expressway":0},"geometry":{"type":"LineString","coordinates":[[114.315707,30.255167],[114.340453,30.275789],[114.3652,30.312909],[114.369324,30.329407]]}},{"type":"Feature","properties":{"type":"Unknown","name":null,"min_zoom":7.6,"expressway":0},"geometry":{"type":"LineString","coordinates":[[113.408334,30.358278],[113.383587,30.329407],[113.379463,30.30466],[113.379463,30.26754],[113.358841,30.246918]]}},{"type":"Feature","properties":{"type":"Unknown","name":null,"min_zoom":7,"expressway":0},"geometry":{"type":"LineString","coordinates":[[112.212251,30.30466],[112.245247,30.30466],[112.274118,30.288162],[112.286491,30.275789],[112.311237,30.246918]]}},{"type":"Feature","properties":{"type":"Unknown","name":null,"min_zoom":7,"expressway":0},"geometry":{"type":"LineString","coordinates":[[111.622459,30.251043],[111.610086,30.259291],[111.560593,30.246918],[111.531722,30.242794],[111.502851,30.251043],[111.482229,30.263416]]}},{"type":"Feature","properties":{"type":"Unknown","name":null,"min_zoom":7,"expressway":0},"geometry":{"type":"LineString","coordinates":[[112.224625,30.288162],[112.171007,30.246918],[112.129763,30.226296]]}},{"type":"Feature","properties":{"type":"Unknown","name":null,"min_zoom":7,"expressway":0},"geometry":{"type":"LineString","coordinates":[[112.129763,30.226296],[112.113265,30.222172],[112.088519,30.230421]]}},{"type":"Feature","properties":{"type":"Unknown","name":null,"min_zoom":6,"expressway":0},"geometry":{"type":"LineString","coordinates":[[109.420017,30.271665],[109.436515,30.226296],[109.436515,30.213923]]}},{"type":"Feature","properties":{"type":"Unknown","name":null,"min_zoom":7.6,"expressway":0},"geometry":{"type":"LineString","coordinates":[[109.015824,30.271665],[109.044695,30.238669],[109.073566,30.205674],[109.098313,30.197425],[109.143681,30.209798],[109.184925,30.230421],[109.209672,30.234545],[109.22617,30.230421],[109.234418,30.209798],[109.255041,30.205674],[109.263289,30.213923],[109.275663,30.242794],[109.387022,30.26754],[109.420017,30.271665]]}},{"type":"Feature","properties":{"type":"Unknown","name":null,"min_zoom":7,"expressway":0},"geometry":{"type":"LineString","coordinates":[[112.088519,30.230421],[112.072021,30.230421],[112.047274,30.213923],[112.022528,30.209798],[111.993657,30.197425],[111.96891,30.189176]]}},{"type":"Feature","properties":{"type":"Unknown","name":null,"min_zoom":7.6,"expressway":0},"geometry":{"type":"LineString","coordinates":[[111.387367,30.284038],[111.383242,30.26754],[111.36262,30.213923],[111.341998,30.176803],[111.329625,30.172679]]}},{"type":"Feature","properties":{"type":"Unknown","name":null,"min_zoom":7.6,"expressway":0},"geometry":{"type":"LineString","coordinates":[[111.96891,30.189176],[111.940039,30.172679],[111.919417,30.16443]]}},{"type":"Feature","properties":{"type":"Unknown","name":null,"min_zoom":7,"expressway":0},"geometry":{"type":"LineString","coordinates":[[111.746192,30.16443],[111.713196,30.176803],[111.655454,30.20155],[111.622459,30.251043]]}},{"type":"Feature","properties":{"type":"Unknown","name":null,"min_zoom":7,"expressway":0},"geometry":{"type":"LineString","coordinates":[[111.919417,30.16443],[111.898795,30.172679],[111.857551,30.176803],[111.832804,30.197425],[111.803933,30.197425],[111.775063,30.185052],[111.746192,30.16443]]}},{"type":"Feature","properties":{"type":"Unknown","name":null,"min_zoom":7.6,"expressway":0},"geometry":{"type":"LineString","coordinates":[[113.43308,30.358278],[113.445454,30.329407],[113.457827,30.292287],[113.474324,30.263416],[113.499071,30.255167],[113.50732,30.218047],[113.523818,30.213923],[113.552688,30.230421],[113.565062,30.234545],[113.581559,30.230421],[113.622804,30.197425],[113.635177,30.185052],[113.651675,30.156181]]}},{"type":"Feature","properties":{"type":"Unknown","name":null,"min_zoom":7.6,"expressway":0},"geometry":{"type":"LineString","coordinates":[[108.533267,30.106688],[108.541516,30.114937],[108.562138,30.143808],[108.578635,30.180927],[108.591009,30.197425],[108.595133,30.222172],[108.607506,30.26754],[108.615755,30.284038],[108.628128,30.317033],[108.640502,30.337655],[108.656999,30.350029]]}},{"type":"Feature","properties":{"type":"Unknown","name":null,"min_zoom":7.6,"expressway":0},"geometry":{"type":"LineString","coordinates":[[111.482229,30.263416],[111.469855,30.230421],[111.478104,30.205674],[111.498726,30.180927],[111.502851,30.168554],[111.498726,30.156181],[111.47398,30.143808],[111.461606,30.131434],[111.465731,30.094315],[111.478104,30.069568],[111.486353,30.069568]]}},{"type":"Feature","properties":{"type":"Unknown","name":null,"min_zoom":7.6,"expressway":0},"geometry":{"type":"LineString","coordinates":[[110.315017,30.05307],[110.310893,30.094315],[110.290271,30.147932],[110.298519,30.172679],[110.323266,30.193301],[110.335639,30.205674],[110.331515,30.222172],[110.306768,30.251043],[110.315017,30.279914],[110.310893,30.292287],[110.273773,30.325282],[110.269648,30.34178],[110.273773,30.366526],[110.269648,30.3789],[110.244902,30.403646],[110.282022,30.494384],[110.286146,30.51913],[110.290271,30.548001],[110.286146,30.585121],[110.290271,30.597494],[110.310893,30.613992]]}},{"type":"Feature","properties":{"type":"Unknown","name":null,"min_zoom":7.6,"expressway":0},"geometry":{"type":"LineString","coordinates":[[114.130108,30.34178],[114.117734,30.325282],[114.092988,30.30466],[114.105361,30.279914],[114.101237,30.255167],[114.064117,30.209798],[114.055868,30.185052],[114.064117,30.172679],[114.101237,30.139683],[114.105361,30.114937],[114.092988,30.09019],[114.080615,30.065444],[114.055868,30.044822]]}},{"type":"Feature","properties":{"type":"Unknown","name":null,"min_zoom":7.6,"expressway":0},"geometry":{"type":"LineString","coordinates":[[111.552344,30.040697],[111.523473,30.057195],[111.486353,30.069568]]}},{"type":"Feature","properties":{"type":"Unknown","name":null,"min_zoom":7,"expressway":0},"geometry":{"type":"LineString","coordinates":[[114.233218,30.333531],[114.241467,30.300536],[114.25384,30.255167],[114.274462,30.143808],[114.274462,30.123186],[114.286836,30.081941],[114.299209,30.048946],[114.311582,30.040697],[114.340453,30.028324]]}},{"type":"Feature","properties":{"type":"Unknown","name":null,"min_zoom":7,"expressway":0},"geometry":{"type":"LineString","coordinates":[[112.311237,30.246918],[112.319486,30.222172],[112.335984,30.160305],[112.348357,30.135559],[112.381353,30.12731],[112.389601,30.114937],[112.393726,30.102563],[112.418472,30.098439],[112.430846,30.09019],[112.430846,30.065444],[112.414348,30.032448],[112.422597,30.024199]]}},{"type":"Feature","properties":{"type":"Unknown","name":null,"min_zoom":7.6,"expressway":0},"geometry":{"type":"LineString","coordinates":[[111.746192,30.16443],[111.79156,30.152056],[111.787436,30.139683],[111.775063,30.131434],[111.762689,30.110812],[111.746192,30.086066],[111.746192,30.036573],[111.75444,30.024199]]}},{"type":"Feature","properties":{"type":"Unknown","name":null,"min_zoom":7.6,"expressway":0},"geometry":{"type":"LineString","coordinates":[[111.329625,30.172679],[111.292505,30.16443],[111.247136,30.156181],[111.234763,30.160305],[111.214141,30.180927],[111.201768,30.189176],[111.172897,30.168554],[111.123404,30.16443],[111.078035,30.176803],[111.065662,30.176803],[111.036791,30.156181],[111.024418,30.147932],[111.00792,30.147932],[110.974925,30.156181],[110.946054,30.156181],[110.921307,30.176803],[110.908934,30.176803],[110.896561,30.16443],[110.880063,30.172679],[110.851192,30.172679],[110.822321,30.160305],[110.789326,30.160305],[110.748081,30.180927],[110.735708,30.185052],[110.673842,30.185052],[110.636722,30.189176],[110.628473,30.172679],[110.620224,30.147932],[110.595478,30.12731],[110.583105,30.123186],[110.566607,30.135559],[110.545985,30.139683],[110.50474,30.12731],[110.47587,30.114937],[110.451123,30.077817],[110.422252,30.057195],[110.40163,30.032448],[110.372759,30.015951],[110.356261,30.015951],[110.315017,30.044822],[110.315017,30.05307]]}},{"type":"Feature","properties":{"type":"Unknown","name":null,"min_zoom":7.6,"expressway":0},"geometry":{"type":"LineString","coordinates":[[114.629163,30.020075],[114.604416,30.007702],[114.559048,30.011826],[114.54255,30.007702],[114.50543,30.007702],[114.447688,30.015951],[114.406444,30.024199],[114.381697,30.028324],[114.340453,30.028324]]}},{"type":"Feature","properties":{"type":"Unknown","name":null,"min_zoom":7.6,"expressway":0},"geometry":{"type":"LineString","coordinates":[[109.436515,30.213923],[109.428266,30.168554],[109.415893,30.12731],[109.415893,30.098439],[109.399395,30.073692],[109.395271,30.040697],[109.407644,29.999453]]}},{"type":"Feature","properties":{"type":"Unknown","name":null,"min_zoom":7.6,"expressway":0},"geometry":{"type":"LineString","coordinates":[[110.315017,30.05307],[110.286146,30.044822],[110.265524,30.020075],[110.22428,29.999453]]}},{"type":"Feature","properties":{"type":"Unknown","name":null,"min_zoom":7.6,"expressway":0},"geometry":{"type":"LineString","coordinates":[[111.585339,29.999453],[111.564717,30.028324],[111.552344,30.040697]]}},{"type":"Feature","properties":{"type":"Unknown","name":null,"min_zoom":7.6,"expressway":0},"geometry":{"type":"LineString","coordinates":[[111.75444,30.024199],[111.671952,29.999453]]}},{"type":"Feature","properties":{"type":"Unknown","name":null,"min_zoom":7.6,"expressway":0},"geometry":{"type":"LineString","coordinates":[[111.671952,29.999453],[111.593588,29.982955],[111.585339,29.999453]]}},{"type":"Feature","properties":{"type":"Unknown","name":null,"min_zoom":7.6,"expressway":0},"geometry":{"type":"LineString","coordinates":[[114.913748,30.048946],[114.884877,30.057195],[114.843633,30.061319],[114.814762,30.05307],[114.781766,30.040697],[114.773517,30.028324],[114.744647,30.015951],[114.724024,29.995328],[114.695153,29.982955],[114.670407,29.98708],[114.629163,30.020075]]}},{"type":"Feature","properties":{"type":"Unknown","name":null,"min_zoom":7.6,"expressway":0},"geometry":{"type":"LineString","coordinates":[[109.407644,29.999453],[109.420017,29.974706]]}},{"type":"Feature","properties":{"type":"Unknown","name":null,"min_zoom":7.7,"expressway":0},"geometry":{"type":"LineString","coordinates":[[108.343543,29.958209],[108.347668,29.966457],[108.388912,29.98708],[108.459027,30.044822],[108.504396,30.077817],[108.533267,30.106688]]}},{"type":"Feature","properties":{"type":"Unknown","name":null,"min_zoom":7.6,"expressway":0},"geometry":{"type":"LineString","coordinates":[[114.055868,30.044822],[114.018748,30.036573],[114.006375,30.024199],[113.961006,30.003577],[113.961006,29.978831],[113.948633,29.970582],[113.907389,29.958209],[113.89914,29.945835]]}},{"type":"Feature","properties":{"type":"Unknown","name":null,"min_zoom":7.7,"expressway":0},"geometry":{"type":"LineString","coordinates":[[113.841398,29.962333],[113.878518,29.962333],[113.890891,29.958209],[113.89914,29.945835]]}},{"type":"Feature","properties":{"type":"Unknown","name":null,"min_zoom":7.6,"expressway":0},"geometry":{"type":"LineString","coordinates":[[110.22428,29.999453],[110.203658,29.98708],[110.178911,29.94996],[110.15004,29.945835],[110.121169,29.929338]]}},{"type":"Feature","properties":{"type":"Unknown","name":null,"min_zoom":7.6,"expressway":0},"geometry":{"type":"LineString","coordinates":[[114.340453,30.028324],[114.352826,29.995328],[114.348702,29.937587],[114.344578,29.916964]]}},{"type":"Feature","properties":{"type":"Unknown","name":null,"min_zoom":7.6,"expressway":0},"geometry":{"type":"LineString","coordinates":[[108.61988,29.892218],[108.611631,29.921089],[108.591009,29.941711],[108.586884,29.958209],[108.591009,29.978831],[108.64875,29.982955],[108.656999,29.98708],[108.665248,30.028324],[108.677621,30.036573],[108.706492,30.040697],[108.727115,30.057195],[108.739488,30.077817],[108.747737,30.086066],[108.76011,30.114937],[108.780732,30.147932],[108.801354,30.156181],[108.809603,30.16443],[108.817852,30.193301],[108.842598,30.213923],[108.850847,30.230421],[108.842598,30.275789]]}},{"type":"Feature","properties":{"type":"Major Highway","name":null,"min_zoom":4,"expressway":1},"geometry":{"type":"LineString","coordinates":[[112.224625,30.288162],[112.232873,30.271665],[112.241122,30.251043],[112.236998,30.226296],[112.228749,30.205674],[112.2205,30.197425],[112.195754,30.185052],[112.175131,30.156181],[112.175131,30.123186],[112.195754,30.048946],[112.204002,30.032448],[112.171007,30.036573],[112.125638,30.028324],[112.11739,30.020075],[112.113265,29.999453],[112.11739,29.962333],[112.109141,29.941711],[112.067896,29.888093],[112.04315,29.871596],[112.018403,29.867471],[111.927666,29.87572],[111.894671,29.87572]]}},{"type":"Feature","properties":{"type":"Unknown","name":null,"min_zoom":7,"expressway":0},"geometry":{"type":"LineString","coordinates":[[114.344578,29.916964],[114.332204,29.892218],[114.295084,29.855098]]}},{"type":"Feature","properties":{"type":"Unknown","name":null,"min_zoom":7.6,"expressway":0},"geometry":{"type":"LineString","coordinates":[[112.86391,29.846849],[112.859786,29.91284],[112.868034,29.945835],[112.888657,29.978831],[112.925776,30.024199],[112.93815,30.048946],[112.942274,30.073692],[112.934025,30.12731],[112.921652,30.152056],[112.896905,30.176803],[112.888657,30.197425],[112.892781,30.234545],[112.892781,30.263416],[112.880408,30.312909],[112.86391,30.387149],[112.851537,30.411895]]}},{"type":"Feature","properties":{"type":"Unknown","name":null,"min_zoom":7,"expressway":0},"geometry":{"type":"LineString","coordinates":[[112.422597,30.024199],[112.439094,30.011826],[112.546329,29.970582],[112.599947,29.962333],[112.628818,29.962333],[112.68656,29.970582],[112.715431,29.958209],[112.752551,29.921089],[112.78967,29.892218],[112.86391,29.846849]]}},{"type":"Feature","properties":{"type":"Unknown","name":null,"min_zoom":7,"expressway":0},"geometry":{"type":"LineString","coordinates":[[114.295084,29.855098],[114.241467,29.826227]]}},{"type":"Feature","properties":{"type":"Unknown","name":null,"min_zoom":7.6,"expressway":0},"geometry":{"type":"LineString","coordinates":[[114.241467,29.826227],[114.229094,29.842725],[114.18785,29.855098],[114.154854,29.896342],[114.138356,29.925213],[114.130108,29.94996],[114.121859,29.991204],[114.105361,30.020075],[114.105361,30.032448],[114.088863,30.044822],[114.059992,30.036573],[114.055868,30.044822]]}},{"type":"Feature","properties":{"type":"Unknown","name":null,"min_zoom":7,"expressway":0},"geometry":{"type":"LineString","coordinates":[[113.358841,30.246918],[113.346467,30.230421],[113.346467,30.172679],[113.313472,30.102563],[113.313472,30.077817],[113.325845,30.061319],[113.362965,30.040697],[113.416583,30.020075],[113.445454,29.999453],[113.457827,29.98708],[113.461951,29.974706],[113.466076,29.94996],[113.4702,29.937587],[113.457827,29.888093],[113.457827,29.87572],[113.441329,29.855098],[113.441329,29.842725],[113.453702,29.817978]]}},{"type":"Feature","properties":{"type":"Unknown","name":null,"min_zoom":7.6,"expressway":0},"geometry":{"type":"LineString","coordinates":[[114.946743,29.813854],[114.905499,29.805605],[114.889001,29.809729],[114.843633,29.822103],[114.7199,29.8386],[114.662158,29.859223],[114.587918,29.879845],[114.517803,29.904591],[114.493057,29.908716],[114.455937,29.908716],[114.373449,29.91284]]}},{"type":"Feature","properties":{"type":"Unknown","name":null,"min_zoom":7.6,"expressway":0},"geometry":{"type":"LineString","coordinates":[[114.295084,29.855098],[114.323955,29.822103],[114.332204,29.805605]]}},{"type":"Feature","properties":{"type":"Unknown","name":null,"min_zoom":7.6,"expressway":0},"geometry":{"type":"LineString","coordinates":[[109.420017,29.974706],[109.40352,29.958209],[109.32928,29.892218],[109.304534,29.87572],[109.217921,29.817978],[109.18905,29.805605],[109.176677,29.801481]]}},{"type":"Feature","properties":{"type":"Unknown","name":null,"min_zoom":7.6,"expressway":0},"geometry":{"type":"LineString","coordinates":[[112.86391,29.797356],[112.86391,29.846849]]}},{"type":"Feature","properties":{"type":"Unknown","name":null,"min_zoom":7,"expressway":0},"geometry":{"type":"LineString","coordinates":[[113.016514,29.77261],[112.971145,29.797356],[112.946398,29.805605],[112.921652,29.809729],[112.896905,29.809729],[112.86391,29.797356]]}},{"type":"Feature","properties":{"type":"Unknown","name":null,"min_zoom":7.6,"expressway":0},"geometry":{"type":"LineString","coordinates":[[113.024762,29.768485],[113.016514,29.77261]]}},{"type":"Feature","properties":{"type":"Unknown","name":null,"min_zoom":7.6,"expressway":0},"geometry":{"type":"LineString","coordinates":[[109.692229,29.73549],[109.708727,29.739614],[109.840709,29.764361],[109.877828,29.776734],[109.906699,29.797356],[109.93557,29.822103],[109.989188,29.859223],[110.00981,29.879845],[110.022183,29.888093],[110.067552,29.925213],[110.096423,29.929338],[110.121169,29.929338]]}},{"type":"Feature","properties":{"type":"Unknown","name":null,"min_zoom":7.6,"expressway":0},"geometry":{"type":"LineString","coordinates":[[108.454903,29.731365],[108.504396,29.747863],[108.516769,29.760236],[108.529142,29.813854],[108.537391,29.822103],[108.574511,29.8386],[108.599257,29.867471],[108.61988,29.888093],[108.61988,29.892218]]}},{"type":"Feature","properties":{"type":"Unknown","name":null,"min_zoom":7.6,"expressway":0},"geometry":{"type":"LineString","coordinates":[[113.89914,29.945835],[113.903264,29.933462],[113.907389,29.888093],[113.89914,29.87572],[113.874393,29.855098],[113.866145,29.846849],[113.86202,29.809729],[113.866145,29.784983],[113.878518,29.747863],[113.857896,29.718992]]}},{"type":"Feature","properties":{"type":"Unknown","name":null,"min_zoom":7.7,"expressway":0},"geometry":{"type":"LineString","coordinates":[[113.853771,29.702494],[113.878518,29.710743],[113.903264,29.723117],[113.919762,29.739614],[113.961006,29.756112],[113.989877,29.756112],[114.035246,29.751988],[114.084739,29.764361],[114.158979,29.789107],[114.21672,29.813854],[114.241467,29.826227]]}},{"type":"Feature","properties":{"type":"Unknown","name":null,"min_zoom":6,"expressway":0},"geometry":{"type":"LineString","coordinates":[[113.857896,29.718992],[113.853771,29.702494]]}},{"type":"Feature","properties":{"type":"Unknown","name":null,"min_zoom":7.6,"expressway":0},"geometry":{"type":"LineString","coordinates":[[109.692229,29.73549],[109.675732,29.731365],[109.646861,29.73549],[109.61799,29.702494],[109.584994,29.690121],[109.556123,29.685997],[109.510755,29.681872],[109.502506,29.673624]]}},{"type":"Feature","properties":{"type":"Unknown","name":null,"min_zoom":7.6,"expressway":0},"geometry":{"type":"LineString","coordinates":[[109.176677,29.801481],[109.168428,29.764361],[109.172552,29.747863],[109.168428,29.73549],[109.180801,29.710743],[109.168428,29.702494],[109.156054,29.677748],[109.156054,29.665375]]}},{"type":"Feature","properties":{"type":"Unknown","name":null,"min_zoom":7.6,"expressway":0},"geometry":{"type":"LineString","coordinates":[[109.156054,29.665375],[109.147806,29.66125],[109.123059,29.677748],[109.110686,29.665375]]}},{"type":"Feature","properties":{"type":"Major Highway","name":null,"min_zoom":4,"expressway":1},"geometry":{"type":"LineString","coordinates":[[111.894671,29.87572],[111.861675,29.846849],[111.79156,29.760236],[111.770938,29.727241],[111.758565,29.694246],[111.746192,29.657126]]}},{"type":"Feature","properties":{"type":"Unknown","name":null,"min_zoom":7.6,"expressway":0},"geometry":{"type":"LineString","coordinates":[[110.121169,29.929338],[110.170662,29.921089],[110.203658,29.91284],[110.282022,29.896342],[110.331515,29.883969],[110.352137,29.879845],[110.356261,29.871596],[110.360386,29.846849],[110.381008,29.842725],[110.393381,29.830352],[110.405754,29.826227],[110.414003,29.834476],[110.426376,29.859223],[110.459372,29.888093],[110.488243,29.892218],[110.537736,29.879845],[110.595478,29.879845],[110.628473,29.892218],[110.71921,29.937587],[110.743957,29.945835],[110.768704,29.937587],[110.801699,29.91284],[110.842943,29.904591],[110.863565,29.892218],[110.871814,29.871596],[110.875938,29.850974],[110.896561,29.813854],[110.900685,29.793232],[110.900685,29.768485],[110.929556,29.751988],[110.941929,29.73549],[110.950178,29.718992],[110.962551,29.702494],[110.954302,29.681872],[110.954302,29.673624],[110.974925,29.653001]]}},{"type":"Feature","properties":{"type":"Unknown","name":null,"min_zoom":7.6,"expressway":0},"geometry":{"type":"LineString","coordinates":[[111.886422,29.648877],[111.882297,29.644753]]}},{"type":"Feature","properties":{"type":"Unknown","name":null,"min_zoom":7.6,"expressway":0},"geometry":{"type":"LineString","coordinates":[[111.882297,29.644753],[111.849302,29.644753],[111.820431,29.644753],[111.79156,29.648877],[111.762689,29.648877],[111.746192,29.657126]]}},{"type":"Feature","properties":{"type":"Unknown","name":null,"min_zoom":7.6,"expressway":0},"geometry":{"type":"LineString","coordinates":[[109.502506,29.673624],[109.490133,29.648877],[109.469511,29.632379]]}},{"type":"Feature","properties":{"type":"Road","name":null,"min_zoom":3,"expressway":0},"geometry":{"type":"LineString","coordinates":[[109.263289,29.632379],[109.259165,29.657126],[109.246792,29.66125],[109.18905,29.657126],[109.176677,29.665375],[109.156054,29.665375]]}},{"type":"Feature","properties":{"type":"Major Highway","name":null,"min_zoom":4,"expressway":1},"geometry":{"type":"LineString","coordinates":[[111.746192,29.657126],[111.729694,29.644753],[111.638957,29.615882]]}},{"type":"Feature","properties":{"type":"Unknown","name":null,"min_zoom":7.6,"expressway":0},"geometry":{"type":"LineString","coordinates":[[111.638957,29.615882],[111.61421,29.62413],[111.535846,29.644753],[111.502851,29.648877],[111.47398,29.648877],[111.424487,29.640628],[111.403865,29.632379],[111.379118,29.599384]]}},{"type":"Feature","properties":{"type":"Unknown","name":null,"min_zoom":7.6,"expressway":0},"geometry":{"type":"LineString","coordinates":[[111.379118,29.599384],[111.337874,29.591135],[111.321376,29.591135],[111.29663,29.611757],[111.276007,29.636504],[111.25951,29.644753],[111.230639,29.648877],[111.181146,29.640628],[111.123404,29.640628],[111.061537,29.648877],[110.974925,29.653001]]}},{"type":"Feature","properties":{"type":"Unknown","name":null,"min_zoom":7.6,"expressway":0},"geometry":{"type":"LineString","coordinates":[[109.110686,29.665375],[109.090064,29.648877],[109.065317,29.632379],[109.024073,29.607633],[109.007575,29.595259],[108.982829,29.595259],[108.93746,29.603508],[108.916838,29.595259],[108.896216,29.582886]]}},{"type":"Feature","properties":{"type":"Unknown","name":null,"min_zoom":7.6,"expressway":0},"geometry":{"type":"LineString","coordinates":[[114.332204,29.805605],[114.340453,29.789107],[114.344578,29.768485],[114.348702,29.73549],[114.332204,29.710743],[114.315707,29.690121],[114.311582,29.669499],[114.311582,29.636504],[114.323955,29.603508],[114.323955,29.578762]]}},{"type":"Feature","properties":{"type":"Unknown","name":null,"min_zoom":7.6,"expressway":0},"geometry":{"type":"LineString","coordinates":[[114.497181,29.599384],[114.484808,29.603508],[114.427066,29.595259],[114.369324,29.578762],[114.340453,29.574637],[114.323955,29.578762]]}},{"type":"Feature","properties":{"type":"Unknown","name":null,"min_zoom":7.7,"expressway":0},"geometry":{"type":"LineString","coordinates":[[113.853771,29.702494],[113.820776,29.681872],[113.783656,29.657126],[113.746536,29.615882],[113.742412,29.603508],[113.750661,29.582886],[113.746536,29.570513],[113.717665,29.549891]]}},{"type":"Feature","properties":{"type":"Unknown","name":null,"min_zoom":7,"expressway":0},"geometry":{"type":"LineString","coordinates":[[113.453702,29.817978],[113.449578,29.813854],[113.408334,29.793232],[113.375338,29.768485],[113.284601,29.685997],[113.251606,29.648877],[113.222735,29.611757],[113.173242,29.554015],[113.160868,29.541642],[113.148495,29.549891],[113.123749,29.570513],[113.111375,29.578762],[113.094878,29.615882],[113.074256,29.640628],[113.066007,29.665375],[113.07838,29.710743],[113.066007,29.73549],[113.024762,29.768485]]}},{"type":"Feature","properties":{"type":"Unknown","name":null,"min_zoom":7.6,"expressway":0},"geometry":{"type":"LineString","coordinates":[[112.381353,29.727241],[112.439094,29.727241],[112.467965,29.727241],[112.525707,29.714868],[112.554578,29.694246],[112.571076,29.694246],[112.595823,29.69837],[112.657689,29.690121],[112.670062,29.677748],[112.665938,29.66125],[112.657689,29.644753],[112.628818,29.611757],[112.620569,29.587011],[112.616445,29.562264],[112.620569,29.537518]]}},{"type":"Feature","properties":{"type":"Road","name":null,"min_zoom":3,"expressway":0},"geometry":{"type":"LineString","coordinates":[[108.896216,29.582886],[108.883843,29.574637],[108.821976,29.537518],[108.793105,29.529269]]}},{"type":"Feature","properties":{"type":"Unknown","name":null,"min_zoom":7.6,"expressway":0},"geometry":{"type":"LineString","coordinates":[[114.323955,29.578762],[114.315707,29.562264],[114.278587,29.55814],[114.245591,29.566389],[114.204347,29.55814],[114.167227,29.541642],[114.121859,29.529269]]}},{"type":"Feature","properties":{"type":"Unknown","name":null,"min_zoom":6,"expressway":0},"geometry":{"type":"LineString","coordinates":[[114.031121,29.525144],[114.018748,29.554015],[113.989877,29.570513],[113.961006,29.570513],[113.915638,29.562264],[113.787781,29.549891],[113.75891,29.549891],[113.717665,29.549891]]}},{"type":"Feature","properties":{"type":"Unknown","name":null,"min_zoom":7.6,"expressway":0},"geometry":{"type":"LineString","coordinates":[[108.793105,29.529269],[108.731239,29.533393],[108.702368,29.545766],[108.669373,29.570513],[108.644626,29.574637],[108.624004,29.570513],[108.607506,29.541642],[108.570386,29.516895],[108.553889,29.516895],[108.525018,29.525144],[108.500271,29.525144],[108.4714,29.537518],[108.467276,29.541642],[108.421907,29.545766]]}},{"type":"Feature","properties":{"type":"Unknown","name":null,"min_zoom":7.6,"expressway":0},"geometry":{"type":"LineString","coordinates":[[109.469511,29.632379],[109.448888,29.62413],[109.436515,29.611757],[109.420017,29.562264],[109.407644,29.545766],[109.399395,29.516895]]}},{"type":"Feature","properties":{"type":"Unknown","name":null,"min_zoom":7.6,"expressway":0},"geometry":{"type":"LineString","coordinates":[[114.121859,29.529269],[114.105361,29.516895],[114.092988,29.512771],[114.068241,29.516895],[114.047619,29.525144],[114.031121,29.525144]]}},{"type":"Feature","properties":{"type":"Unknown","name":null,"min_zoom":7.6,"expressway":0},"geometry":{"type":"LineString","coordinates":[[109.399395,29.516895],[109.374649,29.512771]]}},{"type":"Feature","properties":{"type":"Road","name":null,"min_zoom":3,"expressway":0},"geometry":{"type":"LineString","coordinates":[[109.374649,29.512771],[109.358151,29.508647],[109.341653,29.516895],[109.300409,29.554015],[109.279787,29.578762],[109.271538,29.603508],[109.263289,29.632379]]}},{"type":"Feature","properties":{"type":"Unknown","name":null,"min_zoom":7.6,"expressway":0},"geometry":{"type":"LineString","coordinates":[[114.930246,29.541642],[114.901375,29.545766],[114.864255,29.512771],[114.847757,29.504522],[114.818886,29.500398],[114.777642,29.516895],[114.748771,29.512771],[114.703402,29.496273],[114.629163,29.504522],[114.530177,29.500398],[114.488932,29.496273],[114.472435,29.500398],[114.460061,29.508647],[114.46831,29.529269],[114.50543,29.566389],[114.509554,29.591135],[114.497181,29.599384]]}},{"type":"Feature","properties":{"type":"Unknown","name":null,"min_zoom":7,"expressway":0},"geometry":{"type":"LineString","coordinates":[[113.428956,29.471527],[113.400085,29.479776],[113.383587,29.492149],[113.362965,29.516895],[113.338219,29.525144]]}},{"type":"Feature","properties":{"type":"Unknown","name":null,"min_zoom":7.6,"expressway":0},"geometry":{"type":"LineString","coordinates":[[112.554578,29.467402],[112.558703,29.4839],[112.550454,29.504522],[112.550454,29.525144],[112.562827,29.537518],[112.620569,29.537518]]}},{"type":"Feature","properties":{"type":"Unknown","name":null,"min_zoom":7,"expressway":0},"geometry":{"type":"LineString","coordinates":[[113.717665,29.549891],[113.659923,29.525144],[113.598057,29.496273],[113.565062,29.4839],[113.519693,29.475651],[113.482573,29.471527],[113.441329,29.467402],[113.428956,29.471527]]}},{"type":"Feature","properties":{"type":"Major Highway","name":null,"min_zoom":4,"expressway":1},"geometry":{"type":"LineString","coordinates":[[111.638957,29.615882],[111.626583,29.595259],[111.61421,29.549891],[111.610086,29.504522],[111.618334,29.44678]]}},{"type":"Feature","properties":{"type":"Unknown","name":null,"min_zoom":7.6,"expressway":0},"geometry":{"type":"LineString","coordinates":[[111.300754,29.554015],[111.276007,29.554015],[111.230639,29.55814],[111.201768,29.541642],[111.189395,29.52102],[111.201768,29.467402],[111.193519,29.44678],[111.172897,29.438531],[111.152275,29.44678],[111.123404,29.430283]]}},{"type":"Feature","properties":{"type":"Unknown","name":null,"min_zoom":7.6,"expressway":0},"geometry":{"type":"LineString","coordinates":[[113.412458,29.426158],[113.428956,29.471527]]}},{"type":"Feature","properties":{"type":"Unknown","name":null,"min_zoom":5,"expressway":0},"geometry":{"type":"LineString","coordinates":[[111.618334,29.44678],[111.622459,29.422034]]}},{"type":"Feature","properties":{"type":"Road","name":null,"min_zoom":3,"expressway":0},"geometry":{"type":"LineString","coordinates":[[109.465386,29.422034],[109.448888,29.44678],[109.424142,29.479776],[109.399395,29.516895]]}},{"type":"Feature","properties":{"type":"Unknown","name":null,"min_zoom":6,"expressway":0},"geometry":{"type":"LineString","coordinates":[[111.123404,29.430283],[111.094533,29.417909],[111.073911,29.430283]]}},{"type":"Feature","properties":{"type":"Unknown","name":null,"min_zoom":7,"expressway":0},"geometry":{"type":"LineString","coordinates":[[111.123404,29.430283],[111.14815,29.422034],[111.172897,29.38079]]}},{"type":"Feature","properties":{"type":"Unknown","name":null,"min_zoom":7,"expressway":0},"geometry":{"type":"LineString","coordinates":[[113.338219,29.525144],[113.29285,29.529269],[113.259855,29.52102],[113.243357,29.508647],[113.226859,29.492149],[113.210361,29.44678],[113.18149,29.413785],[113.140246,29.376665],[113.131997,29.356043]]}},{"type":"Feature","properties":{"type":"Unknown","name":null,"min_zoom":7.6,"expressway":0},"geometry":{"type":"LineString","coordinates":[[109.498381,29.34367],[109.486008,29.347794],[109.486008,29.384914],[109.465386,29.422034]]}},{"type":"Feature","properties":{"type":"Unknown","name":null,"min_zoom":5,"expressway":0},"geometry":{"type":"LineString","coordinates":[[109.601492,29.339545],[109.601492,29.360167],[109.613865,29.38079],[109.613865,29.393163],[109.58087,29.44678],[109.568497,29.459154],[109.539626,29.467402],[109.514879,29.44678],[109.465386,29.422034]]}},{"type":"Feature","properties":{"type":"Unknown","name":null,"min_zoom":7.6,"expressway":0},"geometry":{"type":"LineString","coordinates":[[109.601492,29.339545],[109.568497,29.335421],[109.527252,29.34367],[109.498381,29.34367]]}},{"type":"Feature","properties":{"type":"Unknown","name":null,"min_zoom":6,"expressway":0},"geometry":{"type":"LineString","coordinates":[[111.172897,29.38079],[111.18527,29.372541],[111.22239,29.360167],[111.247136,29.339545],[111.292505,29.318923]]}},{"type":"Feature","properties":{"type":"Unknown","name":null,"min_zoom":7.7,"expressway":0},"geometry":{"type":"LineString","coordinates":[[113.367089,29.302426],[113.387712,29.34367]]}},{"type":"Feature","properties":{"type":"Unknown","name":null,"min_zoom":7.6,"expressway":0},"geometry":{"type":"LineString","coordinates":[[111.783311,29.294177],[111.808058,29.339545],[111.824556,29.356043],[111.857551,29.368416],[111.861675,29.417909],[111.8658,29.44678],[111.8658,29.471527],[111.857551,29.549891],[111.845178,29.566389],[111.849302,29.591135],[111.878173,29.636504],[111.882297,29.644753]]}},{"type":"Feature","properties":{"type":"Unknown","name":null,"min_zoom":6,"expressway":0},"geometry":{"type":"LineString","coordinates":[[111.073911,29.430283],[111.020293,29.40966],[110.917183,29.38079],[110.875938,29.368416],[110.838819,29.360167],[110.809948,29.34367],[110.772828,29.302426],[110.748081,29.285928],[110.727459,29.277679]]}},{"type":"Feature","properties":{"type":"Unknown","name":null,"min_zoom":7.6,"expressway":0},"geometry":{"type":"LineString","coordinates":[[110.244902,29.417909],[110.216031,29.417909],[110.178911,29.413785],[110.125294,29.393163],[110.092298,29.368416],[110.059303,29.323048],[110.038681,29.298301],[110.00981,29.281803],[110.001561,29.26943]]}},{"type":"Feature","properties":{"type":"Unknown","name":null,"min_zoom":5,"expressway":0},"geometry":{"type":"LineString","coordinates":[[114.031121,29.525144],[114.010499,29.52102],[113.965131,29.4839],[113.923886,29.463278],[113.874393,29.434407],[113.853771,29.417909],[113.853771,29.405536],[113.86202,29.384914],[113.849647,29.356043],[113.820776,29.327172],[113.804278,29.298301],[113.791905,29.277679],[113.783656,29.26943]]}},{"type":"Feature","properties":{"type":"Unknown","name":null,"min_zoom":7.6,"expressway":0},"geometry":{"type":"LineString","coordinates":[[112.055523,29.261181],[112.088519,29.281803],[112.113265,29.30655],[112.129763,29.335421],[112.154509,29.405536],[112.158634,29.417909]]}},{"type":"Feature","properties":{"type":"Unknown","name":null,"min_zoom":7.6,"expressway":0},"geometry":{"type":"LineString","coordinates":[[113.783656,29.26943],[113.791905,29.257057]]}},{"type":"Feature","properties":{"type":"Road","name":null,"min_zoom":3,"expressway":0},"geometry":{"type":"LineString","coordinates":[[109.634487,29.199315],[109.638612,29.211688],[109.650985,29.261181],[109.630363,29.285928],[109.634487,29.310674],[109.61799,29.335421],[109.601492,29.339545]]}},{"type":"Feature","properties":{"type":"Unknown","name":null,"min_zoom":5,"expressway":0},"geometry":{"type":"LineString","coordinates":[[115.078725,29.248808],[115.062227,29.248808],[115.033356,29.261181],[114.992112,29.248808],[114.963241,29.252932],[114.930246,29.252932],[114.868379,29.248808],[114.856006,29.248808],[114.814762,29.23231],[114.798264,29.244684],[114.785891,29.244684],[114.75702,29.23231],[114.744647,29.224061],[114.686905,29.182817]]}},{"type":"Feature","properties":{"type":"Major Highway","name":null,"min_zoom":3,"expressway":1},"geometry":{"type":"LineString","coordinates":[[110.727459,29.277679],[110.669717,29.261181],[110.632598,29.240559],[110.570731,29.211688],[110.50474,29.191066],[110.484118,29.178693],[110.479994,29.170444],[110.484118,29.145697]]}},{"type":"Feature","properties":{"type":"Unknown","name":null,"min_zoom":7.6,"expressway":0},"geometry":{"type":"LineString","coordinates":[[110.484118,29.145697],[110.471745,29.149822],[110.422252,29.16632],[110.372759,29.207564],[110.348012,29.224061],[110.331515,29.252932],[110.32739,29.277679],[110.323266,29.294177],[110.290271,29.339545],[110.269648,29.347794],[110.228404,29.34367],[110.211907,29.360167],[110.216031,29.372541],[110.240777,29.389038],[110.253151,29.40966],[110.244902,29.417909]]}},{"type":"Feature","properties":{"type":"Unknown","name":null,"min_zoom":7.6,"expressway":0},"geometry":{"type":"LineString","coordinates":[[108.751861,29.145697],[108.772483,29.195191],[108.793105,29.277679],[108.788981,29.314799],[108.793105,29.356043],[108.793105,29.360167],[108.805479,29.434407],[108.79723,29.455029],[108.772483,29.488025],[108.772483,29.504522],[108.788981,29.52102],[108.793105,29.529269]]}},{"type":"Feature","properties":{"type":"Unknown","name":null,"min_zoom":7,"expressway":0},"geometry":{"type":"LineString","coordinates":[[113.131997,29.356043],[113.127873,29.318923],[113.131997,29.290052],[113.15262,29.257057],[113.160868,29.240559],[113.164993,29.203439],[113.18149,29.16632],[113.18149,29.137449]]}},{"type":"Feature","properties":{"type":"Unknown","name":null,"min_zoom":7.7,"expressway":0},"geometry":{"type":"LineString","coordinates":[[113.111375,29.141573],[113.123749,29.141573],[113.18149,29.137449]]}},{"type":"Feature","properties":{"type":"Unknown","name":null,"min_zoom":7.6,"expressway":0},"geometry":{"type":"LineString","coordinates":[[112.055523,29.261181],[112.026652,29.257057],[111.973035,29.261181],[111.931791,29.257057],[111.907044,29.252932],[111.861675,29.240559],[111.816307,29.207564],[111.787436,29.178693],[111.770938,29.145697],[111.758565,29.133324]]}},{"type":"Feature","properties":{"type":"Unknown","name":null,"min_zoom":7.6,"expressway":0},"geometry":{"type":"LineString","coordinates":[[111.758565,29.133324],[111.750316,29.153946],[111.75444,29.191066],[111.762689,29.23231],[111.775063,29.281803],[111.783311,29.294177]]}},{"type":"Feature","properties":{"type":"Road","name":null,"min_zoom":3,"expressway":0},"geometry":{"type":"LineString","coordinates":[[110.492367,29.133324],[110.484118,29.145697]]}},{"type":"Feature","properties":{"type":"Unknown","name":null,"min_zoom":7.6,"expressway":0},"geometry":{"type":"LineString","coordinates":[[113.791905,29.257057],[113.791905,29.248808],[113.767158,29.207564],[113.763034,29.170444],[113.771283,29.112702]]}},{"type":"Feature","properties":{"type":"Unknown","name":null,"min_zoom":7,"expressway":0},"geometry":{"type":"LineString","coordinates":[[113.247481,29.096204],[113.251606,29.09208]]}},{"type":"Feature","properties":{"type":"Unknown","name":null,"min_zoom":7.6,"expressway":0},"geometry":{"type":"LineString","coordinates":[[110.001561,29.26943],[109.985063,29.23231],[109.952068,29.203439],[109.943819,29.178693],[109.943819,29.153946],[109.93557,29.120951],[109.939695,29.100329],[109.927321,29.063209]]}},{"type":"Feature","properties":{"type":"Major Highway","name":null,"min_zoom":3,"expressway":1},"geometry":{"type":"LineString","coordinates":[[110.22428,29.05496],[110.298519,29.067333],[110.356261,29.079707],[110.389257,29.096204],[110.418128,29.108578],[110.459372,29.108578],[110.479994,29.116827],[110.492367,29.133324]]}},{"type":"Feature","properties":{"type":"Unknown","name":null,"min_zoom":7,"expressway":0},"geometry":{"type":"LineString","coordinates":[[111.292505,29.318923],[111.317252,29.298301],[111.3255,29.277679],[111.341998,29.240559],[111.354371,29.186942],[111.370869,29.137449],[111.383242,29.120951],[111.465731,29.087956],[111.482229,29.075582],[111.523473,29.05496],[111.535846,29.05496]]}},{"type":"Feature","properties":{"type":"Major Highway","name":null,"min_zoom":3,"expressway":1},"geometry":{"type":"LineString","coordinates":[[109.927321,29.063209],[109.947943,29.05496],[109.976814,29.05496],[110.001561,29.059085]]}},{"type":"Feature","properties":{"type":"Unknown","name":null,"min_zoom":7.6,"expressway":0},"geometry":{"type":"LineString","coordinates":[[111.758565,29.133324],[111.737943,29.120951],[111.729694,29.096204],[111.713196,29.083831],[111.680201,29.075582],[111.667828,29.046711]]}},{"type":"Feature","properties":{"type":"Major Highway","name":null,"min_zoom":4,"expressway":1},"geometry":{"type":"LineString","coordinates":[[111.622459,29.422034],[111.618334,29.397287],[111.622459,29.376665],[111.622459,29.34367],[111.618334,29.302426],[111.618334,29.26943],[111.610086,29.215813],[111.610086,29.178693],[111.605961,29.153946],[111.605961,29.100329],[111.618334,29.075582],[111.647205,29.05496],[111.667828,29.046711]]}},{"type":"Feature","properties":{"type":"Unknown","name":null,"min_zoom":7,"expressway":0},"geometry":{"type":"LineString","coordinates":[[111.535846,29.05496],[111.560593,29.059085],[111.597712,29.046711],[111.626583,29.038462],[111.667828,29.046711]]}},{"type":"Feature","properties":{"type":"Unknown","name":null,"min_zoom":7,"expressway":0},"geometry":{"type":"LineString","coordinates":[[111.667828,29.046711],[111.700823,29.042587],[111.68845,29.026089]]}},{"type":"Feature","properties":{"type":"Unknown","name":null,"min_zoom":5,"expressway":0},"geometry":{"type":"LineString","coordinates":[[114.686905,29.182817],[114.662158,29.16632],[114.633287,29.162195],[114.600292,29.158071],[114.571421,29.141573],[114.567296,29.112702],[114.575545,29.083831],[114.575545,29.071458],[114.567296,29.05496],[114.538425,29.046711],[114.534301,29.026089]]}},{"type":"Feature","properties":{"type":"Major Highway","name":null,"min_zoom":3,"expressway":1},"geometry":{"type":"LineString","coordinates":[[110.001561,29.059085],[110.00981,29.063209],[110.051054,29.050836],[110.088174,29.026089]]}},{"type":"Feature","properties":{"type":"Major Highway","name":null,"min_zoom":3,"expressway":1},"geometry":{"type":"LineString","coordinates":[[110.088174,29.026089],[110.100547,29.026089],[110.15004,29.050836],[110.162413,29.050836],[110.22428,29.05496]]}},{"type":"Feature","properties":{"type":"Unknown","name":null,"min_zoom":5,"expressway":0},"geometry":{"type":"LineString","coordinates":[[114.43119,29.030214],[114.406444,29.030214],[114.352826,29.01784],[114.336329,29.01784],[114.311582,29.038462],[114.282711,29.021965],[114.278587,29.013716]]}},{"type":"Feature","properties":{"type":"Road","name":null,"min_zoom":3,"expressway":0},"geometry":{"type":"LineString","coordinates":[[109.927321,29.063209],[109.894326,29.034338],[109.848957,29.005467]]}},{"type":"Feature","properties":{"type":"Unknown","name":null,"min_zoom":7.6,"expressway":0},"geometry":{"type":"LineString","coordinates":[[114.534301,29.026089],[114.538425,29.01784],[114.563172,29.001343]]}},{"type":"Feature","properties":{"type":"Road","name":null,"min_zoom":3,"expressway":0},"geometry":{"type":"LineString","coordinates":[[109.848957,29.005467],[109.828335,29.009592],[109.791215,29.001343],[109.766469,29.001343],[109.741722,29.021965],[109.716976,29.034338],[109.700478,29.059085],[109.667483,29.096204],[109.630363,29.137449],[109.626239,29.158071],[109.634487,29.199315]]}},{"type":"Feature","properties":{"type":"Unknown","name":null,"min_zoom":5,"expressway":0},"geometry":{"type":"LineString","coordinates":[[114.534301,29.026089],[114.513679,29.013716],[114.501306,28.988969],[114.488932,28.984845],[114.476559,28.993094],[114.455937,29.01784],[114.43119,29.030214]]}},{"type":"Feature","properties":{"type":"Unknown","name":null,"min_zoom":6,"expressway":0},"geometry":{"type":"LineString","coordinates":[[114.179601,28.980721],[114.204347,28.984845],[114.229094,29.001343],[114.257965,28.993094],[114.270338,28.997218],[114.278587,29.013716]]}},{"type":"Feature","properties":{"type":"Unknown","name":null,"min_zoom":5,"expressway":0},"geometry":{"type":"LineString","coordinates":[[114.179601,28.980721],[114.15073,29.009592],[114.134232,29.030214],[114.109485,29.059085],[114.084739,29.071458],[114.055868,29.075582],[114.010499,29.075582],[113.998126,29.079707],[113.97338,29.104453],[113.969255,29.112702],[113.977504,29.137449],[113.969255,29.153946],[113.928011,29.178693],[113.89914,29.199315],[113.895016,29.211688],[113.845522,29.252932],[113.816652,29.257057],[113.791905,29.257057]]}},{"type":"Feature","properties":{"type":"Unknown","name":null,"min_zoom":7.6,"expressway":0},"geometry":{"type":"LineString","coordinates":[[113.771283,29.112702],[113.771283,29.09208],[113.75891,29.05496],[113.738287,29.009592],[113.72179,28.960098]]}},{"type":"Feature","properties":{"type":"Unknown","name":null,"min_zoom":7,"expressway":0},"geometry":{"type":"LineString","coordinates":[[111.68845,29.026089],[111.684325,29.001343],[111.692574,28.972472],[111.704947,28.95185]]}},{"type":"Feature","properties":{"type":"Unknown","name":null,"min_zoom":7.6,"expressway":0},"geometry":{"type":"LineString","coordinates":[[114.03937,28.918854],[114.047619,28.935352],[114.068241,28.943601],[114.125983,28.960098],[114.146605,28.968347],[114.179601,28.980721]]}},{"type":"Feature","properties":{"type":"Unknown","name":null,"min_zoom":7.6,"expressway":0},"geometry":{"type":"LineString","coordinates":[[112.315362,28.918854],[112.307113,28.939476],[112.298864,28.968347],[112.298864,29.034338],[112.290615,29.079707],[112.290615,29.112702],[112.298864,29.149822],[112.311237,29.16632],[112.352482,29.203439],[112.377228,29.236435],[112.414348,29.265306],[112.426721,29.277679],[112.430846,29.290052],[112.426721,29.314799],[112.414348,29.34367],[112.410224,29.364292],[112.414348,29.372541],[112.447343,29.356043],[112.459717,29.360167],[112.447343,29.389038],[112.451468,29.40966],[112.467965,29.426158],[112.492712,29.442656],[112.538081,29.459154],[112.554578,29.467402]]}},{"type":"Feature","properties":{"type":"Major Highway","name":null,"min_zoom":4,"expressway":1},"geometry":{"type":"LineString","coordinates":[[111.68845,29.026089],[111.676076,29.021965],[111.663703,29.005467],[111.630708,28.960098],[111.597712,28.931228],[111.572966,28.910605],[111.527597,28.881734],[111.486353,28.881734]]}},{"type":"Feature","properties":{"type":"Unknown","name":null,"min_zoom":7.6,"expressway":0},"geometry":{"type":"LineString","coordinates":[[114.831259,28.972472],[114.806513,28.935352],[114.781766,28.898232],[114.752895,28.906481],[114.728149,28.898232],[114.715776,28.894108],[114.699278,28.873486]]}},{"type":"Feature","properties":{"type":"Unknown","name":null,"min_zoom":7.6,"expressway":0},"geometry":{"type":"LineString","coordinates":[[114.563172,29.001343],[114.587918,28.984845],[114.620914,28.943601],[114.64566,28.902357],[114.658034,28.889983],[114.678656,28.87761],[114.699278,28.873486]]}},{"type":"Feature","properties":{"type":"Unknown","name":null,"min_zoom":7.6,"expressway":0},"geometry":{"type":"LineString","coordinates":[[108.743612,28.869361],[108.772483,28.910605],[108.788981,28.947725],[108.801354,28.988969],[108.79723,29.009592],[108.801354,29.034338],[108.809603,29.046711],[108.809603,29.059085],[108.780732,29.083831],[108.776608,29.100329],[108.751861,29.137449],[108.751861,29.145697]]}},{"type":"Feature","properties":{"type":"Unknown","name":null,"min_zoom":7.6,"expressway":0},"geometry":{"type":"LineString","coordinates":[[114.699278,28.873486],[114.7199,28.865237],[114.744647,28.852863],[114.748771,28.84049]]}},{"type":"Feature","properties":{"type":"Unknown","name":null,"min_zoom":7.6,"expressway":0},"geometry":{"type":"LineString","coordinates":[[114.748771,28.84049],[114.785891,28.84049],[114.827135,28.836366],[114.856006,28.836366],[114.89725,28.84049],[114.938494,28.84049],[114.959116,28.852863]]}},{"type":"Feature","properties":{"type":"Unknown","name":null,"min_zoom":7.6,"expressway":0},"geometry":{"type":"LineString","coordinates":[[113.251606,29.09208],[113.272228,29.071458],[113.296974,29.038462],[113.317596,28.993094],[113.325845,28.960098],[113.32997,28.939476],[113.325845,28.91473],[113.317596,28.889983],[113.29285,28.869361],[113.247481,28.844615],[113.214486,28.832241],[113.15262,28.823993]]}},{"type":"Feature","properties":{"type":"Unknown","name":null,"min_zoom":7,"expressway":0},"geometry":{"type":"LineString","coordinates":[[113.18149,29.137449],[113.18149,29.112702],[113.173242,28.972472],[113.160868,28.873486],[113.15262,28.823993]]}},{"type":"Feature","properties":{"type":"Major Highway","name":null,"min_zoom":4,"expressway":1},"geometry":{"type":"LineString","coordinates":[[111.486353,28.881734],[111.486353,28.856988],[111.478104,28.832241],[111.461606,28.819868]]}},{"type":"Feature","properties":{"type":"Unknown","name":null,"min_zoom":7.6,"expressway":0},"geometry":{"type":"LineString","coordinates":[[113.72179,28.960098],[113.668172,28.91473],[113.643426,28.889983],[113.622804,28.869361],[113.593933,28.848739],[113.573311,28.823993],[113.569186,28.80337]]}},{"type":"Feature","properties":{"type":"Unknown","name":null,"min_zoom":7.6,"expressway":0},"geometry":{"type":"LineString","coordinates":[[108.702368,28.790997],[108.710617,28.807495],[108.727115,28.823993],[108.72299,28.861112],[108.743612,28.869361]]}},{"type":"Feature","properties":{"type":"Unknown","name":null,"min_zoom":7,"expressway":0},"geometry":{"type":"LineString","coordinates":[[113.15262,28.823993],[113.148495,28.786873]]}},{"type":"Feature","properties":{"type":"Unknown","name":null,"min_zoom":7.6,"expressway":0},"geometry":{"type":"LineString","coordinates":[[111.948288,28.898232],[111.944164,28.889983],[111.944164,28.865237],[111.960662,28.811619],[111.952413,28.786873],[111.940039,28.766251]]}},{"type":"Feature","properties":{"type":"Unknown","name":null,"min_zoom":7.7,"expressway":0},"geometry":{"type":"LineString","coordinates":[[111.704947,28.95185],[111.742067,28.906481],[111.758565,28.881734],[111.775063,28.865237],[111.812182,28.84049],[111.886422,28.807495],[111.915293,28.786873],[111.940039,28.766251]]}},{"type":"Feature","properties":{"type":"Unknown","name":null,"min_zoom":7.6,"expressway":0},"geometry":{"type":"LineString","coordinates":[[111.65133,28.725006],[111.659579,28.741504],[111.663703,28.770375],[111.663703,28.807495],[111.659579,28.865237],[111.667828,28.889983],[111.696698,28.939476],[111.704947,28.95185]]}},{"type":"Feature","properties":{"type":"Unknown","name":null,"min_zoom":7.6,"expressway":0},"geometry":{"type":"LineString","coordinates":[[113.93626,28.712633],[113.989877,28.749753],[114.022873,28.762126],[114.03937,28.778624],[114.03937,28.790997],[114.022873,28.852863],[114.03937,28.918854]]}},{"type":"Feature","properties":{"type":"Unknown","name":null,"min_zoom":5,"expressway":0},"geometry":{"type":"LineString","coordinates":[[109.848957,29.005467],[109.811838,28.972472],[109.782967,28.939476],[109.770593,28.918854],[109.754096,28.856988],[109.745847,28.84049],[109.692229,28.799246],[109.659234,28.758002],[109.642736,28.729131],[109.634487,28.712633]]}},{"type":"Feature","properties":{"type":"Unknown","name":null,"min_zoom":7.6,"expressway":0},"geometry":{"type":"LineString","coordinates":[[110.001561,28.708509],[110.018059,28.729131],[110.022183,28.741504],[110.022183,28.774499],[110.04693,28.799246],[110.088174,28.832241],[110.137667,28.856988],[110.15004,28.873486],[110.18716,28.898232],[110.195409,28.922979],[110.207782,28.935352],[110.249026,28.939476],[110.253151,28.95185],[110.232529,28.984845],[110.232529,29.009592],[110.22428,29.05496]]}},{"type":"Feature","properties":{"type":"Unknown","name":null,"min_zoom":7.6,"expressway":0},"geometry":{"type":"LineString","coordinates":[[108.743612,28.869361],[108.764234,28.861112],[108.776608,28.861112],[108.79723,28.873486],[108.838474,28.894108],[108.854972,28.906481],[108.875594,28.910605],[108.883843,28.918854],[108.892091,28.939476],[108.90034,28.947725],[108.912714,28.943601],[108.925087,28.927103],[108.941584,28.91473],[108.945709,28.906481],[108.933336,28.852863],[108.933336,28.844615],[108.953958,28.807495],[108.953958,28.782748],[108.941584,28.733255],[108.941584,28.720882],[108.949833,28.708509]]}},{"type":"Feature","properties":{"type":"Unknown","name":null,"min_zoom":7.6,"expressway":0},"geometry":{"type":"LineString","coordinates":[[113.148495,28.786873],[113.119624,28.790997],[113.070131,28.807495],[113.057758,28.807495],[113.049509,28.799246],[113.033011,28.766251],[113.012389,28.741504],[112.975269,28.720882],[112.93815,28.716758],[112.913403,28.70026]]}},{"type":"Feature","properties":{"type":"Unknown","name":null,"min_zoom":7.6,"expressway":0},"geometry":{"type":"LineString","coordinates":[[109.989188,28.696135],[110.001561,28.708509]]}},{"type":"Feature","properties":{"type":"Unknown","name":null,"min_zoom":7.6,"expressway":0},"geometry":{"type":"LineString","coordinates":[[113.569186,28.80337],[113.577435,28.758002],[113.573311,28.733255],[113.560937,28.712633],[113.556813,28.687887],[113.552688,28.683762]]}},{"type":"Feature","properties":{"type":"Unknown","name":null,"min_zoom":7.6,"expressway":0},"geometry":{"type":"LineString","coordinates":[[111.638957,28.671389],[111.647205,28.708509],[111.65133,28.725006]]}},{"type":"Feature","properties":{"type":"Unknown","name":null,"min_zoom":7.6,"expressway":0},"geometry":{"type":"LineString","coordinates":[[112.241122,28.66314],[112.245247,28.675513],[112.253495,28.696135],[112.269993,28.708509],[112.298864,28.725006],[112.315362,28.741504],[112.340108,28.762126],[112.348357,28.786873],[112.368979,28.811619],[112.368979,28.823993],[112.364855,28.844615],[112.356606,28.865237],[112.344233,28.881734]]}},{"type":"Feature","properties":{"type":"Unknown","name":null,"min_zoom":7.7,"expressway":0},"geometry":{"type":"LineString","coordinates":[[111.940039,28.766251],[111.964786,28.745629],[111.993657,28.729131],[112.04315,28.712633],[112.088519,28.704384],[112.129763,28.708509],[112.162758,28.704384],[112.187505,28.696135],[112.241122,28.66314]]}},{"type":"Feature","properties":{"type":"Unknown","name":null,"min_zoom":7,"expressway":0},"geometry":{"type":"LineString","coordinates":[[113.148495,28.786873],[113.148495,28.766251],[113.123749,28.679638],[113.119624,28.650767],[113.123749,28.621896]]}},{"type":"Feature","properties":{"type":"Unknown","name":null,"min_zoom":7.6,"expressway":0},"geometry":{"type":"LineString","coordinates":[[109.956192,28.613647],[109.989188,28.696135]]}},{"type":"Feature","properties":{"type":"Unknown","name":null,"min_zoom":7.7,"expressway":0},"geometry":{"type":"LineString","coordinates":[[112.241122,28.66314],[112.298864,28.630145],[112.340108,28.613647],[112.356606,28.597149]]}},{"type":"Feature","properties":{"type":"Unknown","name":null,"min_zoom":5,"expressway":0},"geometry":{"type":"LineString","coordinates":[[109.634487,28.712633],[109.609741,28.671389],[109.589119,28.650767],[109.572621,28.638394],[109.535501,28.613647],[109.477759,28.5889]]}},{"type":"Feature","properties":{"type":"Unknown","name":null,"min_zoom":7,"expressway":0},"geometry":{"type":"LineString","coordinates":[[112.356606,28.597149],[112.368979,28.5889]]}},{"type":"Feature","properties":{"type":"Unknown","name":null,"min_zoom":7.6,"expressway":0},"geometry":{"type":"LineString","coordinates":[[113.639301,28.572403],[113.618679,28.584776],[113.569186,28.605398],[113.556813,28.62602],[113.552688,28.659016],[113.552688,28.683762]]}},{"type":"Feature","properties":{"type":"Unknown","name":null,"min_zoom":7.6,"expressway":0},"geometry":{"type":"LineString","coordinates":[[113.639301,28.572403],[113.676421,28.576527],[113.72179,28.593025],[113.767158,28.601274],[113.808403,28.617771],[113.8249,28.630145],[113.89914,28.692011],[113.93626,28.712633]]}},{"type":"Feature","properties":{"type":"Unknown","name":null,"min_zoom":7.6,"expressway":0},"geometry":{"type":"LineString","coordinates":[[111.65133,28.547656],[111.643081,28.555905],[111.638957,28.601274],[111.647205,28.62602],[111.638957,28.671389]]}},{"type":"Feature","properties":{"type":"Unknown","name":null,"min_zoom":7.6,"expressway":0},"geometry":{"type":"LineString","coordinates":[[108.475525,28.539407],[108.492022,28.555905],[108.537391,28.568278],[108.566262,28.584776],[108.591009,28.584776]]}},{"type":"Feature","properties":{"type":"Unknown","name":null,"min_zoom":7.6,"expressway":0},"geometry":{"type":"LineString","coordinates":[[111.709072,28.551781],[111.684325,28.539407],[111.671952,28.539407],[111.65133,28.547656]]}},{"type":"Feature","properties":{"type":"Unknown","name":null,"min_zoom":7.7,"expressway":0},"geometry":{"type":"LineString","coordinates":[[113.123749,28.621896],[113.144371,28.613647],[113.169117,28.605398],[113.202113,28.593025],[113.214486,28.597149],[113.230984,28.62602],[113.239232,28.630145],[113.251606,28.62602],[113.272228,28.601274],[113.296974,28.580652],[113.338219,28.547656],[113.358841,28.539407]]}},{"type":"Feature","properties":{"type":"Unknown","name":null,"min_zoom":7.6,"expressway":0},"geometry":{"type":"LineString","coordinates":[[108.591009,28.584776],[108.603382,28.576527],[108.636377,28.535283],[108.656999,28.543532],[108.681746,28.568278],[108.681746,28.593025],[108.702368,28.630145],[108.706492,28.671389],[108.714741,28.725006],[108.718866,28.733255],[108.739488,28.741504],[108.739488,28.766251],[108.710617,28.770375],[108.702368,28.774499],[108.702368,28.790997]]}},{"type":"Feature","properties":{"type":"Unknown","name":null,"min_zoom":7.6,"expressway":0},"geometry":{"type":"LineString","coordinates":[[114.748771,28.84049],[114.736398,28.828117],[114.670407,28.80337],[114.629163,28.778624],[114.616789,28.770375],[114.616789,28.758002],[114.649785,28.720882],[114.649785,28.712633],[114.625038,28.696135],[114.620914,28.671389],[114.592043,28.654891],[114.563172,28.646642],[114.50543,28.642518],[114.488932,28.617771],[114.476559,28.609523],[114.451813,28.597149],[114.435315,28.56003],[114.422942,28.539407],[114.414693,28.531159]]}},{"type":"Feature","properties":{"type":"Unknown","name":null,"min_zoom":5,"expressway":0},"geometry":{"type":"LineString","coordinates":[[112.356606,28.597149],[112.344233,28.580652],[112.319486,28.555905],[112.29474,28.539407],[112.274118,28.531159],[112.25762,28.531159],[112.236998,28.539407],[112.216376,28.555905],[112.208127,28.56003],[112.187505,28.551781],[112.171007,28.535283],[112.129763,28.52291]]}},{"type":"Feature","properties":{"type":"Unknown","name":null,"min_zoom":7.6,"expressway":0},"geometry":{"type":"LineString","coordinates":[[114.414693,28.531159],[114.381697,28.514661],[114.356951,28.514661]]}},{"type":"Feature","properties":{"type":"Unknown","name":null,"min_zoom":7.7,"expressway":0},"geometry":{"type":"LineString","coordinates":[[114.736398,28.489914],[114.748771,28.494039],[114.761144,28.506412],[114.773517,28.527034],[114.79414,28.551781],[114.806513,28.56003],[114.835384,28.564154],[114.864255,28.56003],[114.889001,28.543532],[114.942619,28.543532]]}},{"type":"Feature","properties":{"type":"Unknown","name":null,"min_zoom":7.6,"expressway":0},"geometry":{"type":"LineString","coordinates":[[109.22617,28.489914],[109.288036,28.506412],[109.354027,28.527034],[109.411769,28.555905],[109.415893,28.56003]]}},{"type":"Feature","properties":{"type":"Unknown","name":null,"min_zoom":7.6,"expressway":0},"geometry":{"type":"LineString","coordinates":[[114.538425,28.489914],[114.526052,28.506412],[114.501306,28.52291],[114.414693,28.531159]]}},{"type":"Feature","properties":{"type":"Unknown","name":null,"min_zoom":7.6,"expressway":0},"geometry":{"type":"LineString","coordinates":[[111.746192,28.48579],[111.737943,28.489914],[111.725569,28.506412],[111.721445,28.539407],[111.709072,28.551781]]}},{"type":"Feature","properties":{"type":"Unknown","name":null,"min_zoom":5,"expressway":0},"geometry":{"type":"LineString","coordinates":[[112.129763,28.52291],[112.113265,28.52291],[112.084394,28.527034],[112.039026,28.535283],[112.030777,28.531159],[112.014279,28.518785],[111.981284,28.489914],[111.96891,28.477541],[111.927666,28.473417],[111.857551,28.489914],[111.820431,28.48579],[111.746192,28.48579]]}},{"type":"Feature","properties":{"type":"Unknown","name":null,"min_zoom":7,"expressway":0},"geometry":{"type":"LineString","coordinates":[[113.123749,28.621896],[113.131997,28.5889],[113.131997,28.576527],[113.123749,28.535283],[113.136122,28.469292]]}},{"type":"Feature","properties":{"type":"Unknown","name":null,"min_zoom":7.6,"expressway":0},"geometry":{"type":"LineString","coordinates":[[113.93626,28.712633],[113.93626,28.704384],[113.932135,28.654891],[113.93626,28.630145],[113.944509,28.601274],[113.944509,28.576527],[113.911513,28.527034],[113.89914,28.494039],[113.923886,28.461043]]}},{"type":"Feature","properties":{"type":"Unknown","name":null,"min_zoom":7.6,"expressway":0},"geometry":{"type":"LineString","coordinates":[[109.172552,28.456919],[109.22617,28.489914]]}},{"type":"Feature","properties":{"type":"Unknown","name":null,"min_zoom":7.7,"expressway":0},"geometry":{"type":"LineString","coordinates":[[112.368979,28.5889],[112.410224,28.547656],[112.443219,28.494039],[112.447343,28.473417],[112.451468,28.44867]]}},{"type":"Feature","properties":{"type":"Unknown","name":null,"min_zoom":7.6,"expressway":0},"geometry":{"type":"LineString","coordinates":[[108.986953,28.44867],[108.966331,28.44867],[108.953958,28.465168],[108.93746,28.477541],[108.920962,28.502288],[108.90034,28.518785],[108.912714,28.564154],[108.933336,28.605398],[108.949833,28.675513],[108.949833,28.708509]]}},{"type":"Feature","properties":{"type":"Unknown","name":null,"min_zoom":7.6,"expressway":0},"geometry":{"type":"LineString","coordinates":[[114.245591,28.444546],[114.266214,28.481665],[114.282711,28.494039],[114.303333,28.506412],[114.336329,28.514661],[114.356951,28.514661]]}},{"type":"Feature","properties":{"type":"Unknown","name":null,"min_zoom":5,"expressway":0},"geometry":{"type":"LineString","coordinates":[[109.477759,28.5889],[109.473635,28.576527],[109.473635,28.539407],[109.490133,28.461043],[109.494257,28.436297]]}},{"type":"Feature","properties":{"type":"Major Highway","name":null,"min_zoom":4,"expressway":1},"geometry":{"type":"LineString","coordinates":[[111.461606,28.819868],[111.428611,28.790997],[111.358496,28.745629],[111.3255,28.712633],[111.317252,28.692011],[111.292505,28.671389],[111.271883,28.66314],[111.172897,28.646642],[111.111031,28.634269],[111.094533,28.62602],[111.020293,28.580652],[110.974925,28.539407],[110.937805,28.531159],[110.863565,28.535283],[110.818197,28.543532],[110.79345,28.543532],[110.723335,28.52291],[110.715086,28.518785],[110.677966,28.477541],[110.661469,28.473417],[110.620224,28.481665],[110.595478,28.473417],[110.566607,28.461043],[110.533611,28.452795],[110.484118,28.444546],[110.442874,28.440421],[110.409879,28.432172]]}},{"type":"Feature","properties":{"type":"Unknown","name":null,"min_zoom":7.6,"expressway":0},"geometry":{"type":"LineString","coordinates":[[110.409879,28.432172],[110.397506,28.465168]]}},{"type":"Feature","properties":{"type":"Unknown","name":null,"min_zoom":7.6,"expressway":0},"geometry":{"type":"LineString","coordinates":[[113.639301,28.572403],[113.626928,28.564154],[113.573311,28.514661],[113.536191,28.489914],[113.523818,28.473417],[113.490822,28.432172]]}},{"type":"Feature","properties":{"type":"Unknown","name":null,"min_zoom":7.6,"expressway":0},"geometry":{"type":"LineString","coordinates":[[109.094188,28.415675],[109.172552,28.456919]]}},{"type":"Feature","properties":{"type":"Unknown","name":null,"min_zoom":7.6,"expressway":0},"geometry":{"type":"LineString","coordinates":[[111.65133,28.547656],[111.630708,28.535283],[111.585339,28.539407],[111.552344,28.531159],[111.498726,28.510536],[111.453358,28.48579],[111.420362,28.473417],[111.370869,28.465168],[111.354371,28.452795],[111.321376,28.423924],[111.288381,28.415675],[111.263634,28.41155],[111.168772,28.386804]]}},{"type":"Feature","properties":{"type":"Unknown","name":null,"min_zoom":7.6,"expressway":0},"geometry":{"type":"LineString","coordinates":[[114.959116,28.452795],[114.954992,28.436297],[114.942619,28.428048],[114.884877,28.415675],[114.856006,28.415675],[114.79414,28.390928],[114.785891,28.378555]]}},{"type":"Feature","properties":{"type":"Unknown","name":null,"min_zoom":7.6,"expressway":0},"geometry":{"type":"LineString","coordinates":[[109.003451,28.415675],[109.019948,28.374431],[109.032322,28.378555],[109.094188,28.415675]]}},{"type":"Feature","properties":{"type":"Unknown","name":null,"min_zoom":7.7,"expressway":0},"geometry":{"type":"LineString","coordinates":[[114.769393,28.374431],[114.765269,28.390928],[114.744647,28.415675],[114.715776,28.415675],[114.707527,28.428048],[114.711651,28.452795],[114.728149,28.477541],[114.736398,28.489914]]}},{"type":"Feature","properties":{"type":"Unknown","name":null,"min_zoom":7.7,"expressway":0},"geometry":{"type":"LineString","coordinates":[[112.451468,28.44867],[112.451468,28.403301],[112.459717,28.366182]]}},{"type":"Feature","properties":{"type":"Unknown","name":null,"min_zoom":7,"expressway":0},"geometry":{"type":"LineString","coordinates":[[112.459717,28.366182],[112.459717,28.362057]]}},{"type":"Feature","properties":{"type":"Unknown","name":null,"min_zoom":7.6,"expressway":0},"geometry":{"type":"LineString","coordinates":[[113.923886,28.461043],[113.923886,28.44867],[113.911513,28.432172],[113.874393,28.407426],[113.866145,28.386804],[113.857896,28.362057],[113.857896,28.349684]]}},{"type":"Feature","properties":{"type":"Unknown","name":null,"min_zoom":7.6,"expressway":0},"geometry":{"type":"LineString","coordinates":[[114.769393,28.374431],[114.744647,28.366182],[114.711651,28.362057],[114.658034,28.366182],[114.620914,28.341435]]}},{"type":"Feature","properties":{"type":"Unknown","name":null,"min_zoom":7.6,"expressway":0},"geometry":{"type":"LineString","coordinates":[[114.620914,28.341435],[114.600292,28.386804],[114.587918,28.395053],[114.563172,28.41155],[114.550799,28.423924],[114.546674,28.436297],[114.538425,28.489914]]}},{"type":"Feature","properties":{"type":"Unknown","name":null,"min_zoom":7.6,"expressway":0},"geometry":{"type":"LineString","coordinates":[[113.857896,28.349684],[113.919762,28.341435],[113.977504,28.329062],[114.006375,28.324937],[114.043495,28.329062],[114.109485,28.333186],[114.138356,28.349684],[114.167227,28.366182],[114.204347,28.403301],[114.233218,28.419799],[114.245591,28.444546]]}},{"type":"Feature","properties":{"type":"Unknown","name":null,"min_zoom":7.6,"expressway":0},"geometry":{"type":"LineString","coordinates":[[112.913403,28.70026],[112.896905,28.696135],[112.896905,28.683762],[112.917527,28.66314],[112.929901,28.634269],[112.929901,28.584776],[112.921652,28.518785],[112.905154,28.473417],[112.905154,28.44867],[112.921652,28.423924],[112.917527,28.399177],[112.917527,28.386804],[112.93815,28.378555],[112.954647,28.362057],[112.979394,28.320813],[112.987643,28.312564]]}},{"type":"Feature","properties":{"type":"Unknown","name":null,"min_zoom":7.6,"expressway":0},"geometry":{"type":"LineString","coordinates":[[109.741722,28.30844],[109.749971,28.316689],[109.774718,28.34556],[109.811838,28.403301],[109.820086,28.41155],[109.815962,28.44867],[109.820086,28.456919],[109.848957,28.477541],[109.857206,28.48579],[109.857206,28.514661],[109.865455,28.535283],[109.886077,28.56003],[109.943819,28.605398],[109.956192,28.613647]]}},{"type":"Feature","properties":{"type":"Unknown","name":null,"min_zoom":5,"expressway":0},"geometry":{"type":"LineString","coordinates":[[109.494257,28.436297],[109.510755,28.403301],[109.523128,28.382679],[109.560248,28.349684],[109.589119,28.329062],[109.609741,28.320813],[109.65511,28.312564],[109.712851,28.312564],[109.741722,28.30844]]}},{"type":"Feature","properties":{"type":"Unknown","name":null,"min_zoom":5,"expressway":0},"geometry":{"type":"LineString","coordinates":[[110.133542,28.258947],[110.15004,28.258947]]}},{"type":"Feature","properties":{"type":"Unknown","name":null,"min_zoom":7.7,"expressway":0},"geometry":{"type":"LineString","coordinates":[[113.00414,28.254822],[113.024762,28.300191],[113.028887,28.333186],[113.061882,28.382679],[113.07838,28.399177],[113.090753,28.423924],[113.136122,28.469292]]}},{"type":"Feature","properties":{"type":"Unknown","name":null,"min_zoom":7.7,"expressway":0},"geometry":{"type":"LineString","coordinates":[[112.987643,28.312564],[113.000016,28.283693],[113.00414,28.254822]]}},{"type":"Feature","properties":{"type":"Unknown","name":null,"min_zoom":7.7,"expressway":0},"geometry":{"type":"LineString","coordinates":[[112.459717,28.362057],[112.476214,28.333186],[112.492712,28.30844],[112.554578,28.250698]]}},{"type":"Feature","properties":{"type":"Road","name":null,"min_zoom":4,"expressway":0},"geometry":{"type":"LineString","coordinates":[[110.001561,28.238325],[110.022183,28.254822],[110.063427,28.242449],[110.100547,28.246573],[110.133542,28.258947]]}},{"type":"Feature","properties":{"type":"Unknown","name":null,"min_zoom":7.7,"expressway":0},"geometry":{"type":"LineString","coordinates":[[112.554578,28.250698],[112.571076,28.2342]]}},{"type":"Feature","properties":{"type":"Unknown","name":null,"min_zoom":7.6,"expressway":0},"geometry":{"type":"LineString","coordinates":[[109.094188,28.415675],[109.061193,28.362057],[109.040571,28.320813],[109.032322,28.296066],[109.032322,28.27132],[109.048819,28.267196],[109.069442,28.275444],[109.110686,28.279569],[109.135432,28.27132],[109.15193,28.258947],[109.180801,28.225951]]}},{"type":"Feature","properties":{"type":"Road","name":null,"min_zoom":4,"expressway":0},"geometry":{"type":"LineString","coordinates":[[109.741722,28.30844],[109.778842,28.250698],[109.807713,28.230076],[109.844833,28.217702],[109.894326,28.225951],[109.943819,28.246573],[109.980939,28.2342],[110.001561,28.238325]]}},{"type":"Feature","properties":{"type":"Major Highway","name":null,"min_zoom":4,"expressway":1},"geometry":{"type":"LineString","coordinates":[[110.409879,28.432172],[110.397506,28.41155],[110.389257,28.374431],[110.381008,28.349684],[110.32739,28.300191],[110.273773,28.209454]]}},{"type":"Feature","properties":{"type":"Road","name":null,"min_zoom":4,"expressway":0},"geometry":{"type":"LineString","coordinates":[[110.15004,28.258947],[110.158289,28.2342],[110.174787,28.217702],[110.18716,28.213578],[110.220155,28.225951],[110.236653,28.221827],[110.273773,28.209454]]}},{"type":"Feature","properties":{"type":"Unknown","name":null,"min_zoom":7.6,"expressway":0},"geometry":{"type":"LineString","coordinates":[[113.156744,28.217702],[113.206237,28.213578],[113.268103,28.205329]]}},{"type":"Feature","properties":{"type":"Unknown","name":null,"min_zoom":5,"expressway":0},"geometry":{"type":"LineString","coordinates":[[111.746192,28.48579],[111.75444,28.477541],[111.799809,28.444546],[111.808058,28.428048],[111.799809,28.415675],[111.770938,28.366182],[111.758565,28.353808],[111.68845,28.300191],[111.68845,28.287818],[111.700823,28.27132],[111.700823,28.246573],[111.684325,28.2342],[111.647205,28.201205]]}},{"type":"Feature","properties":{"type":"Unknown","name":null,"min_zoom":7.7,"expressway":0},"geometry":{"type":"LineString","coordinates":[[112.82679,28.378555],[112.830915,28.34556],[112.822666,28.254822],[112.82679,28.19708]]}},{"type":"Feature","properties":{"type":"Unknown","name":null,"min_zoom":7.7,"expressway":0},"geometry":{"type":"LineString","coordinates":[[112.82679,28.19708],[112.769048,28.205329],[112.698933,28.221827],[112.637067,28.230076],[112.571076,28.2342]]}},{"type":"Feature","properties":{"type":"Unknown","name":null,"min_zoom":7.7,"expressway":0},"geometry":{"type":"LineString","coordinates":[[113.156744,28.217702],[113.148495,28.213578],[113.045385,28.201205],[113.000016,28.19708]]}},{"type":"Feature","properties":{"type":"Unknown","name":null,"min_zoom":7.7,"expressway":0},"geometry":{"type":"LineString","coordinates":[[113.000016,28.19708],[113.00414,28.254822]]}},{"type":"Feature","properties":{"type":"Unknown","name":null,"min_zoom":7.7,"expressway":0},"geometry":{"type":"LineString","coordinates":[[113.000016,28.19708],[112.983518,28.192956],[112.872159,28.192956],[112.82679,28.19708]]}},{"type":"Feature","properties":{"type":"Road","name":null,"min_zoom":4,"expressway":0},"geometry":{"type":"LineString","coordinates":[[109.741722,28.30844],[109.725225,28.296066],[109.675732,28.238325],[109.638612,28.184707]]}},{"type":"Feature","properties":{"type":"Unknown","name":null,"min_zoom":7.6,"expressway":0},"geometry":{"type":"LineString","coordinates":[[109.18905,28.176458],[109.184925,28.180583],[109.180801,28.225951]]}},{"type":"Feature","properties":{"type":"Unknown","name":null,"min_zoom":7.6,"expressway":0},"geometry":{"type":"LineString","coordinates":[[113.602182,28.155836],[113.573311,28.168209],[113.540315,28.172334],[113.519693,28.184707],[113.519693,28.217702],[113.511444,28.221827],[113.490822,28.230076],[113.482573,28.242449],[113.478449,28.267196],[113.490822,28.296066],[113.515569,28.333186],[113.523818,28.349684],[113.519693,28.374431],[113.499071,28.415675],[113.490822,28.432172]]}},{"type":"Feature","properties":{"type":"Unknown","name":null,"min_zoom":7.6,"expressway":0},"geometry":{"type":"LineString","coordinates":[[113.622804,28.151712],[113.631053,28.155836],[113.664048,28.2342],[113.676421,28.250698],[113.692919,28.263071],[113.730039,28.27132],[113.742412,28.275444],[113.750661,28.296066],[113.767158,28.312564],[113.791905,28.333186],[113.820776,28.34556],[113.857896,28.349684]]}},{"type":"Feature","properties":{"type":"Unknown","name":null,"min_zoom":5,"expressway":0},"geometry":{"type":"LineString","coordinates":[[111.647205,28.201205],[111.638957,28.172334],[111.643081,28.151712]]}},{"type":"Feature","properties":{"type":"Unknown","name":null,"min_zoom":7.6,"expressway":0},"geometry":{"type":"LineString","coordinates":[[113.602182,28.155836],[113.622804,28.151712]]}},{"type":"Feature","properties":{"type":"Unknown","name":null,"min_zoom":7.6,"expressway":0},"geometry":{"type":"LineString","coordinates":[[109.18905,28.176458],[109.180801,28.168209],[109.168428,28.151712],[109.143681,28.126965],[109.102437,28.114592],[109.048819,28.110467]]}},{"type":"Feature","properties":{"type":"Unknown","name":null,"min_zoom":7.6,"expressway":0},"geometry":{"type":"LineString","coordinates":[[110.739833,28.098094],[110.764579,28.102219],[110.814072,28.110467],[110.838819,28.13109],[110.863565,28.164085],[110.892436,28.168209]]}},{"type":"Feature","properties":{"type":"Unknown","name":null,"min_zoom":7.6,"expressway":0},"geometry":{"type":"LineString","coordinates":[[111.168772,28.386804],[111.156399,28.390928],[111.119279,28.386804],[111.090408,28.386804],[111.065662,28.395053],[111.053289,28.395053],[111.028542,28.374431],[110.995547,28.34556],[110.946054,28.320813],[110.929556,28.304315],[110.892436,28.267196],[110.855316,28.2342],[110.809948,28.201205],[110.772828,28.180583],[110.75633,28.164085],[110.748081,28.147587],[110.739833,28.098094]]}},{"type":"Feature","properties":{"type":"Unknown","name":null,"min_zoom":7.6,"expressway":0},"geometry":{"type":"LineString","coordinates":[[109.048819,28.110467],[109.007575,28.106343],[108.978704,28.09397],[108.966331,28.098094],[108.953958,28.13109],[108.93746,28.139338],[108.920962,28.143463],[108.896216,28.151712],[108.859096,28.155836],[108.846723,28.122841],[108.830225,28.106343],[108.809603,28.102219],[108.764234,28.106343],[108.735363,28.102219]]}},{"type":"Feature","properties":{"type":"Unknown","name":null,"min_zoom":7.6,"expressway":0},"geometry":{"type":"LineString","coordinates":[[108.735363,28.102219],[108.702368,28.09397],[108.661124,28.098094]]}},{"type":"Feature","properties":{"type":"Unknown","name":null,"min_zoom":7.7,"expressway":0},"geometry":{"type":"LineString","coordinates":[[112.839163,28.09397],[112.86391,28.09397],[112.90103,28.098094],[112.917527,28.089845]]}},{"type":"Feature","properties":{"type":"Unknown","name":null,"min_zoom":5,"expressway":0},"geometry":{"type":"LineString","coordinates":[[114.43119,28.089845],[114.501306,28.126965],[114.530177,28.147587],[114.666282,28.217702],[114.715776,28.217702],[114.736398,28.217702],[114.781766,28.2342],[114.814762,28.2342],[114.835384,28.225951]]}},{"type":"Feature","properties":{"type":"Unknown","name":null,"min_zoom":7.6,"expressway":0},"geometry":{"type":"LineString","coordinates":[[114.620914,28.341435],[114.600292,28.333186],[114.575545,28.329062],[114.563172,28.316689],[114.534301,28.27132],[114.50543,28.246573],[114.451813,28.213578],[114.447688,28.201205],[114.439439,28.139338],[114.43119,28.118716],[114.43119,28.089845]]}},{"type":"Feature","properties":{"type":"Road","name":null,"min_zoom":4,"expressway":0},"geometry":{"type":"LineString","coordinates":[[109.638612,28.184707],[109.609741,28.151712],[109.593243,28.122841],[109.576745,28.077472]]}},{"type":"Feature","properties":{"type":"Unknown","name":null,"min_zoom":7.6,"expressway":0},"geometry":{"type":"LineString","coordinates":[[113.268103,28.205329],[113.288725,28.19708],[113.309348,28.176458],[113.334094,28.13109],[113.371214,28.077472],[113.379463,28.073348]]}},{"type":"Feature","properties":{"type":"Unknown","name":null,"min_zoom":7.6,"expressway":0},"geometry":{"type":"LineString","coordinates":[[113.379463,28.073348],[113.387712,28.069223],[113.428956,28.069223],[113.486698,28.085721],[113.503195,28.098094],[113.54444,28.13109],[113.569186,28.155836],[113.593933,28.159961],[113.602182,28.155836]]}},{"type":"Feature","properties":{"type":"Unknown","name":null,"min_zoom":7.6,"expressway":0},"geometry":{"type":"LineString","coordinates":[[114.125983,28.05685],[114.146605,28.065099],[114.163103,28.077472],[114.220845,28.139338],[114.25384,28.168209],[114.274462,28.180583],[114.286836,28.176458],[114.307458,28.168209],[114.348702,28.122841],[114.369324,28.110467],[114.43119,28.089845]]}},{"type":"Feature","properties":{"type":"Unknown","name":null,"min_zoom":5,"expressway":0},"geometry":{"type":"LineString","coordinates":[[111.643081,28.151712],[111.667828,28.147587],[111.68845,28.139338],[111.737943,28.098094],[111.746192,28.089845],[111.746192,28.065099],[111.75444,28.05685],[111.783311,28.052726],[111.824556,28.052726],[111.861675,28.073348],[111.874049,28.077472],[111.894671,28.065099],[111.907044,28.040352]]}},{"type":"Feature","properties":{"type":"Unknown","name":null,"min_zoom":7.6,"expressway":0},"geometry":{"type":"LineString","coordinates":[[109.238543,28.036228],[109.238543,28.044477],[109.217921,28.069223],[109.197299,28.077472],[109.180801,28.09397],[109.176677,28.102219],[109.18905,28.135214],[109.197299,28.164085],[109.18905,28.176458]]}},{"type":"Feature","properties":{"type":"Unknown","name":null,"min_zoom":7.6,"expressway":0},"geometry":{"type":"LineString","coordinates":[[110.273773,28.209454],[110.236653,28.147587],[110.195409,28.060974],[110.183036,28.011481]]}},{"type":"Feature","properties":{"type":"Unknown","name":null,"min_zoom":7.6,"expressway":0},"geometry":{"type":"LineString","coordinates":[[110.892436,28.168209],[110.904809,28.151712],[110.941929,28.13109],[110.950178,28.122841],[110.950178,28.098094],[110.954302,28.089845],[111.028542,28.040352],[111.057413,28.01973],[111.078035,28.003233]]}},{"type":"Feature","properties":{"type":"Unknown","name":null,"min_zoom":7.6,"expressway":0},"geometry":{"type":"LineString","coordinates":[[108.661124,28.098094],[108.607506,28.081597],[108.586884,28.073348],[108.553889,28.060974],[108.533267,28.036228],[108.516769,28.023855],[108.496147,28.01973],[108.475525,28.007357],[108.454903,27.999108],[108.421907,28.003233]]}},{"type":"Feature","properties":{"type":"Unknown","name":null,"min_zoom":7.6,"expressway":0},"geometry":{"type":"LineString","coordinates":[[113.622804,28.151712],[113.643426,28.110467],[113.668172,28.065099],[113.692919,28.032103],[113.701168,28.015606],[113.717665,27.966113],[113.72179,27.957864]]}},{"type":"Feature","properties":{"type":"Unknown","name":null,"min_zoom":7.6,"expressway":0},"geometry":{"type":"LineString","coordinates":[[113.72179,27.957864],[113.725914,27.953739]]}},{"type":"Feature","properties":{"type":"Road","name":null,"min_zoom":4,"expressway":0},"geometry":{"type":"LineString","coordinates":[[109.576745,28.077472],[109.572621,28.052726],[109.584994,27.986735],[109.589119,27.966113],[109.584994,27.949615]]}},{"type":"Feature","properties":{"type":"Unknown","name":null,"min_zoom":7.6,"expressway":0},"geometry":{"type":"LineString","coordinates":[[110.574856,27.949615],[110.574856,27.966113],[110.599602,27.999108],[110.624349,28.023855],[110.65322,28.052726],[110.690339,28.077472],[110.706837,28.085721],[110.739833,28.098094]]}},{"type":"Feature","properties":{"type":"Unknown","name":null,"min_zoom":7.7,"expressway":0},"geometry":{"type":"LineString","coordinates":[[113.000016,28.19708],[112.991767,28.110467],[112.987643,28.048601],[113.000016,27.994984],[113.020638,27.941366]]}},{"type":"Feature","properties":{"type":"Unknown","name":null,"min_zoom":7,"expressway":0},"geometry":{"type":"LineString","coordinates":[[110.57898,27.933117],[110.574856,27.949615]]}},{"type":"Feature","properties":{"type":"Unknown","name":null,"min_zoom":5,"expressway":0},"geometry":{"type":"LineString","coordinates":[[114.385822,27.924868],[114.398195,27.957864],[114.414693,27.98261],[114.439439,28.011481],[114.447688,28.036228],[114.447688,28.05685],[114.43119,28.089845]]}},{"type":"Feature","properties":{"type":"Unknown","name":null,"min_zoom":7.6,"expressway":0},"geometry":{"type":"LineString","coordinates":[[110.183036,28.011481],[110.18716,27.961988],[110.195409,27.908371],[110.195409,27.8795]]}},{"type":"Feature","properties":{"type":"Unknown","name":null,"min_zoom":7.6,"expressway":0},"geometry":{"type":"LineString","coordinates":[[109.803589,27.875375],[109.79534,27.875375]]}},{"type":"Feature","properties":{"type":"Unknown","name":null,"min_zoom":5,"expressway":0},"geometry":{"type":"LineString","coordinates":[[109.584994,27.949615],[109.556123,27.949615],[109.519004,27.945491],[109.490133,27.928993],[109.461262,27.900122],[109.436515,27.891873],[109.395271,27.895998],[109.354027,27.891873],[109.312782,27.871251]]}},{"type":"Feature","properties":{"type":"Unknown","name":null,"min_zoom":7.6,"expressway":0},"geometry":{"type":"LineString","coordinates":[[113.779532,27.871251],[113.8249,27.904246],[113.845522,27.912495],[113.870269,27.91662],[113.886767,27.928993],[113.915638,27.961988],[113.940384,27.98261],[113.977504,28.003233],[114.043495,28.01973],[114.084739,28.040352],[114.125983,28.05685]]}},{"type":"Feature","properties":{"type":"Unknown","name":null,"min_zoom":7.6,"expressway":0},"geometry":{"type":"LineString","coordinates":[[113.725914,27.953739],[113.746536,27.937242],[113.75891,27.91662],[113.767158,27.887749],[113.779532,27.871251]]}},{"type":"Feature","properties":{"type":"Unknown","name":null,"min_zoom":7,"expressway":0},"geometry":{"type":"LineString","coordinates":[[112.888657,27.867127],[112.884532,27.867127]]}},{"type":"Feature","properties":{"type":"Unknown","name":null,"min_zoom":7.7,"expressway":0},"geometry":{"type":"LineString","coordinates":[[112.014279,27.867127],[112.034901,27.871251],[112.04315,27.871251]]}},{"type":"Feature","properties":{"type":"Unknown","name":null,"min_zoom":7,"expressway":0},"geometry":{"type":"LineString","coordinates":[[109.312782,27.871251],[109.283912,27.863002]]}},{"type":"Feature","properties":{"type":"Unknown","name":null,"min_zoom":7.6,"expressway":0},"geometry":{"type":"LineString","coordinates":[[109.283912,27.863002],[109.29216,27.883624],[109.29216,27.908371],[109.283912,27.937242],[109.267414,27.966113],[109.238543,28.036228]]}},{"type":"Feature","properties":{"type":"Road","name":null,"min_zoom":4,"expressway":0},"geometry":{"type":"LineString","coordinates":[[109.79534,27.875375],[109.774718,27.867127],[109.733474,27.863002],[109.712851,27.875375],[109.696354,27.900122],[109.65511,27.908371],[109.634487,27.928993],[109.613865,27.941366],[109.584994,27.949615]]}},{"type":"Feature","properties":{"type":"Unknown","name":null,"min_zoom":7.6,"expressway":0},"geometry":{"type":"LineString","coordinates":[[110.195409,27.8795],[110.211907,27.875375],[110.240777,27.887749],[110.265524,27.891873],[110.294395,27.891873],[110.315017,27.8795],[110.331515,27.867127],[110.360386,27.863002],[110.381008,27.867127],[110.43875,27.883624],[110.537736,27.912495],[110.57898,27.928993],[110.57898,27.933117]]}},{"type":"Feature","properties":{"type":"Unknown","name":null,"min_zoom":7.7,"expressway":0},"geometry":{"type":"LineString","coordinates":[[112.884532,27.867127],[112.843288,27.875375],[112.785546,27.875375],[112.740177,27.867127],[112.719555,27.858878]]}},{"type":"Feature","properties":{"type":"Unknown","name":null,"min_zoom":7.7,"expressway":0},"geometry":{"type":"LineString","coordinates":[[112.909279,27.858878],[112.888657,27.867127]]}},{"type":"Feature","properties":{"type":"Unknown","name":null,"min_zoom":7.7,"expressway":0},"geometry":{"type":"LineString","coordinates":[[113.020638,27.941366],[113.012389,27.91662],[112.995891,27.900122],[112.934025,27.858878],[112.917527,27.850629],[112.909279,27.858878]]}},{"type":"Feature","properties":{"type":"Unknown","name":null,"min_zoom":7,"expressway":0},"geometry":{"type":"LineString","coordinates":[[113.020638,27.941366],[113.033011,27.920744],[113.045385,27.904246],[113.07838,27.8795],[113.099002,27.867127],[113.131997,27.850629],[113.148495,27.838256]]}},{"type":"Feature","properties":{"type":"Unknown","name":null,"min_zoom":5,"expressway":0},"geometry":{"type":"LineString","coordinates":[[111.857551,27.834131],[111.841053,27.875375],[111.845178,27.900122],[111.861675,27.928993],[111.890546,27.961988],[111.898795,27.98261],[111.907044,28.007357],[111.907044,28.040352]]}},{"type":"Feature","properties":{"type":"Unknown","name":null,"min_zoom":7.7,"expressway":0},"geometry":{"type":"LineString","coordinates":[[112.719555,27.858878],[112.68656,27.834131],[112.670062,27.825882]]}},{"type":"Feature","properties":{"type":"Unknown","name":null,"min_zoom":7,"expressway":0},"geometry":{"type":"LineString","coordinates":[[113.148495,27.838256],[113.177366,27.821758]]}},{"type":"Feature","properties":{"type":"Unknown","name":null,"min_zoom":7.7,"expressway":0},"geometry":{"type":"LineString","coordinates":[[112.884532,27.867127],[112.855661,27.858878],[112.839163,27.84238],[112.835039,27.817634]]}},{"type":"Feature","properties":{"type":"Unknown","name":null,"min_zoom":5,"expressway":0},"geometry":{"type":"LineString","coordinates":[[114.373449,27.817634],[114.373449,27.850629],[114.381697,27.895998],[114.385822,27.924868]]}},{"type":"Feature","properties":{"type":"Unknown","name":null,"min_zoom":7.7,"expressway":0},"geometry":{"type":"LineString","coordinates":[[114.629163,27.858878],[114.608541,27.846504],[114.596167,27.84238],[114.550799,27.846504],[114.501306,27.863002],[114.472435,27.863002],[114.443564,27.850629],[114.402319,27.825882],[114.373449,27.817634]]}},{"type":"Feature","properties":{"type":"Unknown","name":null,"min_zoom":7.7,"expressway":0},"geometry":{"type":"LineString","coordinates":[[112.835039,27.817634],[112.855661,27.792887],[112.868034,27.792887]]}},{"type":"Feature","properties":{"type":"Unknown","name":null,"min_zoom":7,"expressway":0},"geometry":{"type":"LineString","coordinates":[[114.377573,27.788763],[114.373449,27.817634]]}},{"type":"Feature","properties":{"type":"Unknown","name":null,"min_zoom":7.7,"expressway":0},"geometry":{"type":"LineString","coordinates":[[112.909279,27.858878],[112.909279,27.838256],[112.93815,27.776389]]}},{"type":"Feature","properties":{"type":"Unknown","name":null,"min_zoom":7.7,"expressway":0},"geometry":{"type":"LineString","coordinates":[[112.868034,27.792887],[112.892781,27.780514],[112.93815,27.776389]]}},{"type":"Feature","properties":{"type":"Unknown","name":null,"min_zoom":7.7,"expressway":0},"geometry":{"type":"LineString","coordinates":[[114.658034,27.801136],[114.604416,27.772265],[114.575545,27.772265],[114.550799,27.784638],[114.538425,27.784638],[114.50543,27.776389],[114.480683,27.776389],[114.439439,27.792887],[114.414693,27.797011],[114.377573,27.788763]]}},{"type":"Feature","properties":{"type":"Unknown","name":null,"min_zoom":7.7,"expressway":0},"geometry":{"type":"LineString","coordinates":[[112.93815,27.776389],[112.942274,27.76814]]}},{"type":"Feature","properties":{"type":"Unknown","name":null,"min_zoom":7.7,"expressway":0},"geometry":{"type":"LineString","coordinates":[[114.913748,27.809385],[114.905499,27.797011],[114.893126,27.788763],[114.864255,27.788763],[114.847757,27.780514],[114.823011,27.792887],[114.806513,27.792887],[114.781766,27.776389],[114.752895,27.76814],[114.703402,27.755767]]}},{"type":"Feature","properties":{"type":"Unknown","name":null,"min_zoom":7.7,"expressway":0},"geometry":{"type":"LineString","coordinates":[[114.658034,27.801136],[114.674531,27.801136],[114.703402,27.755767]]}},{"type":"Feature","properties":{"type":"Unknown","name":null,"min_zoom":7.7,"expressway":0},"geometry":{"type":"LineString","coordinates":[[112.670062,27.825882],[112.632942,27.809385],[112.579325,27.792887],[112.562827,27.780514],[112.521583,27.743394]]}},{"type":"Feature","properties":{"type":"Unknown","name":null,"min_zoom":7.6,"expressway":0},"geometry":{"type":"LineString","coordinates":[[111.078035,28.003233],[111.090408,27.970237],[111.115155,27.966113],[111.123404,27.957864],[111.144026,27.933117],[111.144026,27.920744],[111.131653,27.904246],[111.144026,27.863002],[111.144026,27.838256],[111.160524,27.821758],[111.18527,27.817634],[111.210017,27.784638],[111.267759,27.751643],[111.288381,27.743394]]}},{"type":"Feature","properties":{"type":"Unknown","name":null,"min_zoom":5,"expressway":0},"geometry":{"type":"LineString","coordinates":[[109.283912,27.863002],[109.271538,27.858878],[109.230294,27.825882],[109.205547,27.792887],[109.180801,27.735145]]}},{"type":"Feature","properties":{"type":"Unknown","name":null,"min_zoom":5,"expressway":0},"geometry":{"type":"LineString","coordinates":[[108.908589,27.751643],[108.929211,27.747518],[108.970455,27.747518],[109.0117,27.739269],[109.048819,27.747518],[109.061193,27.747518],[109.098313,27.739269],[109.135432,27.726896],[109.164303,27.726896],[109.180801,27.735145]]}},{"type":"Feature","properties":{"type":"Unknown","name":null,"min_zoom":7.7,"expressway":0},"geometry":{"type":"LineString","coordinates":[[112.348357,27.718647],[112.368979,27.731021],[112.451468,27.722772],[112.476214,27.747518],[112.488588,27.747518],[112.521583,27.743394]]}},{"type":"Feature","properties":{"type":"Unknown","name":null,"min_zoom":5,"expressway":0},"geometry":{"type":"LineString","coordinates":[[111.676076,27.714523],[111.68845,27.726896],[111.709072,27.764016],[111.737943,27.780514],[111.824556,27.809385],[111.857551,27.834131]]}},{"type":"Feature","properties":{"type":"Unknown","name":null,"min_zoom":7.7,"expressway":0},"geometry":{"type":"LineString","coordinates":[[112.199878,27.84238],[112.195754,27.830007],[112.175131,27.80526],[112.166883,27.780514],[112.171007,27.772265],[112.195754,27.764016],[112.216376,27.739269],[112.25762,27.731021],[112.265869,27.710399],[112.307113,27.706274],[112.33186,27.710399],[112.348357,27.718647]]}},{"type":"Feature","properties":{"type":"Unknown","name":null,"min_zoom":7.6,"expressway":0},"geometry":{"type":"LineString","coordinates":[[113.148495,27.693901],[113.148495,27.706274],[113.177366,27.772265],[113.18149,27.801136],[113.177366,27.821758]]}},{"type":"Feature","properties":{"type":"Unknown","name":null,"min_zoom":7.6,"expressway":0},"geometry":{"type":"LineString","coordinates":[[111.288381,27.743394],[111.317252,27.747518],[111.350247,27.743394],[111.370869,27.735145],[111.39974,27.718647],[111.432735,27.685652]]}},{"type":"Feature","properties":{"type":"Unknown","name":null,"min_zoom":6,"expressway":0},"geometry":{"type":"LineString","coordinates":[[113.325845,27.8795],[113.325845,27.858878],[113.32997,27.838256],[113.367089,27.846504],[113.383587,27.834131],[113.387712,27.788763],[113.408334,27.731021],[113.412458,27.706274],[113.437205,27.689776],[113.441329,27.681528]]}},{"type":"Feature","properties":{"type":"Unknown","name":null,"min_zoom":7.7,"expressway":0},"geometry":{"type":"LineString","coordinates":[[113.177366,27.821758],[113.210361,27.80526],[113.239232,27.776389],[113.288725,27.722772],[113.317596,27.70215],[113.358841,27.698025],[113.420707,27.689776],[113.441329,27.681528]]}},{"type":"Feature","properties":{"type":"Unknown","name":null,"min_zoom":7,"expressway":0},"geometry":{"type":"LineString","coordinates":[[113.441329,27.681528],[113.486698,27.66503]]}},{"type":"Feature","properties":{"type":"Unknown","name":null,"min_zoom":5,"expressway":0},"geometry":{"type":"LineString","coordinates":[[108.401285,27.994984],[108.40541,27.961988],[108.40541,27.912495],[108.409534,27.904246],[108.430156,27.891873],[108.434281,27.871251],[108.459027,27.863002],[108.475525,27.846504],[108.504396,27.846504],[108.516769,27.830007],[108.529142,27.825882],[108.54564,27.801136],[108.574511,27.784638],[108.611631,27.747518],[108.61988,27.714523],[108.640502,27.677403],[108.652875,27.660905],[108.665248,27.660905]]}},{"type":"Feature","properties":{"type":"Unknown","name":null,"min_zoom":7.7,"expressway":0},"geometry":{"type":"LineString","coordinates":[[112.521583,27.743394],[112.500961,27.722772],[112.484463,27.693901],[112.455592,27.660905],[112.447343,27.652657]]}},{"type":"Feature","properties":{"type":"Unknown","name":null,"min_zoom":5,"expressway":0},"geometry":{"type":"LineString","coordinates":[[108.801354,27.652657],[108.805479,27.677403],[108.846723,27.726896],[108.896216,27.751643],[108.908589,27.751643]]}},{"type":"Feature","properties":{"type":"Unknown","name":null,"min_zoom":7,"expressway":0},"geometry":{"type":"LineString","coordinates":[[113.486698,27.66503],[113.494947,27.652657]]}},{"type":"Feature","properties":{"type":"Unknown","name":null,"min_zoom":7.6,"expressway":0},"geometry":{"type":"LineString","coordinates":[[113.829025,27.640283],[113.820776,27.685652],[113.804278,27.726896],[113.779532,27.722772],[113.771283,27.726896],[113.775407,27.759892],[113.775407,27.772265],[113.767158,27.788763],[113.779532,27.84238],[113.779532,27.871251]]}},{"type":"Feature","properties":{"type":"Unknown","name":null,"min_zoom":5,"expressway":0},"geometry":{"type":"LineString","coordinates":[[108.665248,27.660905],[108.735363,27.66503],[108.755985,27.669154],[108.768359,27.66503],[108.784856,27.640283],[108.79723,27.640283],[108.801354,27.652657]]}},{"type":"Feature","properties":{"type":"Unknown","name":null,"min_zoom":7.7,"expressway":0},"geometry":{"type":"LineString","coordinates":[[111.432735,27.685652],[111.457482,27.656781],[111.47398,27.640283]]}},{"type":"Feature","properties":{"type":"Unknown","name":null,"min_zoom":7.6,"expressway":0},"geometry":{"type":"LineString","coordinates":[[111.79156,27.636159],[111.787436,27.648532],[111.803933,27.66503],[111.874049,27.710399],[111.90292,27.722772],[111.96891,27.731021],[111.960662,27.747518]]}},{"type":"Feature","properties":{"type":"Unknown","name":null,"min_zoom":7.6,"expressway":0},"geometry":{"type":"LineString","coordinates":[[111.676076,27.714523],[111.704947,27.673279],[111.733818,27.656781],[111.75444,27.644408],[111.79156,27.636159]]}},{"type":"Feature","properties":{"type":"Unknown","name":null,"min_zoom":7.7,"expressway":0},"geometry":{"type":"LineString","coordinates":[[114.006375,27.632035],[114.03937,27.636159],[114.068241,27.648532],[114.105361,27.685652],[114.163103,27.714523],[114.212596,27.722772],[114.299209,27.751643],[114.336329,27.772265],[114.377573,27.788763]]}},{"type":"Feature","properties":{"type":"Unknown","name":null,"min_zoom":7,"expressway":0},"geometry":{"type":"LineString","coordinates":[[113.829025,27.640283],[113.857896,27.632035]]}},{"type":"Feature","properties":{"type":"Unknown","name":null,"min_zoom":7.7,"expressway":0},"geometry":{"type":"LineString","coordinates":[[113.857896,27.632035],[113.882642,27.62791],[113.907389,27.62791],[113.956882,27.640283],[114.006375,27.632035]]}},{"type":"Feature","properties":{"type":"Unknown","name":null,"min_zoom":7.7,"expressway":0},"geometry":{"type":"LineString","coordinates":[[111.803933,27.623786],[111.79156,27.636159]]}},{"type":"Feature","properties":{"type":"Unknown","name":null,"min_zoom":7.7,"expressway":0},"geometry":{"type":"LineString","coordinates":[[111.47398,27.640283],[111.490477,27.615537],[111.498726,27.619661],[111.527597,27.652657],[111.57709,27.677403],[111.61421,27.698025],[111.676076,27.714523]]}},{"type":"Feature","properties":{"type":"Unknown","name":null,"min_zoom":7.7,"expressway":0},"geometry":{"type":"LineString","coordinates":[[112.447343,27.652657],[112.39785,27.632035],[112.348357,27.603164]]}},{"type":"Feature","properties":{"type":"Unknown","name":null,"min_zoom":7.7,"expressway":0},"geometry":{"type":"LineString","coordinates":[[113.680546,27.594915],[113.688794,27.594915],[113.713541,27.636159],[113.754785,27.636159],[113.779532,27.656781],[113.829025,27.640283]]}},{"type":"Feature","properties":{"type":"Unknown","name":null,"min_zoom":7.7,"expressway":0},"geometry":{"type":"LineString","coordinates":[[113.494947,27.652657],[113.515569,27.640283],[113.527942,27.623786],[113.585684,27.615537],[113.598057,27.615537],[113.622804,27.636159],[113.64755,27.636159],[113.659923,27.607288],[113.680546,27.594915]]}},{"type":"Feature","properties":{"type":"Unknown","name":null,"min_zoom":7.7,"expressway":0},"geometry":{"type":"LineString","coordinates":[[112.942274,27.76814],[112.958772,27.726896],[112.958772,27.689776],[112.942274,27.623786],[112.925776,27.582541]]}},{"type":"Feature","properties":{"type":"Unknown","name":null,"min_zoom":5,"expressway":0},"geometry":{"type":"LineString","coordinates":[[111.560593,27.582541],[111.57709,27.611412],[111.589464,27.644408],[111.634832,27.660905],[111.663703,27.673279],[111.676076,27.689776],[111.676076,27.714523]]}},{"type":"Feature","properties":{"type":"Unknown","name":null,"min_zoom":7.7,"expressway":0},"geometry":{"type":"LineString","coordinates":[[113.090753,27.578417],[113.066007,27.59079],[113.045385,27.615537],[113.028887,27.62791],[113.008265,27.652657],[112.995891,27.652657],[112.975269,27.62791],[112.967021,27.607288],[112.967021,27.578417],[112.958772,27.570168],[112.942274,27.586666],[112.925776,27.582541]]}},{"type":"Feature","properties":{"type":"Unknown","name":null,"min_zoom":7.6,"expressway":0},"geometry":{"type":"LineString","coordinates":[[110.195409,27.8795],[110.178911,27.850629],[110.183036,27.817634],[110.174787,27.797011],[110.141791,27.76814],[110.129418,27.747518],[110.125294,27.710399],[110.121169,27.685652],[110.11292,27.66503],[110.075801,27.623786],[110.051054,27.603164],[110.018059,27.578417],[110.001561,27.566044]]}},{"type":"Feature","properties":{"type":"Road","name":null,"min_zoom":4,"expressway":0},"geometry":{"type":"LineString","coordinates":[[109.79534,27.875375],[109.791215,27.846504],[109.799464,27.825882],[109.840709,27.797011],[109.886077,27.739269],[109.890202,27.718647],[109.906699,27.669154],[109.927321,27.644408],[109.927321,27.619661],[109.943819,27.59079],[109.943819,27.561919]]}},{"type":"Feature","properties":{"type":"Unknown","name":null,"min_zoom":7.7,"expressway":0},"geometry":{"type":"LineString","coordinates":[[112.348357,27.603164],[112.282366,27.574293],[112.261744,27.557795]]}},{"type":"Feature","properties":{"type":"Unknown","name":null,"min_zoom":7.6,"expressway":0},"geometry":{"type":"LineString","coordinates":[[113.18149,27.557795],[113.169117,27.582541],[113.156744,27.619661],[113.160868,27.656781],[113.156744,27.66503],[113.160868,27.677403],[113.148495,27.693901]]}},{"type":"Feature","properties":{"type":"Unknown","name":null,"min_zoom":7.6,"expressway":0},"geometry":{"type":"LineString","coordinates":[[110.001561,27.566044],[109.960317,27.55367]]}},{"type":"Feature","properties":{"type":"Unknown","name":null,"min_zoom":7,"expressway":0},"geometry":{"type":"LineString","coordinates":[[109.960317,27.55367],[109.943819,27.561919]]}},{"type":"Feature","properties":{"type":"Unknown","name":null,"min_zoom":7.7,"expressway":0},"geometry":{"type":"LineString","coordinates":[[112.925776,27.582541],[112.909279,27.537173]]}},{"type":"Feature","properties":{"type":"Unknown","name":null,"min_zoom":7.7,"expressway":0},"geometry":{"type":"LineString","coordinates":[[112.261744,27.557795],[112.249371,27.578417],[112.212251,27.62791],[112.187505,27.62791],[112.162758,27.623786],[112.154509,27.619661],[112.158634,27.607288],[112.154509,27.599039],[112.121514,27.586666],[112.092643,27.603164],[112.051399,27.603164],[112.001906,27.599039],[112.014279,27.541297],[112.018403,27.533048]]}},{"type":"Feature","properties":{"type":"Unknown","name":null,"min_zoom":7.6,"expressway":0},"geometry":{"type":"LineString","coordinates":[[111.803933,27.623786],[111.824556,27.611412],[111.845178,27.603164],[111.90292,27.59079],[111.940039,27.578417],[111.96891,27.561919],[112.001906,27.537173],[112.018403,27.533048]]}},{"type":"Feature","properties":{"type":"Unknown","name":null,"min_zoom":7.7,"expressway":0},"geometry":{"type":"LineString","coordinates":[[112.261744,27.557795],[112.236998,27.528924],[112.224625,27.504177]]}},{"type":"Feature","properties":{"type":"Unknown","name":null,"min_zoom":7.6,"expressway":0},"geometry":{"type":"LineString","coordinates":[[113.857896,27.632035],[113.853771,27.615537],[113.853771,27.594915],[113.870269,27.557795],[113.890891,27.533048],[113.890891,27.504177]]}},{"type":"Feature","properties":{"type":"Unknown","name":null,"min_zoom":7.6,"expressway":0},"geometry":{"type":"LineString","coordinates":[[108.25693,27.500053],[108.322921,27.537173],[108.355917,27.549546],[108.384787,27.561919],[108.401285,27.561919],[108.421907,27.570168],[108.446654,27.570168],[108.487898,27.59079],[108.516769,27.607288],[108.566262,27.623786],[108.607506,27.644408],[108.665248,27.660905]]}},{"type":"Feature","properties":{"type":"Unknown","name":null,"min_zoom":6,"expressway":0},"geometry":{"type":"LineString","coordinates":[[109.180801,27.735145],[109.15193,27.656781],[109.135432,27.615537],[109.123059,27.566044],[109.123059,27.537173],[109.118935,27.500053]]}},{"type":"Feature","properties":{"type":"Unknown","name":null,"min_zoom":7.7,"expressway":0},"geometry":{"type":"LineString","coordinates":[[109.209672,27.528924],[109.164303,27.495929],[109.118935,27.500053]]}},{"type":"Feature","properties":{"type":"Unknown","name":null,"min_zoom":5,"expressway":0},"geometry":{"type":"LineString","coordinates":[[113.4702,27.475306],[113.457827,27.48768],[113.457827,27.500053],[113.474324,27.545422],[113.490822,27.607288],[113.494947,27.652657]]}},{"type":"Feature","properties":{"type":"Unknown","name":null,"min_zoom":7.6,"expressway":0},"geometry":{"type":"LineString","coordinates":[[113.148495,27.475306],[113.160868,27.495929],[113.169117,27.533048],[113.18149,27.557795]]}},{"type":"Feature","properties":{"type":"Unknown","name":null,"min_zoom":7.7,"expressway":0},"geometry":{"type":"LineString","coordinates":[[113.148495,27.475306],[113.136122,27.495929],[113.099002,27.516551],[113.086629,27.537173],[113.094878,27.574293],[113.090753,27.578417]]}},{"type":"Feature","properties":{"type":"Unknown","name":null,"min_zoom":7.7,"expressway":0},"geometry":{"type":"LineString","coordinates":[[113.39596,27.462933],[113.420707,27.467058],[113.4702,27.475306]]}},{"type":"Feature","properties":{"type":"Unknown","name":null,"min_zoom":7.7,"expressway":0},"geometry":{"type":"LineString","coordinates":[[112.224625,27.504177],[112.208127,27.479431],[112.18338,27.454684]]}},{"type":"Feature","properties":{"type":"Unknown","name":null,"min_zoom":7,"expressway":0},"geometry":{"type":"LineString","coordinates":[[112.18338,27.454684],[112.175131,27.45056]]}},{"type":"Feature","properties":{"type":"Unknown","name":null,"min_zoom":7.6,"expressway":0},"geometry":{"type":"LineString","coordinates":[[112.018403,27.533048],[112.059648,27.5248],[112.08027,27.512426],[112.11739,27.479431],[112.150385,27.462933],[112.175131,27.45056]]}},{"type":"Feature","properties":{"type":"Unknown","name":null,"min_zoom":5,"expressway":0},"geometry":{"type":"LineString","coordinates":[[111.560593,27.582541],[111.568841,27.55367],[111.564717,27.512426],[111.568841,27.491804],[111.560593,27.462933],[111.53997,27.421689]]}},{"type":"Feature","properties":{"type":"Unknown","name":null,"min_zoom":7.6,"expressway":0},"geometry":{"type":"LineString","coordinates":[[113.127873,27.421689],[113.136122,27.429938],[113.148495,27.454684],[113.148495,27.475306]]}},{"type":"Feature","properties":{"type":"Unknown","name":null,"min_zoom":7.7,"expressway":0},"geometry":{"type":"LineString","coordinates":[[112.175131,27.45056],[112.133887,27.434062],[112.096767,27.41344]]}},{"type":"Feature","properties":{"type":"Unknown","name":null,"min_zoom":7.6,"expressway":0},"geometry":{"type":"LineString","coordinates":[[110.463496,27.41344],[110.467621,27.48768],[110.471745,27.512426],[110.496492,27.549546],[110.500616,27.59079],[110.508865,27.615537],[110.533611,27.652657],[110.533611,27.70215],[110.550109,27.751643],[110.587229,27.834131],[110.599602,27.871251],[110.599602,27.895998],[110.591353,27.91662],[110.57898,27.933117]]}},{"type":"Feature","properties":{"type":"Unknown","name":null,"min_zoom":7.7,"expressway":0},"geometry":{"type":"LineString","coordinates":[[114.703402,27.755767],[114.691029,27.743394],[114.691029,27.731021],[114.691029,27.706274],[114.68278,27.685652],[114.653909,27.669154],[114.64566,27.660905],[114.641536,27.632035],[114.649785,27.59079],[114.64566,27.578417],[114.616789,27.55367],[114.587918,27.533048],[114.571421,27.508302],[114.563172,27.458809],[114.567296,27.45056],[114.596167,27.429938],[114.600292,27.401067],[114.592043,27.392818]]}},{"type":"Feature","properties":{"type":"Unknown","name":null,"min_zoom":5,"expressway":0},"geometry":{"type":"LineString","coordinates":[[113.478449,27.388694],[113.478449,27.454684],[113.4702,27.475306]]}},{"type":"Feature","properties":{"type":"Unknown","name":null,"min_zoom":7.7,"expressway":0},"geometry":{"type":"LineString","coordinates":[[112.096767,27.41344],[112.055523,27.396942],[112.022528,27.384569]]}},{"type":"Feature","properties":{"type":"Unknown","name":null,"min_zoom":7,"expressway":0},"geometry":{"type":"LineString","coordinates":[[114.674531,27.380445],[114.699278,27.392818],[114.728149,27.392818],[114.769393,27.388694],[114.806513,27.388694],[114.872504,27.405191]]}},{"type":"Feature","properties":{"type":"Road","name":null,"min_zoom":3,"expressway":0},"geometry":{"type":"LineString","coordinates":[[109.939695,27.380445],[109.939695,27.409316],[109.956192,27.475306],[109.968566,27.520675],[109.968566,27.537173],[109.960317,27.55367]]}},{"type":"Feature","properties":{"type":"Unknown","name":null,"min_zoom":7,"expressway":0},"geometry":{"type":"LineString","coordinates":[[114.592043,27.392818],[114.620914,27.392818],[114.658034,27.380445],[114.674531,27.380445]]}},{"type":"Feature","properties":{"type":"Unknown","name":null,"min_zoom":7.7,"expressway":0},"geometry":{"type":"LineString","coordinates":[[113.29285,27.368071],[113.305223,27.372196],[113.338219,27.401067],[113.358841,27.425813],[113.379463,27.45056],[113.39596,27.462933]]}},{"type":"Feature","properties":{"type":"Unknown","name":null,"min_zoom":7.6,"expressway":0},"geometry":{"type":"LineString","coordinates":[[113.127873,27.421689],[113.177366,27.405191],[113.189739,27.388694],[113.197988,27.380445],[113.243357,27.380445],[113.251606,27.401067],[113.272228,27.396942],[113.29285,27.368071]]}},{"type":"Feature","properties":{"type":"Road","name":null,"min_zoom":3,"expressway":0},"geometry":{"type":"LineString","coordinates":[[109.943819,27.561919],[109.902575,27.574293],[109.873704,27.574293],[109.853082,27.566044],[109.811838,27.533048],[109.762344,27.508302],[109.7211,27.475306],[109.671607,27.454684],[109.646861,27.45056],[109.58087,27.45056],[109.527252,27.442311],[109.514879,27.446436],[109.502506,27.462933],[109.473635,27.462933],[109.424142,27.458809],[109.370524,27.438187],[109.333405,27.409316],[109.283912,27.392818],[109.246792,27.380445],[109.217921,27.368071]]}},{"type":"Feature","properties":{"type":"Road","name":null,"min_zoom":3,"expressway":0},"geometry":{"type":"LineString","coordinates":[[110.001561,27.368071],[109.980939,27.37632],[109.956192,27.384569],[109.939695,27.380445]]}},{"type":"Feature","properties":{"type":"Unknown","name":null,"min_zoom":7,"expressway":0},"geometry":{"type":"LineString","coordinates":[[114.361075,27.343325],[114.394071,27.368071],[114.435315,27.380445],[114.472435,27.388694],[114.521928,27.392818],[114.563172,27.392818],[114.592043,27.392818]]}},{"type":"Feature","properties":{"type":"Unknown","name":null,"min_zoom":7.6,"expressway":0},"geometry":{"type":"LineString","coordinates":[[114.377573,27.788763],[114.381697,27.743394],[114.394071,27.706274],[114.398195,27.681528],[114.373449,27.615537],[114.369324,27.59079],[114.373449,27.55367],[114.3652,27.533048],[114.336329,27.520675],[114.311582,27.479431],[114.295084,27.479431],[114.274462,27.442311],[114.270338,27.421689],[114.282711,27.396942],[114.295084,27.392818],[114.336329,27.392818],[114.356951,27.368071],[114.361075,27.343325]]}},{"type":"Feature","properties":{"type":"Unknown","name":null,"min_zoom":7.7,"expressway":0},"geometry":{"type":"LineString","coordinates":[[112.022528,27.384569],[111.935915,27.363947],[111.874049,27.343325]]}},{"type":"Feature","properties":{"type":"Unknown","name":null,"min_zoom":5,"expressway":0},"geometry":{"type":"LineString","coordinates":[[111.461606,27.339201],[111.461606,27.355698],[111.465731,27.380445],[111.478104,27.396942],[111.502851,27.417565],[111.53997,27.421689]]}},{"type":"Feature","properties":{"type":"Road","name":null,"min_zoom":3,"expressway":0},"geometry":{"type":"LineString","coordinates":[[110.15004,27.314454],[110.125294,27.314454],[110.079925,27.318578],[110.055178,27.330952],[110.001561,27.368071]]}},{"type":"Feature","properties":{"type":"Road","name":null,"min_zoom":3,"expressway":0},"geometry":{"type":"LineString","coordinates":[[109.217921,27.368071],[109.135432,27.343325],[109.11481,27.339201],[109.081815,27.326827],[109.032322,27.297956]]}},{"type":"Feature","properties":{"type":"Unknown","name":null,"min_zoom":5,"expressway":0},"geometry":{"type":"LineString","coordinates":[[109.118935,27.500053],[109.11481,27.48768],[109.090064,27.434062],[109.073566,27.405191],[109.052944,27.368071],[109.036446,27.335076],[109.032322,27.297956]]}},{"type":"Feature","properties":{"type":"Unknown","name":null,"min_zoom":7,"expressway":0},"geometry":{"type":"LineString","coordinates":[[111.874049,27.343325],[111.841053,27.343325],[111.816307,27.339201],[111.737943,27.302081],[111.704947,27.293832]]}},{"type":"Feature","properties":{"type":"Unknown","name":null,"min_zoom":7.6,"expressway":0},"geometry":{"type":"LineString","coordinates":[[113.890891,27.504177],[113.882642,27.471182],[113.882642,27.446436],[113.886767,27.401067],[113.89914,27.314454],[113.915638,27.285583],[113.928011,27.277334]]}},{"type":"Feature","properties":{"type":"Unknown","name":null,"min_zoom":7.7,"expressway":0},"geometry":{"type":"LineString","coordinates":[[112.909279,27.537173],[112.905154,27.520675],[112.884532,27.479431],[112.868034,27.434062],[112.855661,27.396942],[112.855661,27.368071],[112.851537,27.322703],[112.847412,27.27321]]}},{"type":"Feature","properties":{"type":"Unknown","name":null,"min_zoom":7,"expressway":0},"geometry":{"type":"LineString","coordinates":[[114.07649,27.269085],[114.088863,27.27321],[114.138356,27.281459],[114.18785,27.285583],[114.21672,27.297956],[114.278587,27.306205],[114.323955,27.318578],[114.361075,27.343325]]}},{"type":"Feature","properties":{"type":"Unknown","name":null,"min_zoom":7.6,"expressway":0},"geometry":{"type":"LineString","coordinates":[[110.422252,27.264961],[110.442874,27.314454],[110.455247,27.347449],[110.463496,27.41344]]}},{"type":"Feature","properties":{"type":"Road","name":null,"min_zoom":3,"expressway":0},"geometry":{"type":"LineString","coordinates":[[110.422252,27.264961],[110.381008,27.297956],[110.360386,27.318578],[110.319141,27.339201],[110.294395,27.347449],[110.265524,27.343325],[110.203658,27.318578],[110.178911,27.314454],[110.15004,27.314454]]}},{"type":"Feature","properties":{"type":"Unknown","name":null,"min_zoom":7.7,"expressway":0},"geometry":{"type":"LineString","coordinates":[[111.704947,27.293832],[111.667828,27.289707],[111.622459,27.293832],[111.610086,27.289707],[111.597712,27.27321],[111.589464,27.269085],[111.486353,27.264961]]}},{"type":"Feature","properties":{"type":"Unknown","name":null,"min_zoom":6,"expressway":0},"geometry":{"type":"LineString","coordinates":[[111.486353,27.264961],[111.490477,27.277334],[111.486353,27.297956],[111.469855,27.322703],[111.461606,27.339201]]}},{"type":"Feature","properties":{"type":"Unknown","name":null,"min_zoom":6,"expressway":0},"geometry":{"type":"LineString","coordinates":[[111.486353,27.264961],[111.461606,27.264961]]}},{"type":"Feature","properties":{"type":"Unknown","name":null,"min_zoom":7.6,"expressway":0},"geometry":{"type":"LineString","coordinates":[[108.25693,27.500053],[108.25693,27.48768],[108.269304,27.479431],[108.339419,27.471182],[108.355917,27.446436],[108.376539,27.425813],[108.40541,27.405191],[108.434281,27.388694],[108.446654,27.37632],[108.450778,27.351574],[108.463151,27.347449],[108.475525,27.330952],[108.516769,27.322703],[108.537391,27.314454],[108.586884,27.27321],[108.640502,27.27321],[108.665248,27.264961],[108.681746,27.256712]]}},{"type":"Feature","properties":{"type":"Unknown","name":null,"min_zoom":7.6,"expressway":0},"geometry":{"type":"LineString","coordinates":[[111.482229,27.256712],[111.486353,27.264961]]}},{"type":"Feature","properties":{"type":"Unknown","name":null,"min_zoom":7.7,"expressway":0},"geometry":{"type":"LineString","coordinates":[[112.847412,27.27321],[112.843288,27.252588]]}},{"type":"Feature","properties":{"type":"Unknown","name":null,"min_zoom":7,"expressway":0},"geometry":{"type":"LineString","coordinates":[[111.746192,27.248463],[111.721445,27.269085],[111.704947,27.293832]]}},{"type":"Feature","properties":{"type":"Unknown","name":null,"min_zoom":7.7,"expressway":0},"geometry":{"type":"LineString","coordinates":[[111.461606,27.264961],[111.391491,27.256712],[111.354371,27.252588],[111.321376,27.244339],[111.292505,27.244339],[111.271883,27.260837]]}},{"type":"Feature","properties":{"type":"Unknown","name":null,"min_zoom":7.6,"expressway":0},"geometry":{"type":"LineString","coordinates":[[112.843288,27.252588],[112.814417,27.256712],[112.781422,27.248463],[112.740177,27.256712],[112.719555,27.248463],[112.711306,27.240214]]}},{"type":"Feature","properties":{"type":"Unknown","name":null,"min_zoom":7.6,"expressway":0},"geometry":{"type":"LineString","coordinates":[[113.086629,27.23609],[113.099002,27.244339],[113.103126,27.269085],[113.086629,27.380445],[113.086629,27.392818],[113.127873,27.421689]]}},{"type":"Feature","properties":{"type":"Road","name":null,"min_zoom":3,"expressway":0},"geometry":{"type":"LineString","coordinates":[[109.032322,27.297956],[108.966331,27.264961],[108.908589,27.23609]]}},{"type":"Feature","properties":{"type":"Unknown","name":null,"min_zoom":5,"expressway":0},"geometry":{"type":"LineString","coordinates":[[113.424831,27.23609],[113.449578,27.27321],[113.461951,27.306205],[113.474324,27.355698],[113.478449,27.388694]]}},{"type":"Feature","properties":{"type":"Unknown","name":null,"min_zoom":6,"expressway":0},"geometry":{"type":"LineString","coordinates":[[111.449233,27.231966],[111.482229,27.256712]]}},{"type":"Feature","properties":{"type":"Unknown","name":null,"min_zoom":7.7,"expressway":0},"geometry":{"type":"LineString","coordinates":[[111.271883,27.260837],[111.247136,27.260837],[111.238888,27.256712],[111.226514,27.23609],[111.201768,27.219592],[111.181146,27.203095]]}},{"type":"Feature","properties":{"type":"Road","name":null,"min_zoom":3,"expressway":0},"geometry":{"type":"LineString","coordinates":[[110.430501,27.203095],[110.426376,27.215468],[110.422252,27.264961]]}},{"type":"Feature","properties":{"type":"Unknown","name":null,"min_zoom":7.7,"expressway":0},"geometry":{"type":"LineString","coordinates":[[109.127183,27.203095],[109.164303,27.244339],[109.180801,27.256712],[109.22617,27.269085],[109.222045,27.314454],[109.22617,27.339201],[109.217921,27.368071]]}},{"type":"Feature","properties":{"type":"Unknown","name":null,"min_zoom":6,"expressway":0},"geometry":{"type":"LineString","coordinates":[[111.737943,27.244339],[111.700823,27.240214],[111.663703,27.23609],[111.643081,27.227841],[111.626583,27.211343],[111.618334,27.190721],[111.597712,27.182472],[111.568841,27.203095],[111.498726,27.240214],[111.482229,27.256712]]}},{"type":"Feature","properties":{"type":"Unknown","name":null,"min_zoom":5,"expressway":0},"geometry":{"type":"LineString","coordinates":[[113.387712,27.178348],[113.424831,27.23609]]}},{"type":"Feature","properties":{"type":"Unknown","name":null,"min_zoom":7.6,"expressway":0},"geometry":{"type":"LineString","coordinates":[[113.29285,27.368071],[113.305223,27.343325],[113.309348,27.27321],[113.313472,27.252588],[113.317596,27.244339],[113.358841,27.223717],[113.375338,27.207219],[113.387712,27.178348]]}},{"type":"Feature","properties":{"type":"Road","name":null,"min_zoom":3,"expressway":0},"geometry":{"type":"LineString","coordinates":[[108.908589,27.23609],[108.854972,27.19897],[108.826101,27.186597],[108.813727,27.174224]]}},{"type":"Feature","properties":{"type":"Unknown","name":null,"min_zoom":7.6,"expressway":0},"geometry":{"type":"LineString","coordinates":[[108.681746,27.256712],[108.702368,27.240214],[108.731239,27.211343],[108.764234,27.19897],[108.788981,27.190721],[108.813727,27.174224]]}},{"type":"Feature","properties":{"type":"Unknown","name":null,"min_zoom":7,"expressway":0},"geometry":{"type":"LineString","coordinates":[[111.890546,27.174224],[111.857551,27.190721],[111.783311,27.223717],[111.746192,27.248463]]}},{"type":"Feature","properties":{"type":"Unknown","name":null,"min_zoom":7.6,"expressway":0},"geometry":{"type":"LineString","coordinates":[[112.265869,27.170099],[112.25762,27.190721],[112.2205,27.215468],[112.212251,27.223717],[112.199878,27.252588],[112.195754,27.285583],[112.195754,27.335076],[112.216376,27.343325],[112.212251,27.355698],[112.2205,27.380445],[112.245247,27.417565],[112.245247,27.429938],[112.228749,27.442311],[112.18338,27.454684]]}},{"type":"Feature","properties":{"type":"Road","name":null,"min_zoom":3,"expressway":0},"geometry":{"type":"LineString","coordinates":[[110.966676,27.190721],[110.974925,27.157726]]}},{"type":"Feature","properties":{"type":"Unknown","name":null,"min_zoom":7.7,"expressway":0},"geometry":{"type":"LineString","coordinates":[[111.927666,27.153602],[111.935915,27.165975],[111.948288,27.182472],[111.993657,27.190721],[112.010155,27.207219],[112.04315,27.215468],[112.059648,27.227841],[112.088519,27.302081]]}},{"type":"Feature","properties":{"type":"Unknown","name":null,"min_zoom":7,"expressway":0},"geometry":{"type":"LineString","coordinates":[[111.927666,27.153602],[111.890546,27.174224]]}},{"type":"Feature","properties":{"type":"Unknown","name":null,"min_zoom":7.6,"expressway":0},"geometry":{"type":"LineString","coordinates":[[111.737943,27.244339],[111.729694,27.207219],[111.717321,27.190721],[111.704947,27.170099],[111.68845,27.153602]]}},{"type":"Feature","properties":{"type":"Unknown","name":null,"min_zoom":7.7,"expressway":0},"geometry":{"type":"LineString","coordinates":[[112.843288,27.252588],[112.868034,27.23609],[112.872159,27.227841],[112.868034,27.207219],[112.896905,27.186597],[112.925776,27.145353],[112.93815,27.137104]]}},{"type":"Feature","properties":{"type":"Unknown","name":null,"min_zoom":7.6,"expressway":0},"geometry":{"type":"LineString","coordinates":[[113.090753,27.132979],[113.1155,27.170099],[113.140246,27.174224],[113.136122,27.186597],[113.099002,27.211343],[113.086629,27.227841],[113.086629,27.23609]]}},{"type":"Feature","properties":{"type":"Unknown","name":null,"min_zoom":7,"expressway":0},"geometry":{"type":"LineString","coordinates":[[114.674531,27.380445],[114.678656,27.368071],[114.686905,27.27321],[114.686905,27.248463],[114.699278,27.223717],[114.707527,27.211343],[114.732273,27.190721],[114.798264,27.165975],[114.835384,27.149477],[114.905499,27.132979],[114.954992,27.124731]]}},{"type":"Feature","properties":{"type":"Road","name":null,"min_zoom":3,"expressway":0},"geometry":{"type":"LineString","coordinates":[[111.181146,27.203095],[111.168772,27.190721],[111.152275,27.178348],[111.119279,27.170099],[111.073911,27.153602],[111.040915,27.128855],[111.028542,27.124731]]}},{"type":"Feature","properties":{"type":"Unknown","name":null,"min_zoom":7,"expressway":0},"geometry":{"type":"LineString","coordinates":[[113.944509,27.124731],[113.956882,27.149477],[113.969255,27.170099],[114.002251,27.178348],[114.018748,27.190721],[114.03937,27.240214],[114.051744,27.256712],[114.07649,27.269085]]}},{"type":"Feature","properties":{"type":"Unknown","name":null,"min_zoom":7.6,"expressway":0},"geometry":{"type":"LineString","coordinates":[[113.928011,27.277334],[113.944509,27.256712],[113.940384,27.231966],[113.919762,27.190721],[113.915638,27.178348],[113.919762,27.153602],[113.944509,27.124731]]}},{"type":"Feature","properties":{"type":"Road","name":null,"min_zoom":3,"expressway":0},"geometry":{"type":"LineString","coordinates":[[111.028542,27.124731],[111.003796,27.124731],[110.991422,27.128855],[110.974925,27.157726]]}},{"type":"Feature","properties":{"type":"Unknown","name":null,"min_zoom":7.7,"expressway":0},"geometry":{"type":"LineString","coordinates":[[112.93815,27.137104],[112.983518,27.108233]]}},{"type":"Feature","properties":{"type":"Unknown","name":null,"min_zoom":5,"expressway":0},"geometry":{"type":"LineString","coordinates":[[110.15004,27.314454],[110.141791,27.289707],[110.125294,27.260837],[110.063427,27.190721],[110.013934,27.116482],[110.001561,27.108233]]}},{"type":"Feature","properties":{"type":"Road","name":null,"min_zoom":3,"expressway":0},"geometry":{"type":"LineString","coordinates":[[110.974925,27.157726],[110.954302,27.165975],[110.913058,27.170099],[110.892436,27.165975],[110.875938,27.149477],[110.842943,27.141228],[110.809948,27.112357],[110.797574,27.104108]]}},{"type":"Feature","properties":{"type":"Road","name":null,"min_zoom":3,"expressway":0},"geometry":{"type":"LineString","coordinates":[[110.797574,27.104108],[110.776952,27.099984],[110.739833,27.112357],[110.710962,27.116482],[110.686215,27.108233],[110.669717,27.099984]]}},{"type":"Feature","properties":{"type":"Unknown","name":null,"min_zoom":7.7,"expressway":0},"geometry":{"type":"LineString","coordinates":[[113.090753,27.132979],[113.066007,27.137104],[113.049509,27.099984],[113.037136,27.087611],[113.008265,27.091735],[112.983518,27.108233]]}},{"type":"Feature","properties":{"type":"Unknown","name":null,"min_zoom":7.7,"expressway":0},"geometry":{"type":"LineString","coordinates":[[112.983518,27.108233],[112.967021,27.091735],[112.962896,27.075238]]}},{"type":"Feature","properties":{"type":"Road","name":null,"min_zoom":3,"expressway":0},"geometry":{"type":"LineString","coordinates":[[110.669717,27.099984],[110.636722,27.087611],[110.57898,27.075238]]}},{"type":"Feature","properties":{"type":"Road","name":null,"min_zoom":3,"expressway":0},"geometry":{"type":"LineString","coordinates":[[110.57898,27.075238],[110.558358,27.079362],[110.525363,27.108233],[110.47587,27.137104],[110.446999,27.170099],[110.430501,27.203095]]}},{"type":"Feature","properties":{"type":"Unknown","name":null,"min_zoom":5,"expressway":0},"geometry":{"type":"LineString","coordinates":[[110.001561,27.108233],[109.97269,27.099984],[109.964441,27.09586],[109.956192,27.071113]]}},{"type":"Feature","properties":{"type":"Unknown","name":null,"min_zoom":6,"expressway":0},"geometry":{"type":"LineString","coordinates":[[110.574856,27.071113],[110.57898,27.075238]]}},{"type":"Feature","properties":{"type":"Unknown","name":null,"min_zoom":7,"expressway":0},"geometry":{"type":"LineString","coordinates":[[113.870269,27.029869],[113.907389,27.062864],[113.919762,27.079362],[113.944509,27.124731]]}},{"type":"Feature","properties":{"type":"Unknown","name":null,"min_zoom":7.6,"expressway":0},"geometry":{"type":"LineString","coordinates":[[114.592043,27.392818],[114.587918,27.380445],[114.575545,27.326827],[114.554923,27.244339],[114.54255,27.19897],[114.530177,27.174224],[114.501306,27.16185],[114.455937,27.153602],[114.402319,27.141228],[114.389946,27.128855],[114.381697,27.108233],[114.369324,27.083486],[114.348702,27.062864],[114.319831,27.038118],[114.311582,27.025744]]}},{"type":"Feature","properties":{"type":"Unknown","name":null,"min_zoom":7.6,"expressway":0},"geometry":{"type":"LineString","coordinates":[[112.261744,27.017496],[112.265869,27.029869],[112.261744,27.054615],[112.245247,27.099984],[112.236998,27.120606],[112.241122,27.132979],[112.265869,27.170099]]}},{"type":"Feature","properties":{"type":"Unknown","name":null,"min_zoom":7,"expressway":0},"geometry":{"type":"LineString","coordinates":[[112.261744,27.017496],[112.236998,27.029869],[112.133887,27.083486],[112.105016,27.112357],[112.067896,27.124731],[112.010155,27.132979],[111.952413,27.141228],[111.927666,27.153602]]}},{"type":"Feature","properties":{"type":"Unknown","name":null,"min_zoom":5,"expressway":0},"geometry":{"type":"LineString","coordinates":[[113.334094,27.013371],[113.338219,27.05874],[113.346467,27.112357],[113.354716,27.132979],[113.387712,27.178348]]}},{"type":"Feature","properties":{"type":"Unknown","name":null,"min_zoom":7.6,"expressway":0},"geometry":{"type":"LineString","coordinates":[[113.334094,27.013371],[113.317596,27.025744],[113.263979,27.075238],[113.226859,27.087611],[113.169117,27.099984],[113.144371,27.108233],[113.090753,27.132979]]}},{"type":"Feature","properties":{"type":"Unknown","name":null,"min_zoom":7.6,"expressway":0},"geometry":{"type":"LineString","coordinates":[[113.870269,27.029869],[113.903264,27.017496],[113.932135,27.013371],[113.969255,27.02162]]}},{"type":"Feature","properties":{"type":"Unknown","name":null,"min_zoom":7.6,"expressway":0},"geometry":{"type":"LineString","coordinates":[[113.969255,27.02162],[114.03937,27.025744],[114.080615,27.025744],[114.109485,27.02162],[114.146605,27.009247]]}},{"type":"Feature","properties":{"type":"Unknown","name":null,"min_zoom":7,"expressway":0},"geometry":{"type":"LineString","coordinates":[[112.286491,27.005122],[112.261744,27.017496]]}},{"type":"Feature","properties":{"type":"Unknown","name":null,"min_zoom":5,"expressway":0},"geometry":{"type":"LineString","coordinates":[[109.956192,27.071113],[109.910824,27.050491],[109.861331,27.042242],[109.807713,27.009247],[109.774718,26.996873]]}},{"type":"Feature","properties":{"type":"Unknown","name":null,"min_zoom":7.6,"expressway":0},"geometry":{"type":"LineString","coordinates":[[111.276007,26.992749],[111.280132,27.000998],[111.317252,27.02162],[111.337874,27.042242],[111.370869,27.149477],[111.387367,27.16185],[111.391491,27.174224],[111.407989,27.186597],[111.412113,27.19897],[111.449233,27.231966]]}},{"type":"Feature","properties":{"type":"Unknown","name":null,"min_zoom":7.6,"expressway":0},"geometry":{"type":"LineString","coordinates":[[111.284256,26.9845],[111.276007,26.992749]]}},{"type":"Feature","properties":{"type":"Unknown","name":null,"min_zoom":7,"expressway":0},"geometry":{"type":"LineString","coordinates":[[113.816652,26.9845],[113.833149,26.988625],[113.853771,27.009247],[113.870269,27.029869]]}},{"type":"Feature","properties":{"type":"Unknown","name":null,"min_zoom":7,"expressway":0},"geometry":{"type":"LineString","coordinates":[[112.335984,26.980376],[112.286491,27.005122]]}},{"type":"Feature","properties":{"type":"Road","name":null,"min_zoom":3,"expressway":0},"geometry":{"type":"LineString","coordinates":[[108.813727,27.174224],[108.764234,27.145353],[108.751861,27.128855],[108.731239,27.091735],[108.718866,27.038118],[108.710617,27.017496],[108.694119,27.005122],[108.669373,26.9845],[108.661124,26.976251]]}},{"type":"Feature","properties":{"type":"Unknown","name":null,"min_zoom":7.6,"expressway":0},"geometry":{"type":"LineString","coordinates":[[109.127183,27.203095],[109.139557,27.186597],[109.160179,27.149477],[109.156054,27.124731],[109.164303,27.104108],[109.15193,27.071113],[109.147806,27.046367],[109.147806,27.033993],[109.180801,26.992749],[109.193174,26.972127]]}},{"type":"Feature","properties":{"type":"Unknown","name":null,"min_zoom":7.6,"expressway":0},"geometry":{"type":"LineString","coordinates":[[108.661124,26.976251],[108.624004,26.972127],[108.58276,26.972127],[108.562138,26.9845],[108.541516,27.005122],[108.500271,27.042242],[108.479649,27.050491],[108.454903,27.05874],[108.430156,27.05874]]}},{"type":"Feature","properties":{"type":"Unknown","name":null,"min_zoom":7.6,"expressway":0},"geometry":{"type":"LineString","coordinates":[[110.673842,26.968003],[110.628473,27.013371],[110.587229,27.046367],[110.574856,27.071113]]}},{"type":"Feature","properties":{"type":"Unknown","name":null,"min_zoom":7.6,"expressway":0},"geometry":{"type":"LineString","coordinates":[[110.665593,26.959754],[110.673842,26.968003]]}},{"type":"Feature","properties":{"type":"Unknown","name":null,"min_zoom":7.6,"expressway":0},"geometry":{"type":"LineString","coordinates":[[114.905499,27.050491],[114.89725,27.050491],[114.843633,27.017496],[114.818886,26.996873],[114.802388,26.968003],[114.790015,26.959754],[114.761144,26.963878],[114.715776,26.959754],[114.637412,26.972127],[114.526052,26.976251],[114.484808,26.9845],[114.46831,26.996873],[114.435315,27.009247],[114.410568,27.017496],[114.315707,27.02162],[114.311582,27.025744]]}},{"type":"Feature","properties":{"type":"Unknown","name":null,"min_zoom":7.6,"expressway":0},"geometry":{"type":"LineString","coordinates":[[108.747737,26.951505],[108.702368,26.976251],[108.661124,26.976251]]}},{"type":"Feature","properties":{"type":"Unknown","name":null,"min_zoom":7.6,"expressway":0},"geometry":{"type":"LineString","coordinates":[[114.233218,26.943256],[114.237343,26.955629],[114.25384,26.9845],[114.274462,27.005122]]}},{"type":"Feature","properties":{"type":"Unknown","name":null,"min_zoom":7.6,"expressway":0},"geometry":{"type":"LineString","coordinates":[[114.146605,27.009247],[114.175476,26.988625],[114.191974,26.963878],[114.204347,26.951505],[114.233218,26.943256]]}},{"type":"Feature","properties":{"type":"Unknown","name":null,"min_zoom":5,"expressway":0},"geometry":{"type":"LineString","coordinates":[[109.774718,26.996873],[109.774718,26.9845],[109.762344,26.963878],[109.733474,26.951505],[109.737598,26.943256]]}},{"type":"Feature","properties":{"type":"Unknown","name":null,"min_zoom":7.6,"expressway":0},"geometry":{"type":"LineString","coordinates":[[109.956192,27.071113],[109.952068,27.033993],[109.952068,27.009247],[109.93557,26.939132]]}},{"type":"Feature","properties":{"type":"Unknown","name":null,"min_zoom":7.6,"expressway":0},"geometry":{"type":"LineString","coordinates":[[109.184925,26.968003],[109.168428,26.972127],[109.139557,26.976251],[109.118935,26.968003],[109.07769,26.951505],[109.040571,26.943256],[108.929211,26.943256],[108.892091,26.955629],[108.875594,26.955629],[108.821976,26.939132],[108.793105,26.939132],[108.747737,26.951505]]}},{"type":"Feature","properties":{"type":"Unknown","name":null,"min_zoom":7.6,"expressway":0},"geometry":{"type":"LineString","coordinates":[[110.65322,26.939132],[110.665593,26.959754]]}},{"type":"Feature","properties":{"type":"Unknown","name":null,"min_zoom":7.6,"expressway":0},"geometry":{"type":"LineString","coordinates":[[109.193174,26.914385],[109.193174,26.951505],[109.184925,26.968003]]}},{"type":"Feature","properties":{"type":"Unknown","name":null,"min_zoom":5,"expressway":0},"geometry":{"type":"LineString","coordinates":[[109.737598,26.943256],[109.741722,26.918509],[109.737598,26.906136]]}},{"type":"Feature","properties":{"type":"Unknown","name":null,"min_zoom":7,"expressway":0},"geometry":{"type":"LineString","coordinates":[[112.542205,26.906136],[112.496836,26.918509],[112.426721,26.94738],[112.389601,26.959754],[112.352482,26.972127],[112.335984,26.980376]]}},{"type":"Feature","properties":{"type":"Unknown","name":null,"min_zoom":7,"expressway":0},"geometry":{"type":"LineString","coordinates":[[112.558703,26.902012],[112.542205,26.906136]]}},{"type":"Feature","properties":{"type":"Unknown","name":null,"min_zoom":7.6,"expressway":0},"geometry":{"type":"LineString","coordinates":[[109.93557,26.939132],[109.923197,26.943256],[109.89845,26.943256],[109.861331,26.939132],[109.820086,26.922634],[109.778842,26.902012],[109.754096,26.897887],[109.737598,26.906136]]}},{"type":"Feature","properties":{"type":"Unknown","name":null,"min_zoom":7.6,"expressway":0},"geometry":{"type":"LineString","coordinates":[[112.711306,27.240214],[112.707182,27.227841],[112.698933,27.178348],[112.682435,27.128855],[112.661813,27.087611],[112.632942,27.042242],[112.595823,26.951505],[112.591698,26.910261],[112.591698,26.897887]]}},{"type":"Feature","properties":{"type":"Unknown","name":null,"min_zoom":7,"expressway":0},"geometry":{"type":"LineString","coordinates":[[112.558703,26.902012],[112.591698,26.897887]]}},{"type":"Feature","properties":{"type":"Unknown","name":null,"min_zoom":7,"expressway":0},"geometry":{"type":"LineString","coordinates":[[113.626928,26.885514],[113.672297,26.918509],[113.717665,26.943256],[113.742412,26.94738],[113.767158,26.94738],[113.787781,26.972127],[113.816652,26.9845]]}},{"type":"Feature","properties":{"type":"Unknown","name":null,"min_zoom":5,"expressway":0},"geometry":{"type":"LineString","coordinates":[[113.334094,27.013371],[113.334094,26.9845],[113.338219,26.914385],[113.338219,26.889639],[113.334094,26.88139]]}},{"type":"Feature","properties":{"type":"Unknown","name":null,"min_zoom":7.6,"expressway":0},"geometry":{"type":"LineString","coordinates":[[111.267759,26.88139],[111.284256,26.897887],[111.288381,26.910261],[111.280132,26.926758],[111.292505,26.959754],[111.284256,26.9845]]}},{"type":"Feature","properties":{"type":"Unknown","name":null,"min_zoom":6,"expressway":0},"geometry":{"type":"LineString","coordinates":[[112.591698,26.897887],[112.628818,26.877265],[112.653564,26.869016],[112.678311,26.877265]]}},{"type":"Feature","properties":{"type":"Unknown","name":null,"min_zoom":7.6,"expressway":0},"geometry":{"type":"LineString","coordinates":[[109.93557,26.939132],[109.93557,26.918509],[109.939695,26.88139],[109.947943,26.869016]]}},{"type":"Feature","properties":{"type":"Unknown","name":null,"min_zoom":5,"expressway":0},"geometry":{"type":"LineString","coordinates":[[109.737598,26.906136],[109.716976,26.897887],[109.704603,26.88139],[109.696354,26.860768]]}},{"type":"Feature","properties":{"type":"Unknown","name":null,"min_zoom":7.6,"expressway":0},"geometry":{"type":"LineString","coordinates":[[114.022873,26.852519],[114.022873,26.860768],[114.03937,26.873141],[114.068241,26.873141],[114.097112,26.856643],[114.134232,26.88139],[114.179601,26.893763],[114.220845,26.910261],[114.229094,26.918509],[114.233218,26.943256]]}},{"type":"Feature","properties":{"type":"Unknown","name":null,"min_zoom":7.6,"expressway":0},"geometry":{"type":"LineString","coordinates":[[109.947943,26.869016],[109.980939,26.84427]]}},{"type":"Feature","properties":{"type":"Road","name":null,"min_zoom":3,"expressway":0},"geometry":{"type":"LineString","coordinates":[[108.661124,26.976251],[108.636377,26.939132],[108.595133,26.860768],[108.562138,26.823648]]}},{"type":"Feature","properties":{"type":"Unknown","name":null,"min_zoom":7.7,"expressway":0},"geometry":{"type":"LineString","coordinates":[[108.492022,26.893763],[108.504396,26.864892],[108.537391,26.836021],[108.562138,26.823648]]}},{"type":"Feature","properties":{"type":"Unknown","name":null,"min_zoom":6,"expressway":0},"geometry":{"type":"LineString","coordinates":[[112.678311,26.877265],[112.727804,26.869016],[112.769048,26.869016],[112.806168,26.860768],[112.830915,26.856643],[112.851537,26.836021],[112.880408,26.823648]]}},{"type":"Feature","properties":{"type":"Unknown","name":null,"min_zoom":7,"expressway":0},"geometry":{"type":"LineString","coordinates":[[111.927666,26.798901],[111.989532,26.80715],[112.04315,26.811274],[112.088519,26.80715],[112.100892,26.803026]]}},{"type":"Feature","properties":{"type":"Unknown","name":null,"min_zoom":7.6,"expressway":0},"geometry":{"type":"LineString","coordinates":[[111.68845,27.153602],[111.721445,27.112357],[111.729694,27.09586],[111.729694,27.079362],[111.700823,27.062864],[111.655454,27.02162],[111.643081,27.000998],[111.643081,26.988625],[111.663703,26.968003],[111.667828,26.943256],[111.680201,26.930883],[111.717321,26.935007],[111.746192,26.930883],[111.775063,26.926758],[111.820431,26.939132],[111.832804,26.935007],[111.882297,26.88139],[111.915293,26.84427],[111.923542,26.827772],[111.927666,26.798901]]}},{"type":"Feature","properties":{"type":"Unknown","name":null,"min_zoom":5,"expressway":0},"geometry":{"type":"LineString","coordinates":[[112.100892,26.803026],[112.125638,26.790652]]}},{"type":"Feature","properties":{"type":"Unknown","name":null,"min_zoom":7.6,"expressway":0},"geometry":{"type":"LineString","coordinates":[[109.696354,26.860768],[109.667483,26.840145],[109.642736,26.823648],[109.626239,26.794777],[109.613865,26.790652],[109.589119,26.798901],[109.457137,26.819523],[109.411769,26.836021],[109.362276,26.860768],[109.312782,26.877265],[109.246792,26.906136],[109.193174,26.914385]]}},{"type":"Feature","properties":{"type":"Unknown","name":null,"min_zoom":7,"expressway":0},"geometry":{"type":"LineString","coordinates":[[112.125638,26.790652],[112.146261,26.790652],[112.171007,26.794777],[112.187505,26.80715],[112.199878,26.827772],[112.2205,26.848394],[112.236998,26.860768],[112.261744,26.864892],[112.278242,26.860768],[112.302989,26.852519],[112.327735,26.856643],[112.373104,26.864892],[112.422597,26.873141],[112.455592,26.88139],[112.50921,26.88139],[112.546329,26.889639],[112.558703,26.902012]]}},{"type":"Feature","properties":{"type":"Unknown","name":null,"min_zoom":7,"expressway":0},"geometry":{"type":"LineString","coordinates":[[113.519693,26.786528],[113.581559,26.848394],[113.626928,26.885514]]}},{"type":"Feature","properties":{"type":"Unknown","name":null,"min_zoom":6,"expressway":0},"geometry":{"type":"LineString","coordinates":[[113.334094,26.88139],[113.354716,26.869016],[113.375338,26.84427],[113.400085,26.827772],[113.461951,26.811274],[113.486698,26.794777],[113.519693,26.786528]]}},{"type":"Feature","properties":{"type":"Unknown","name":null,"min_zoom":7.7,"expressway":0},"geometry":{"type":"LineString","coordinates":[[114.839508,26.782404],[114.814762,26.815399],[114.785891,26.819523],[114.765269,26.856643],[114.752895,26.864892],[114.711651,26.848394],[114.674531,26.848394],[114.64566,26.84427],[114.620914,26.831897],[114.563172,26.794777],[114.538425,26.782404],[114.497181,26.778279],[114.472435,26.798901],[114.451813,26.831897],[114.439439,26.84427],[114.410568,26.84427]]}},{"type":"Feature","properties":{"type":"Unknown","name":null,"min_zoom":7.6,"expressway":0},"geometry":{"type":"LineString","coordinates":[[112.125638,26.790652],[112.125638,26.77003]]}},{"type":"Feature","properties":{"type":"Unknown","name":null,"min_zoom":7.6,"expressway":0},"geometry":{"type":"LineString","coordinates":[[111.139901,26.749408],[111.152275,26.757657],[111.164648,26.778279],[111.18527,26.786528],[111.205892,26.798901],[111.22239,26.840145],[111.243012,26.864892],[111.267759,26.88139]]}},{"type":"Feature","properties":{"type":"Unknown","name":null,"min_zoom":7.6,"expressway":0},"geometry":{"type":"LineString","coordinates":[[111.106906,26.745284],[111.139901,26.749408]]}},{"type":"Feature","properties":{"type":"Unknown","name":null,"min_zoom":7.6,"expressway":0},"geometry":{"type":"LineString","coordinates":[[110.632598,26.728786],[110.6161,26.757657],[110.607851,26.790652],[110.611975,26.823648],[110.611975,26.836021],[110.65322,26.939132]]}},{"type":"Feature","properties":{"type":"Unknown","name":null,"min_zoom":7.7,"expressway":0},"geometry":{"type":"LineString","coordinates":[[108.562138,26.823648],[108.50852,26.782404],[108.483774,26.761781],[108.459027,26.728786],[108.454903,26.724662]]}},{"type":"Feature","properties":{"type":"Unknown","name":null,"min_zoom":5,"expressway":0},"geometry":{"type":"LineString","coordinates":[[109.696354,26.860768],[109.68398,26.823648],[109.679856,26.794777],[109.696354,26.720537]]}},{"type":"Feature","properties":{"type":"Unknown","name":null,"min_zoom":7.6,"expressway":0},"geometry":{"type":"LineString","coordinates":[[113.247481,26.699915],[113.247481,26.716413],[113.243357,26.761781],[113.251606,26.786528],[113.296974,26.831897],[113.334094,26.88139]]}},{"type":"Feature","properties":{"type":"Unknown","name":null,"min_zoom":7.7,"expressway":0},"geometry":{"type":"LineString","coordinates":[[113.024762,27.017496],[113.053633,27.005122],[113.07838,26.9845],[113.1155,26.968003],[113.136122,26.935007],[113.169117,26.906136],[113.169117,26.897887],[113.148495,26.869016],[113.1155,26.84427],[113.086629,26.831897],[113.082504,26.819523],[113.090753,26.790652],[113.090753,26.761781],[113.103126,26.749408],[113.1155,26.745284],[113.148495,26.761781],[113.160868,26.757657],[113.18149,26.73291],[113.210361,26.73291],[113.222735,26.716413],[113.243357,26.708164],[113.247481,26.699915]]}},{"type":"Feature","properties":{"type":"Unknown","name":null,"min_zoom":7.6,"expressway":0},"geometry":{"type":"LineString","coordinates":[[113.932135,26.695791],[113.940384,26.708164],[113.965131,26.724662],[113.985753,26.749408],[114.006375,26.757657],[114.002251,26.790652],[114.018748,26.823648],[114.022873,26.852519]]}},{"type":"Feature","properties":{"type":"Unknown","name":null,"min_zoom":7,"expressway":0},"geometry":{"type":"LineString","coordinates":[[111.795685,26.691666],[111.803933,26.720537],[111.820431,26.749408],[111.845178,26.77003],[111.886422,26.786528],[111.927666,26.798901]]}},{"type":"Feature","properties":{"type":"Unknown","name":null,"min_zoom":7.6,"expressway":0},"geometry":{"type":"LineString","coordinates":[[109.201423,26.687542],[109.180801,26.70404],[109.176677,26.724662],[109.156054,26.757657],[109.15193,26.782404],[109.160179,26.80715],[109.193174,26.910261],[109.193174,26.914385]]}},{"type":"Feature","properties":{"type":"Unknown","name":null,"min_zoom":5,"expressway":0},"geometry":{"type":"LineString","coordinates":[[109.696354,26.720537],[109.671607,26.675169]]}},{"type":"Feature","properties":{"type":"Unknown","name":null,"min_zoom":7.6,"expressway":0},"geometry":{"type":"LineString","coordinates":[[109.201423,26.687542],[109.217921,26.66692]]}},{"type":"Feature","properties":{"type":"Unknown","name":null,"min_zoom":7.7,"expressway":0},"geometry":{"type":"LineString","coordinates":[[108.454903,26.724662],[108.4714,26.724662],[108.479649,26.716413],[108.479649,26.687542],[108.496147,26.675169],[108.516769,26.654546],[108.541516,26.646298],[108.574511,26.633924]]}},{"type":"Feature","properties":{"type":"Unknown","name":null,"min_zoom":7.6,"expressway":0},"geometry":{"type":"LineString","coordinates":[[111.139901,26.749408],[111.164648,26.70404],[111.189395,26.675169],[111.189395,26.638049],[111.201768,26.621551]]}},{"type":"Feature","properties":{"type":"Unknown","name":null,"min_zoom":7,"expressway":0},"geometry":{"type":"LineString","coordinates":[[113.874393,26.605053],[113.895016,26.625675],[113.932135,26.695791]]}},{"type":"Feature","properties":{"type":"Unknown","name":null,"min_zoom":6,"expressway":0},"geometry":{"type":"LineString","coordinates":[[111.832804,26.600929],[111.832804,26.613302],[111.808058,26.646298],[111.795685,26.671044],[111.795685,26.691666]]}},{"type":"Feature","properties":{"type":"Unknown","name":null,"min_zoom":7.7,"expressway":0},"geometry":{"type":"LineString","coordinates":[[114.134232,26.580307],[114.171352,26.609178],[114.196098,26.642173],[114.237343,26.712288],[114.257965,26.73291],[114.282711,26.753533],[114.307458,26.761781],[114.332204,26.761781],[114.348702,26.765906],[114.373449,26.798901],[114.402319,26.811274],[114.410568,26.823648],[114.410568,26.84427]]}},{"type":"Feature","properties":{"type":"Road","name":null,"min_zoom":4,"expressway":0},"geometry":{"type":"LineString","coordinates":[[113.932135,26.695791],[113.940384,26.66692],[113.956882,26.642173],[113.977504,26.6298],[114.002251,26.6298],[114.035246,26.642173],[114.07649,26.642173],[114.097112,26.625675],[114.101237,26.605053],[114.117734,26.584431],[114.134232,26.580307]]}},{"type":"Feature","properties":{"type":"Unknown","name":null,"min_zoom":7.6,"expressway":0},"geometry":{"type":"LineString","coordinates":[[109.980939,26.84427],[109.993312,26.836021],[110.00981,26.80715],[110.022183,26.794777],[110.030432,26.77003],[110.038681,26.765906],[110.067552,26.765906],[110.11292,26.774155],[110.141791,26.77003],[110.154165,26.77003],[110.158289,26.794777],[110.170662,26.790652],[110.178911,26.77003],[110.183036,26.745284],[110.166538,26.716413],[110.158289,26.695791],[110.158289,26.646298],[110.158289,26.609178],[110.15004,26.576182]]}},{"type":"Feature","properties":{"type":"Unknown","name":null,"min_zoom":5,"expressway":0},"geometry":{"type":"LineString","coordinates":[[109.671607,26.675169],[109.663358,26.646298],[109.663358,26.617427],[109.667483,26.584431],[109.68398,26.576182]]}},{"type":"Feature","properties":{"type":"Unknown","name":null,"min_zoom":5,"expressway":0},"geometry":{"type":"LineString","coordinates":[[109.68398,26.576182],[109.692229,26.572058]]}},{"type":"Feature","properties":{"type":"Unknown","name":null,"min_zoom":7.7,"expressway":0},"geometry":{"type":"LineString","coordinates":[[113.519693,26.786528],[113.523818,26.774155],[113.527942,26.741159],[113.532066,26.683417],[113.54444,26.633924],[113.569186,26.600929],[113.581559,26.584431],[113.61043,26.559685]]}},{"type":"Feature","properties":{"type":"Unknown","name":null,"min_zoom":7.6,"expressway":0},"geometry":{"type":"LineString","coordinates":[[113.247481,26.699915],[113.259855,26.642173],[113.268103,26.588556],[113.272228,26.55556]]}},{"type":"Feature","properties":{"type":"Unknown","name":null,"min_zoom":7.6,"expressway":0},"geometry":{"type":"LineString","coordinates":[[110.15004,26.576182],[110.15004,26.572058],[110.178911,26.572058],[110.191284,26.567934],[110.211907,26.547311]]}},{"type":"Feature","properties":{"type":"Unknown","name":null,"min_zoom":7,"expressway":0},"geometry":{"type":"LineString","coordinates":[[111.808058,26.539063],[111.832804,26.563809],[111.832804,26.600929]]}},{"type":"Feature","properties":{"type":"Unknown","name":null,"min_zoom":7,"expressway":0},"geometry":{"type":"LineString","coordinates":[[113.272228,26.55556],[113.313472,26.547311],[113.338219,26.526689],[113.350592,26.526689],[113.358841,26.534938],[113.375338,26.580307],[113.416583,26.646298],[113.43308,26.679293],[113.4702,26.73291],[113.499071,26.765906],[113.519693,26.786528]]}},{"type":"Feature","properties":{"type":"Unknown","name":null,"min_zoom":7.6,"expressway":0},"geometry":{"type":"LineString","coordinates":[[109.692229,26.572058],[109.725225,26.559685],[109.754096,26.543187],[109.778842,26.534938],[109.791215,26.539063],[109.811838,26.530814],[109.857206,26.526689],[109.881953,26.543187],[109.894326,26.539063],[109.906699,26.518441]]}},{"type":"Feature","properties":{"type":"Unknown","name":null,"min_zoom":7.6,"expressway":0},"geometry":{"type":"LineString","coordinates":[[112.678311,26.877265],[112.68656,26.856643],[112.682435,26.831897],[112.674187,26.823648],[112.657689,26.811274],[112.661813,26.794777],[112.674187,26.765906],[112.694809,26.753533],[112.711306,26.741159],[112.72368,26.712288],[112.756675,26.662795],[112.764924,26.642173],[112.769048,26.584431],[112.797919,26.510192]]}},{"type":"Feature","properties":{"type":"Unknown","name":null,"min_zoom":7.6,"expressway":0},"geometry":{"type":"LineString","coordinates":[[110.038681,26.506067],[110.059303,26.510192],[110.079925,26.518441],[110.104672,26.551436],[110.121169,26.567934],[110.15004,26.576182]]}},{"type":"Feature","properties":{"type":"Unknown","name":null,"min_zoom":7,"expressway":0},"geometry":{"type":"LineString","coordinates":[[111.770938,26.501943],[111.808058,26.539063]]}},{"type":"Feature","properties":{"type":"Unknown","name":null,"min_zoom":6,"expressway":0},"geometry":{"type":"LineString","coordinates":[[114.245591,26.493694],[114.229094,26.493694],[114.200223,26.501943],[114.175476,26.518441],[114.163103,26.530814],[114.146605,26.55556],[114.134232,26.580307]]}},{"type":"Feature","properties":{"type":"Unknown","name":null,"min_zoom":7.7,"expressway":0},"geometry":{"type":"LineString","coordinates":[[113.750661,26.48957],[113.775407,26.506067],[113.804278,26.55556],[113.820776,26.567934],[113.857896,26.59268],[113.874393,26.605053]]}},{"type":"Feature","properties":{"type":"Unknown","name":null,"min_zoom":7.7,"expressway":0},"geometry":{"type":"LineString","coordinates":[[113.61043,26.559685],[113.643426,26.539063],[113.668172,26.506067],[113.725914,26.497818],[113.750661,26.48957]]}},{"type":"Feature","properties":{"type":"Unknown","name":null,"min_zoom":7.6,"expressway":0},"geometry":{"type":"LineString","coordinates":[[109.906699,26.518441],[109.919073,26.501943],[109.952068,26.48957],[110.038681,26.506067]]}},{"type":"Feature","properties":{"type":"Unknown","name":null,"min_zoom":7.6,"expressway":0},"geometry":{"type":"LineString","coordinates":[[110.83057,26.460699],[110.826445,26.468947],[110.789326,26.48957],[110.75633,26.518441],[110.748081,26.539063],[110.727459,26.609178],[110.71921,26.642173],[110.698588,26.654546],[110.677966,26.687542],[110.657344,26.712288],[110.632598,26.728786]]}},{"type":"Feature","properties":{"type":"Unknown","name":null,"min_zoom":7.6,"expressway":0},"geometry":{"type":"LineString","coordinates":[[114.905499,26.687542],[114.872504,26.671044],[114.831259,26.658671],[114.769393,26.625675],[114.740522,26.609178],[114.715776,26.584431],[114.707527,26.559685],[114.736398,26.485445],[114.75702,26.456574]]}},{"type":"Feature","properties":{"type":"Unknown","name":null,"min_zoom":7.6,"expressway":0},"geometry":{"type":"LineString","coordinates":[[110.847068,26.45245],[110.86769,26.448325],[110.888312,26.460699],[110.900685,26.473072],[110.925432,26.510192],[110.950178,26.530814],[110.983173,26.572058],[111.003796,26.613302],[111.028542,26.633924],[111.032667,26.658671],[111.049164,26.675169],[111.078035,26.687542],[111.094533,26.70404],[111.106906,26.745284]]}},{"type":"Feature","properties":{"type":"Unknown","name":null,"min_zoom":7.6,"expressway":0},"geometry":{"type":"LineString","coordinates":[[113.272228,26.55556],[113.276352,26.510192],[113.272228,26.481321],[113.259855,26.448325],[113.251606,26.435952]]}},{"type":"Feature","properties":{"type":"Unknown","name":null,"min_zoom":7.6,"expressway":0},"geometry":{"type":"LineString","coordinates":[[109.906699,26.518441],[109.894326,26.481321],[109.890202,26.440076],[109.886077,26.431828]]}},{"type":"Feature","properties":{"type":"Unknown","name":null,"min_zoom":7.6,"expressway":0},"geometry":{"type":"LineString","coordinates":[[112.797919,26.510192],[112.830915,26.431828]]}},{"type":"Feature","properties":{"type":"Unknown","name":null,"min_zoom":7.7,"expressway":0},"geometry":{"type":"LineString","coordinates":[[112.797919,26.510192],[112.814417,26.514316],[112.82679,26.534938],[112.830915,26.572058],[112.843288,26.59268],[112.851537,26.600929],[112.888657,26.600929],[112.934025,26.59268],[112.946398,26.580307],[112.950523,26.567934],[112.946398,26.543187],[112.942274,26.518441],[112.946398,26.485445],[112.934025,26.45245],[112.929901,26.423579]]}},{"type":"Feature","properties":{"type":"Unknown","name":null,"min_zoom":7,"expressway":0},"geometry":{"type":"LineString","coordinates":[[112.929901,26.423579],[112.967021,26.419454],[112.991767,26.423579],[113.033011,26.456574],[113.053633,26.460699],[113.099002,26.456574],[113.15262,26.456574],[113.173242,26.468947],[113.197988,26.485445],[113.247481,26.543187],[113.263979,26.55556],[113.272228,26.55556]]}},{"type":"Feature","properties":{"type":"Unknown","name":null,"min_zoom":7.6,"expressway":0},"geometry":{"type":"LineString","coordinates":[[112.393726,26.407081],[112.389601,26.419454],[112.39785,26.444201],[112.406099,26.468947],[112.422597,26.493694],[112.451468,26.526689],[112.467965,26.539063],[112.505085,26.547311],[112.513334,26.551436],[112.538081,26.547311],[112.542205,26.563809],[112.571076,26.59268],[112.587574,26.638049],[112.591698,26.662795],[112.583449,26.745284],[112.571076,26.77003],[112.579325,26.80715],[112.591698,26.897887]]}},{"type":"Feature","properties":{"type":"Unknown","name":null,"min_zoom":7.7,"expressway":0},"geometry":{"type":"LineString","coordinates":[[112.125638,26.77003],[112.138012,26.73291],[112.175131,26.683417],[112.187505,26.658671],[112.191629,26.638049],[112.191629,26.588556],[112.18338,26.563809],[112.224625,26.559685],[112.245247,26.547311],[112.265869,26.510192],[112.274118,26.506067],[112.298864,26.497818],[112.323611,26.48957],[112.340108,26.473072],[112.368979,26.435952],[112.393726,26.407081]]}},{"type":"Feature","properties":{"type":"Unknown","name":null,"min_zoom":7.6,"expressway":0},"geometry":{"type":"LineString","coordinates":[[111.201768,26.621551],[111.218266,26.59268],[111.22239,26.563809],[111.243012,26.501943],[111.251261,26.481321],[111.251261,26.456574],[111.267759,26.431828],[111.276007,26.398832]]}},{"type":"Feature","properties":{"type":"Unknown","name":null,"min_zoom":7,"expressway":0},"geometry":{"type":"LineString","coordinates":[[111.808058,26.539063],[111.812182,26.522565],[111.832804,26.501943],[111.886422,26.48957],[111.911168,26.468947],[111.956537,26.440076],[112.00603,26.411206],[112.055523,26.394708],[112.092643,26.394708]]}},{"type":"Feature","properties":{"type":"Unknown","name":null,"min_zoom":7.6,"expressway":0},"geometry":{"type":"LineString","coordinates":[[109.217921,26.66692],[109.230294,26.654546],[109.275663,26.625675],[109.296285,26.600929],[109.304534,26.572058],[109.304534,26.559685],[109.296285,26.534938],[109.279787,26.506067],[109.259165,26.45245],[109.246792,26.431828],[109.209672,26.386459]]}},{"type":"Feature","properties":{"type":"Unknown","name":null,"min_zoom":7.6,"expressway":0},"geometry":{"type":"LineString","coordinates":[[114.550799,26.386459],[114.559048,26.398832],[114.559048,26.423579],[114.554923,26.448325],[114.559048,26.468947],[114.567296,26.493694],[114.571421,26.55556],[114.600292,26.621551],[114.629163,26.662795],[114.649785,26.679293],[114.7199,26.728786],[114.752895,26.741159],[114.790015,26.765906],[114.839508,26.782404]]}},{"type":"Feature","properties":{"type":"Road","name":null,"min_zoom":4,"expressway":0},"geometry":{"type":"LineString","coordinates":[[114.550799,26.386459],[114.534301,26.407081],[114.509554,26.431828],[114.484808,26.473072],[114.455937,26.551436],[114.435315,26.576182],[114.410568,26.580307],[114.381697,26.567934],[114.336329,26.539063],[114.323955,26.530814],[114.299209,26.530814],[114.270338,26.514316],[114.245591,26.493694]]}},{"type":"Feature","properties":{"type":"Unknown","name":null,"min_zoom":7.6,"expressway":0},"geometry":{"type":"LineString","coordinates":[[110.211907,26.547311],[110.211907,26.522565],[110.220155,26.501943],[110.216031,26.473072],[110.216031,26.440076],[110.22428,26.407081],[110.211907,26.374086]]}},{"type":"Feature","properties":{"type":"Unknown","name":null,"min_zoom":7,"expressway":0},"geometry":{"type":"LineString","coordinates":[[111.700823,26.374086],[111.717321,26.411206],[111.75444,26.448325],[111.758565,26.48957],[111.770938,26.501943]]}},{"type":"Feature","properties":{"type":"Unknown","name":null,"min_zoom":7.6,"expressway":0},"geometry":{"type":"LineString","coordinates":[[110.632598,26.728786],[110.603727,26.728786],[110.57898,26.724662],[110.558358,26.716413],[110.533611,26.699915],[110.500616,26.671044],[110.455247,26.625675],[110.451123,26.600929],[110.459372,26.572058],[110.455247,26.559685],[110.414003,26.526689],[110.405754,26.506067],[110.376883,26.510192],[110.352137,26.501943],[110.339764,26.485445],[110.335639,26.448325],[110.310893,26.411206],[110.294395,26.349339],[110.290271,26.34109]]}},{"type":"Feature","properties":{"type":"Unknown","name":null,"min_zoom":7.6,"expressway":0},"geometry":{"type":"LineString","coordinates":[[109.184925,26.287473],[109.213796,26.312219],[109.242667,26.320468],[109.325156,26.332842],[109.349902,26.345215],[109.424142,26.394708],[109.465386,26.456574],[109.486008,26.477196],[109.531377,26.522565],[109.556123,26.543187],[109.58087,26.547311],[109.634487,26.567934],[109.68398,26.576182]]}},{"type":"Feature","properties":{"type":"Unknown","name":null,"min_zoom":5,"expressway":0},"geometry":{"type":"LineString","coordinates":[[109.692229,26.572058],[109.692229,26.55556],[109.671607,26.530814],[109.663358,26.506067],[109.65511,26.45245],[109.642736,26.407081],[109.646861,26.398832],[109.634487,26.382335],[109.630363,26.365837],[109.61799,26.332842],[109.622114,26.312219],[109.630363,26.291597],[109.642736,26.2751],[109.671607,26.258602],[109.688105,26.254477],[109.733474,26.254477]]}},{"type":"Feature","properties":{"type":"Road","name":null,"min_zoom":4,"expressway":0},"geometry":{"type":"LineString","coordinates":[[109.354027,30.226296],[109.44064,30.234545],[109.527252,30.259291]]}},{"type":"Feature","properties":{"type":"Major Highway","name":null,"min_zoom":3,"expressway":1},"geometry":{"type":"LineString","coordinates":[[115.581904,38.871085],[115.627273,39.011315]]}},{"type":"Feature","properties":{"type":"Major Highway","name":null,"min_zoom":3,"expressway":1},"geometry":{"type":"LineString","coordinates":[[117.173931,38.805094],[117.215175,38.891707]]}},{"type":"Feature","properties":{"type":"Unknown","name":null,"min_zoom":7.1,"expressway":0},"geometry":{"type":"LineString","coordinates":[[117.2193,38.895832],[117.268793,38.866961],[117.293539,38.833965]]}},{"type":"Feature","properties":{"type":"Major Highway","name":null,"min_zoom":3,"expressway":1},"geometry":{"type":"LineString","coordinates":[[115.977849,40.339379],[115.940729,40.355877],[115.858241,40.355877],[115.825245,40.339379],[115.779876,40.331131],[115.738632,40.331131],[115.693264,40.347628]]}},{"type":"Feature","properties":{"type":"Major Highway","name":null,"min_zoom":3,"expressway":1},"geometry":{"type":"LineString","coordinates":[[115.693264,40.355877],[115.668517,40.355877],[115.639646,40.364126],[115.606651,40.376499],[115.57778,40.384748],[115.511789,40.413619]]}},{"type":"Feature","properties":{"type":"Major Highway","name":null,"min_zoom":6,"expressway":1},"geometry":{"type":"LineString","coordinates":[[116.126328,39.737214],[116.113955,39.786707],[116.10983,39.827951],[116.10983,39.885693],[116.118079,39.935186],[116.142826,39.972306],[116.18407,40.038297],[116.229439,40.071292],[116.274807,40.108412]]}},{"type":"Feature","properties":{"type":"Major Highway","name":null,"min_zoom":6,"expressway":1},"geometry":{"type":"LineString","coordinates":[[116.662503,39.935186],[116.646005,39.885693]]}},{"type":"Feature","properties":{"type":"Major Highway","name":null,"min_zoom":3,"expressway":1},"geometry":{"type":"LineString","coordinates":[[118.29165,39.662974],[118.275152,39.691845],[118.242157,39.708343],[118.205037,39.737214],[118.14317,39.757836],[118.097802,39.753711],[118.056558,39.737214],[118.015313,39.728965],[117.763724,39.728965],[117.693608,39.720716],[117.61112,39.720716],[117.565751,39.708343],[117.479138,39.704218],[117.417272,39.704218],[117.371903,39.708343],[117.297664,39.708343]]}},{"type":"Feature","properties":{"type":"Major Highway","name":null,"min_zoom":3,"expressway":1},"geometry":{"type":"LineString","coordinates":[[116.96771,39.753711],[116.922341,39.753711],[116.856351,39.757836],[116.802733,39.757836],[116.711996,39.786707],[116.61301,39.840324],[116.571766,39.856822],[116.481028,39.906315]]}},{"type":"Feature","properties":{"type":"Unknown","name":null,"min_zoom":5,"expressway":0},"geometry":{"type":"LineString","coordinates":[[118.139046,39.749587],[118.126673,39.782582],[118.126673,39.794956]]}},{"type":"Feature","properties":{"type":"Major Highway","name":null,"min_zoom":6,"expressway":1},"geometry":{"type":"LineString","coordinates":[[118.889691,39.415509],[118.848447,39.432006],[118.790705,39.44438],[118.724714,39.460877],[118.68347,39.460877],[118.567986,39.497997],[118.493746,39.522744],[118.419507,39.522744],[118.341143,39.530993],[118.29165,39.543366],[118.25453,39.563988],[118.225659,39.605232]]}},{"type":"Feature","properties":{"type":"Major Highway","name":null,"min_zoom":6,"expressway":1},"geometry":{"type":"LineString","coordinates":[[115.322066,38.945325],[115.40043,38.970071],[115.470545,39.003067],[115.553033,39.01544],[115.664393,39.044311]]}},{"type":"Feature","properties":{"type":"Major Highway","name":null,"min_zoom":5,"expressway":1},"geometry":{"type":"LineString","coordinates":[[116.918217,39.130924],[116.905844,39.163919],[116.926466,39.242283],[116.942964,39.291776],[116.942964,39.33302],[116.926466,39.440255],[116.926466,39.473251]]}}]}