{"type":"FeatureCollection","features":[{"type":"Feature","properties":{},"geometry":{"type":"LineString","coordinates":[[117.722223,41.311945],[117.722222,41.316944],[117.722221,41.329443],[117.724167,41.3425],[117.724167,41.355],[117.722499,41.367222],[117.719445,41.377778],[117.716389,41.388611],[117.7125,41.398611],[117.710283,41.405865],[117.709445,41.408611],[117.706388,41.419444],[117.709999,41.431667],[117.715555,41.442222],[117.720833,41.453056],[117.726944,41.463055],[117.732222,41.473611],[117.734444,41.486666],[117.733054,41.497222],[117.733044,41.497293],[117.732591,41.499999],[117.732591,41.5],[117.732552,41.500229],[117.73255,41.500249],[117.732536,41.500321],[117.732221,41.502221],[117.729167,41.506666],[117.727223,41.511666],[117.725278,41.5175],[117.724168,41.523056],[117.722221,41.528055],[117.72028,41.533335],[117.717221,41.537778],[117.716111,41.543332],[117.714999,41.548889],[117.716111,41.555834],[117.718056,41.561944],[117.720834,41.567223],[117.723333,41.572778],[117.726111,41.578056],[117.726477,41.578754],[117.728889,41.583333],[117.732221,41.587777],[117.734999,41.593334],[117.738613,41.597777],[117.741111,41.603056],[117.744721,41.607777],[117.748332,41.612222],[117.751666,41.616945],[117.755278,41.621389],[117.758611,41.626111],[117.763056,41.629722],[117.7675,41.633611],[117.770834,41.638333],[117.775112,41.640811],[117.776111,41.641389],[117.780276,41.644999],[117.785555,41.648056],[117.789722,41.651944],[117.795001,41.655],[117.799166,41.658611],[117.804445,41.661666],[117.808611,41.665555],[117.813057,41.669444],[117.817501,41.673055],[117.821666,41.676944],[117.826945,41.68],[117.831112,41.683889],[117.835557,41.687501],[117.83889,41.692224],[117.839515,41.692994],[117.842501,41.696667],[117.845278,41.702222],[117.847778,41.7075],[117.848888,41.714445],[117.85,41.721112],[117.849166,41.726944],[117.847223,41.731944],[117.845001,41.736944],[117.844005,41.738392],[117.841945,41.74139],[117.838889,41.745832],[117.835,41.749721],[117.830834,41.753612],[117.827777,41.758055],[117.823888,41.761945],[117.820919,41.765904],[117.820556,41.766388],[117.817778,41.770834],[117.814722,41.775279],[117.81361,41.777778],[117.812501,41.780278],[117.811667,41.785834],[117.810555,41.791389],[117.808611,41.796666],[117.8075,41.802222],[117.806665,41.807778],[117.807778,41.814722],[117.808396,41.818593],[117.808889,41.821666],[117.811389,41.826944],[117.815,41.831389],[117.819445,41.836111],[117.823889,41.839722],[117.828055,41.843611],[117.8325,41.847501],[117.837501,41.850556],[117.842779,41.853611],[117.847778,41.856389],[117.853055,41.859445],[117.858334,41.862501],[117.864166,41.864723],[117.869444,41.867776],[117.875279,41.870278],[117.88139,41.8725],[117.887222,41.874722],[117.893333,41.876945],[117.898333,41.88],[117.904444,41.882222],[117.910277,41.884444],[117.917222,41.886111],[117.923055,41.888334],[117.929167,41.890556],[117.935834,41.891945],[117.941667,41.894167],[117.947778,41.896666],[117.954444,41.898055],[117.961389,41.899445],[117.967222,41.901666],[117.969768,41.902277],[117.974168,41.903334],[117.980834,41.904721],[117.988611,41.905557],[117.995277,41.906944],[118,41.907469],[118.002776,41.907777],[118.010554,41.908333],[118.017222,41.910001],[118.024166,41.91139],[118.030834,41.913055],[118.037777,41.914445],[118.039732,41.914589],[118.045278,41.915],[118.051945,41.916667],[118.059722,41.917222],[118.066388,41.918888],[118.074167,41.919444],[118.081667,41.920278],[118.088333,41.921666],[118.096112,41.9225],[118.103612,41.923056],[118.111111,41.923888],[118.118888,41.924724],[118.12639,41.925278],[118.134167,41.926111],[118.140832,41.927501],[118.146944,41.929722],[118.151944,41.932777],[118.156387,41.936667],[118.160833,41.940277],[118.165001,41.944167],[118.169445,41.948055],[118.173056,41.952501],[118.176389,41.957222],[118.18,41.961667],[118.183612,41.96611],[118.186389,41.971667],[118.189167,41.976945],[118.191111,41.983055],[118.193055,41.989166],[118.194999,41.995278],[118.194057,42],[118.194012,42.000217],[118.194008,42.000237],[118.193995,42.000303],[118.193888,42.000833],[118.193889,42.004506],[118.193891,42.006945],[118.191945,42.012222],[118.19111,42.017778],[118.190955,42.018561],[118.189999,42.023334],[118.188908,42.026224],[118.188056,42.028611],[118.18611,42.033611],[118.184166,42.03861],[118.181111,42.043056],[118.179167,42.048056],[118.176111,42.0525],[118.174166,42.0575],[118.171109,42.061945],[118.169167,42.067223],[118.166944,42.072222],[118.168889,42.078333],[118.168889,42.083056],[118.166667,42.086944],[118.170556,42.087778],[118.181667,42.093056],[118.192777,42.098333],[118.203055,42.104445],[118.21361,42.110555],[118.223889,42.115833],[118.234166,42.121944],[118.244444,42.127779],[118.255833,42.133054],[118.267778,42.138333],[118.279167,42.143611],[118.289444,42.149722],[118.29889,42.156389],[118.306943,42.164722],[118.313333,42.174722],[118.31889,42.185278],[118.325831,42.193611],[118.335555,42.20111],[118.345,42.208056],[118.351794,42.211536],[118.356389,42.21389],[118.368332,42.218333],[118.382778,42.220555],[118.397222,42.222778],[118.412501,42.224166],[118.428613,42.224722],[118.443888,42.225556],[118.458332,42.227779],[118.472778,42.229723],[118.488056,42.231111],[118.499999,42.232198],[118.503334,42.232501],[118.518612,42.233888],[118.533055,42.236111],[118.549165,42.236112],[118.565,42.236667],[118.579722,42.238888],[118.595557,42.239444],[118.601992,42.240019],[118.61111,42.240833],[118.627223,42.242222],[118.643055,42.241943],[118.656111,42.245832],[118.664723,42.253334],[118.671944,42.262222],[118.678332,42.272224],[118.683889,42.282778],[118.690277,42.292778],[118.6975,42.301666],[118.706388,42.31],[118.715278,42.3175],[118.726388,42.322778],[118.739444,42.326389],[118.753889,42.327779],[118.77,42.328612],[118.788334,42.326667],[118.790287,42.326419],[118.805834,42.324445],[118.822222,42.32139],[118.838611,42.317777],[118.854167,42.314444],[118.868332,42.310278],[118.878611,42.303612],[118.886667,42.295278],[118.889471,42.290292],[118.891666,42.286389],[118.897329,42.278154],[118.89778,42.2775],[118.904723,42.269167],[118.914999,42.262501],[118.929167,42.257776],[118.946111,42.257501],[118.95611,42.258889],[118.960556,42.259721],[118.974167,42.2625],[118.983058,42.264168]]}},{"type":"Feature","properties":{},"geometry":{"type":"LineString","coordinates":[[117.722223,41.311945],[117.725832,41.311667],[117.73111,41.309999],[117.740557,41.309167],[117.748612,41.307778],[117.757776,41.306946],[117.766944,41.306111],[117.773887,41.304167],[117.781112,41.301945],[117.787221,41.299444],[117.793332,41.296667],[117.798334,41.293611],[117.803335,41.290278],[117.807501,41.286389],[117.811389,41.282778],[117.815556,41.278889],[117.819723,41.275001],[117.823612,41.271111],[117.828613,41.267778],[117.833889,41.264722],[117.83889,41.261389],[117.84389,41.258056],[117.851111,41.256111],[117.857223,41.253611],[117.862222,41.250278],[117.865278,41.245834],[117.868056,41.241388],[117.871112,41.236944],[117.873334,41.231946],[117.876112,41.2275],[117.879167,41.223056],[117.883333,41.219166],[117.886389,41.214722],[117.889444,41.210278],[117.893334,41.206389],[117.897223,41.202501],[117.901389,41.198611],[117.905556,41.195],[117.909443,41.191111],[117.913611,41.187222],[117.918611,41.18389],[117.92438,41.182275],[117.925554,41.181945],[117.931666,41.179167],[117.935833,41.175554],[117.938889,41.171111],[117.938611,41.164722],[117.936111,41.159444],[117.932499,41.154722],[117.931862,41.150894],[117.931388,41.148056],[117.931944,41.145]]}},{"type":"Feature","properties":{},"geometry":{"type":"LineString","coordinates":[[117.886389,41.135555],[117.893888,41.137222],[117.900554,41.138056],[117.907224,41.139722],[117.91389,41.141944],[117.920556,41.142776],[117.927221,41.144445],[117.931944,41.145]]}},{"type":"Feature","properties":{},"geometry":{"type":"LineString","coordinates":[[117.722223,41.311945],[117.722221,41.305],[117.722037,41.304531],[117.717499,41.293056],[117.709722,41.284444],[117.701111,41.277499],[117.691944,41.270834],[117.6825,41.26389],[117.672222,41.257222],[117.667501,41.245556],[117.664722,41.232778],[117.660835,41.220554],[117.658055,41.2075],[117.653335,41.195278],[117.652222,41.188334],[117.649445,41.175278],[117.646388,41.1625],[117.642779,41.150278],[117.641668,41.143333],[117.637222,41.131945],[117.631667,41.120556],[117.625554,41.110555],[117.61861,41.101388],[117.609445,41.094445],[117.596667,41.090556],[117.5825,41.089167],[117.568334,41.086944],[117.555833,41.083056],[117.543056,41.079167],[117.53139,41.074722],[117.52028,41.069444],[117.516291,41.066752],[117.51,41.0625],[117.500834,41.055556],[117.5,41.054832],[117.499999,41.054831],[117.492222,41.048056],[117.486945,41.037222],[117.483888,41.024445],[117.481112,41.011389],[117.478699,41.000053],[117.478697,41.000041],[117.478697,41.000038],[117.478688,41],[117.478333,40.998333],[117.478054,40.985001],[117.472222,40.981947]]}},{"type":"Feature","properties":{},"geometry":{"type":"LineString","coordinates":[[117.931944,41.145],[117.932499,41.142222],[117.938611,41.139723],[117.941391,41.135277],[117.9425,41.129444],[117.938055,41.125555],[117.932223,41.123335],[117.92722,41.120278],[117.924444,41.115],[117.926389,41.110001],[117.930557,41.106111],[117.934444,41.102222],[117.939721,41.099166],[117.9425,41.094722],[117.9425,41.088333],[117.94139,41.081389],[117.940277,41.074444],[117.939444,41.067779],[117.937499,41.061666],[117.937222,41.055276],[117.937223,41.048888],[117.938331,41.043333],[117.939167,41.037777],[117.940279,41.031943],[117.939167,41.024999],[117.939166,41.020351],[117.939168,41.018889],[117.938056,41.011945],[117.936111,41.005833],[117.933332,41.000556],[117.933223,41.00015],[117.933214,41.000117],[117.933211,41.000108],[117.933182,41],[117.931667,40.994443],[117.928889,40.989166],[117.92611,40.983611],[117.923611,40.978333],[117.919999,40.973888]]}},{"type":"Feature","properties":{},"geometry":{"type":"LineString","coordinates":[[117.821945,40.968055],[117.825277,40.970278],[117.831945,40.971665],[117.838611,40.973334],[117.838786,40.973353],[117.846112,40.974166],[117.852779,40.975556],[117.860279,40.976389],[117.866944,40.977778],[117.873611,40.979166],[117.881111,40.979445],[117.890277,40.979166],[117.898611,40.978333],[117.904921,40.977246],[117.906667,40.976946],[117.914722,40.975555],[117.919999,40.973888]]}},{"type":"Feature","properties":{},"geometry":{"type":"LineString","coordinates":[[117.821945,40.968055],[117.824445,40.973055],[117.825555,40.98],[117.826946,40.986667],[117.827223,40.993055],[117.826112,40.998611],[117.825913,40.999999],[117.825882,41.000211],[117.825879,41.000229],[117.825871,41.000294],[117.825277,41.004444],[117.823334,41.009445],[117.821388,41.014445],[117.819723,41.019723],[117.816666,41.024166],[117.814722,41.029167],[117.813055,41.034166],[117.811112,41.039445],[117.810277,41.044999],[117.809165,41.050834],[117.808334,41.056389],[117.806665,41.061388],[117.805834,41.067222],[117.803889,41.072222],[117.801943,41.077222],[117.798888,41.081667],[117.795,41.085555],[117.791111,41.089444],[117.787222,41.093333],[117.782222,41.096667],[117.778056,41.100555],[117.775278,41.104999],[117.773333,41.110277],[117.7725,41.115834],[117.771389,41.121111],[117.772501,41.126944],[117.772501,41.132777],[117.7725,41.138334],[117.77361,41.144999],[117.776256,41.152028],[117.779167,41.155834],[117.78361,41.160278],[117.787779,41.163334]]}},{"type":"Feature","properties":{},"geometry":{"type":"LineString","coordinates":[[117.472222,40.981947],[117.474167,40.981945],[117.48139,40.979723],[117.489444,40.978334],[117.497499,40.976945],[117.499999,40.976176],[117.504721,40.974723],[117.510555,40.972223],[117.518611,40.97],[117.525556,40.968056],[117.531667,40.965277],[117.538889,40.963888],[117.545834,40.961944],[117.553056,40.959722],[117.561111,40.958332],[117.569168,40.956944],[117.578333,40.956111],[117.585277,40.954166],[117.5925,40.952777],[117.599445,40.950556],[117.607499,40.948332],[117.614721,40.94639],[117.623611,40.945557],[117.631945,40.945556],[117.640277,40.945278],[117.644686,40.944877],[117.649445,40.944444],[117.658611,40.943611],[117.666944,40.943611],[117.675832,40.942778],[117.677568,40.942719],[117.684167,40.942499],[117.693334,40.941667],[117.693603,40.941667],[117.701667,40.941665],[117.71,40.941667],[117.718333,40.941389],[117.719197,40.94131],[117.727501,40.940556],[117.736667,40.939721],[117.744167,40.940556],[117.744622,40.940624],[117.753333,40.941944],[117.76278,40.94361],[117.769722,40.945277],[117.775556,40.947501],[117.781389,40.949722],[117.788056,40.95111],[117.793058,40.954166],[117.799165,40.956666],[117.805001,40.958889],[117.810834,40.960277],[117.815001,40.964166],[117.820277,40.967222],[117.821945,40.968055]]}},{"type":"Feature","properties":{},"geometry":{"type":"LineString","coordinates":[[117.919999,40.973888],[117.921944,40.973612],[117.927779,40.971111],[117.93389,40.968333],[117.938889,40.964444],[117.943057,40.960555],[117.945833,40.956111],[117.947779,40.951111],[117.95,40.946111],[117.951943,40.940833],[117.951944,40.934722],[117.952776,40.928889],[117.952777,40.923332],[117.953888,40.917778],[117.955833,40.912778],[117.958887,40.908332],[117.961668,40.903611],[117.964722,40.899445],[117.96778,40.894723],[117.970834,40.890277],[117.974722,40.886667],[117.977778,40.881945],[117.980832,40.877501],[117.983889,40.873056],[117.985832,40.868056],[117.987777,40.863056],[117.989721,40.858056],[117.992777,40.853611],[117.996666,40.849722],[117.999722,40.845278],[118,40.845152],[118.000001,40.845151],[118.005833,40.8425],[118.007514,40.841473],[118.010834,40.839444],[118.016945,40.836667],[118.021946,40.833333],[118.026946,40.830276],[118.029998,40.826388],[118.033055,40.821944],[118.03389,40.816389],[118.035,40.810556],[118.037777,40.806111],[118.038054,40.803888]]}},{"type":"Feature","properties":{},"geometry":{"type":"LineString","coordinates":[[118.18611,40.7725],[118.188612,40.772777],[118.194445,40.775],[118.199445,40.778056],[118.205278,40.780278],[118.211945,40.781665],[118.217223,40.784722],[118.223055,40.786943],[118.228888,40.789167],[118.235554,40.790833],[118.242779,40.790001],[118.249722,40.787222],[118.258054,40.785832],[118.266111,40.784444],[118.274167,40.783056],[118.282223,40.781667],[118.290278,40.780001],[118.298333,40.778611],[118.307501,40.777776],[118.314723,40.777778],[118.323889,40.776946],[118.332223,40.776945],[118.340555,40.776944],[118.348887,40.776945],[118.35611,40.777501],[118.363613,40.778334],[118.371111,40.778334],[118.378611,40.778888],[118.385276,40.780556],[118.392777,40.781111],[118.400277,40.781944],[118.407777,40.782501],[118.415277,40.783333],[118.423611,40.783055],[118.430278,40.784723],[118.436945,40.785555],[118.444443,40.786112],[118.451111,40.787499],[118.457779,40.789166],[118.463611,40.791389],[118.470554,40.793612],[118.47639,40.795832],[118.482223,40.798056],[118.487502,40.80111],[118.493332,40.803334],[118.499166,40.805556],[118.499999,40.805925],[118.5,40.805926],[118.500001,40.805926],[118.504167,40.807777],[118.509167,40.810834],[118.514444,40.813889],[118.51861,40.8175],[118.523055,40.821389],[118.526389,40.826111],[118.530834,40.829721],[118.535278,40.834167],[118.53889,40.838888],[118.542222,40.843333],[118.546667,40.847223],[118.55,40.851668],[118.550884,40.852258],[118.5575,40.856666],[118.563888,40.862223],[118.568887,40.865277],[118.573889,40.8675],[118.58,40.870001],[118.585834,40.872222],[118.592499,40.873611],[118.599165,40.874999],[118.60611,40.877223],[118.611944,40.879445],[118.617223,40.882499],[118.622222,40.885555],[118.627223,40.88861],[118.629166,40.894444],[118.629444,40.900833],[118.629442,40.907222],[118.629827,40.909528],[118.630555,40.913887],[118.633334,40.919444],[118.637777,40.92389],[118.640555,40.929167],[118.641666,40.936111],[118.642778,40.942778],[118.642778,40.949167],[118.643056,40.955556],[118.64639,40.96],[118.65,40.964445],[118.655278,40.968333],[118.659724,40.971944],[118.663889,40.975833],[118.668335,40.979721],[118.6725,40.983334],[118.678611,40.985554],[118.683611,40.98861],[118.688057,40.9925],[118.693056,40.995556],[118.697499,40.999168],[118.698392,41],[118.698393,41.000001],[118.698632,41.000222],[118.698652,41.000242],[118.698727,41.000312],[118.701666,41.003056],[118.705278,41.007501],[118.70889,41.012778],[118.711666,41.018056],[118.714444,41.023332],[118.71639,41.029444],[118.721388,41.0325],[118.727221,41.034166],[118.734723,41.034721],[118.741944,41.032777],[118.748887,41.030555],[118.755,41.028056],[118.76111,41.025277],[118.770277,41.024445],[118.778334,41.024445],[118.786666,41.024166],[118.795,41.023611],[118.803333,41.023333],[118.8125,41.0225],[118.820556,41.021111],[118.826667,41.018334],[118.830556,41.014445],[118.834444,41.010555],[118.839443,41.007222],[118.844442,41.004166],[118.847649,41.000274],[118.8477,41.000214],[118.847714,41.000197],[118.847876,41],[118.848333,40.999444],[118.851388,40.995833],[118.856388,40.992499],[118.861389,40.989166],[118.863888,40.988611]]}},{"type":"Feature","properties":{},"geometry":{"type":"LineString","coordinates":[[118.18611,40.7725],[118.181944,40.771944],[118.173613,40.771944],[118.165556,40.773334],[118.158611,40.775277],[118.152501,40.778055],[118.14639,40.780556],[118.141389,40.783889],[118.136387,40.787221],[118.130278,40.789723],[118.125278,40.793055],[118.117221,40.795277],[118.11,40.795834],[118.103333,40.794444],[118.0975,40.792222],[118.091665,40.789722],[118.084166,40.789166],[118.082884,40.789024],[118.076667,40.788332],[118.069167,40.787778],[118.061666,40.786944],[118.054723,40.789722],[118.048611,40.792222],[118.045555,40.796666],[118.041666,40.800555],[118.038054,40.803888]]}},{"type":"Feature","properties":{},"geometry":{"type":"LineString","coordinates":[[118.208334,40.743889],[118.206389,40.749167],[118.202499,40.753056],[118.199722,40.757499],[118.195834,40.761389],[118.193057,40.765833],[118.188889,40.769723],[118.18611,40.7725]]}},{"type":"Feature","properties":{},"geometry":{"type":"LineString","coordinates":[[114.888889,40.741111],[114.888611,40.747501],[114.888611,40.752499],[114.8875,40.758055],[114.885278,40.763333],[114.884167,40.768889],[114.883055,40.774445],[114.884166,40.781389],[114.884994,40.784422],[114.885834,40.787499],[114.887499,40.793612],[114.88766,40.794202],[114.889166,40.799722],[114.888334,40.805556],[114.885,40.81],[114.881781,40.80544],[114.881666,40.805278],[114.879166,40.8],[114.875833,40.795277],[114.873334,40.79],[114.869722,40.785278],[114.866389,40.780556],[114.862221,40.776945],[114.858056,40.773056],[114.853889,40.769167],[114.849721,40.765278],[114.845555,40.761389],[114.841389,40.757501],[114.836111,40.754444],[114.834445,40.753889],[114.826389,40.749166]]}},{"type":"Feature","properties":{},"geometry":{"type":"LineString","coordinates":[[114.826389,40.749166],[114.831111,40.749722],[114.838333,40.749166],[114.845556,40.747222],[114.853263,40.745893],[114.853611,40.745834],[114.862777,40.745833],[114.871946,40.744445],[114.88,40.743333],[114.886389,40.742223],[114.888889,40.741111]]}},{"type":"Feature","properties":{},"geometry":{"type":"LineString","coordinates":[[118.038054,40.803888],[118.0375,40.804444],[118.034721,40.80889],[118.025555,40.809722],[118.018056,40.808889],[118.012221,40.806667],[118.006389,40.804446],[118.000001,40.803114],[117.999999,40.803114],[117.999722,40.803056],[117.993056,40.802222],[117.986944,40.800001],[117.978888,40.8],[117.970554,40.800001],[117.962222,40.8],[117.953055,40.800834],[117.946668,40.800834],[117.940557,40.803333],[117.934721,40.806666],[117.928612,40.809446],[117.921389,40.81],[117.915556,40.807777],[117.909444,40.805556],[117.906112,40.800833],[117.903332,40.795555],[117.900554,40.789445],[117.898056,40.784167],[117.894443,40.779445],[117.891111,40.774999],[117.886667,40.771112],[117.881667,40.768056],[117.874999,40.766665],[117.867499,40.766666],[117.858612,40.7675],[117.85111,40.766666],[117.844999,40.764446],[117.841666,40.759723],[117.840834,40.754167],[117.841667,40.748611],[117.836666,40.744999],[117.830555,40.7425],[117.824724,40.740279],[117.821388,40.735832],[117.820277,40.728889],[117.820277,40.7225],[117.821112,40.716945],[117.822223,40.711389],[117.821111,40.705],[117.823056,40.699444],[117.821711,40.69464],[117.821111,40.6925],[117.819168,40.686389],[117.816666,40.681111],[117.813056,40.67639],[117.809721,40.671945],[117.806109,40.667223],[117.802778,40.662778],[117.798611,40.65889],[117.794168,40.654444],[117.789167,40.651389],[117.785,40.648334],[117.780557,40.644445],[117.776389,40.640555],[117.771387,40.637501],[117.766946,40.633611],[117.762778,40.629999],[117.759166,40.625277],[117.755834,40.620832],[117.751667,40.616944],[117.747222,40.612499],[117.743889,40.607778],[117.740278,40.603334],[117.737499,40.600833]]}},{"type":"Feature","properties":{},"geometry":{"type":"LineString","coordinates":[[117.778612,40.577222],[117.772778,40.581111],[117.767778,40.584445],[117.763889,40.587777],[117.758888,40.591667],[117.757669,40.592275],[117.753889,40.594165],[117.748889,40.596944],[117.741945,40.599444],[117.737499,40.600833]]}},{"type":"Feature","properties":{},"geometry":{"type":"LineString","coordinates":[[115.460555,40.635001],[115.453611,40.636944],[115.4475,40.639722],[115.442498,40.642778],[115.438333,40.646666],[115.434445,40.650556],[115.431389,40.654999],[115.430277,40.660556],[115.428333,40.665555],[115.42611,40.670556],[115.421946,40.674445],[115.416946,40.677777],[115.41,40.679722],[115.401943,40.681111],[115.393611,40.680834],[115.38611,40.680277],[115.379444,40.678611],[115.37111,40.678611],[115.36361,40.677778],[115.356944,40.676389],[115.349444,40.675555],[115.343611,40.673055],[115.337223,40.671667],[115.33111,40.669166],[115.325554,40.666945],[115.320278,40.663889],[115.315278,40.660833],[115.311112,40.656944],[115.306111,40.653888],[115.301943,40.650001],[115.2975,40.646111],[115.293334,40.642222],[115.288334,40.639167],[115.283333,40.636112],[115.278334,40.633056],[115.272499,40.630833],[115.2675,40.627777],[115.2625,40.624723],[115.257502,40.621667],[115.251666,40.619166],[115.245,40.617777],[115.238332,40.616111],[115.232501,40.613888],[115.225834,40.612222],[115.220001,40.610001],[115.213332,40.608334],[115.208332,40.605277],[115.202499,40.603056],[115.198335,40.599166],[115.191667,40.5975],[115.185833,40.595279],[115.179167,40.593611],[115.170833,40.593611],[115.164167,40.591943],[115.155279,40.592778],[115.147779,40.591946],[115.140278,40.59111],[115.134445,40.588889],[115.129444,40.585834],[115.123612,40.583332],[115.116944,40.581945],[115.110278,40.580277],[115.104444,40.578055],[115.098729,40.576711],[115.095001,40.575833]]}},{"type":"Feature","properties":{},"geometry":{"type":"LineString","coordinates":[[114.888889,40.741111],[114.8925,40.739722],[114.898612,40.736945],[114.904722,40.734445],[114.908611,40.730001],[114.910834,40.725],[114.911944,40.719445],[114.913056,40.713611],[114.913055,40.7075],[114.912223,40.701111],[114.912501,40.695],[114.913611,40.689168],[114.913611,40.683056],[114.914722,40.677223],[114.916944,40.672222],[114.918888,40.667223],[114.921944,40.662223],[114.926944,40.658333],[114.932224,40.655001],[114.937222,40.652499],[114.943613,40.650833],[114.948612,40.6475],[114.955554,40.645556],[114.961667,40.643056],[114.967778,40.640555],[114.973889,40.638056],[114.979999,40.634721],[114.986112,40.632222],[114.992222,40.629722],[114.996389,40.625832],[114.999999,40.622704],[115,40.622703],[115.000556,40.622222],[115.004445,40.618333],[115.009444,40.614445],[115.014722,40.611388],[115.020835,40.608889],[115.025834,40.605555],[115.031945,40.60361],[115.038057,40.600556],[115.043056,40.598055],[115.048042,40.596219],[115.048334,40.596112],[115.051944,40.595278],[115.058055,40.592778],[115.065,40.59],[115.071111,40.5875],[115.077222,40.584999],[115.082499,40.581944],[115.088334,40.579166],[115.095001,40.575833]]}},{"type":"Feature","properties":{},"geometry":{"type":"LineString","coordinates":[[117.737499,40.600833],[117.736111,40.599444],[117.731667,40.595556],[117.726667,40.592501],[117.721667,40.589445],[117.7175,40.585834],[117.712499,40.583333],[117.706667,40.581111],[117.7,40.579445],[117.694167,40.577221],[117.688054,40.575],[117.682224,40.572778],[117.67639,40.569722],[117.670278,40.566666],[117.666945,40.562222],[117.663611,40.557501],[117.660833,40.552222],[117.658333,40.549167]]}},{"type":"Feature","properties":{},"geometry":{"type":"LineString","coordinates":[[117.776667,40.537778],[117.773889,40.542222],[117.768889,40.545556],[117.765001,40.549444],[117.76111,40.553333],[117.753055,40.555],[117.747222,40.552777],[117.741944,40.549722],[117.736947,40.546666],[117.731667,40.543611],[117.725001,40.542222],[117.717501,40.541666],[117.709167,40.541666],[117.701111,40.541945],[117.691946,40.542779],[117.685,40.544998],[117.675833,40.545833],[117.667779,40.547221],[117.658333,40.549167]]}},{"type":"Feature","properties":{},"geometry":{"type":"LineString","coordinates":[[115.354445,40.468612],[115.356389,40.463611],[115.3575,40.457777],[115.356988,40.454718],[115.35639,40.451111],[115.355833,40.445556],[115.355833,40.438332]]}},{"type":"Feature","properties":{},"geometry":{"type":"LineString","coordinates":[[115.095001,40.575833],[115.099443,40.572222],[115.104444,40.568888],[115.108612,40.565276],[115.114722,40.562778],[115.11729,40.560723],[115.117293,40.560721],[115.117295,40.560719],[115.117303,40.560713],[115.118889,40.559445],[115.121647,40.557055],[115.123055,40.555833],[115.127222,40.551943],[115.129167,40.547499],[115.1325,40.543333],[115.135555,40.538889],[115.139444,40.535],[115.143611,40.531111],[115.147778,40.527499],[115.151943,40.523611],[115.157778,40.520277],[115.163889,40.517777],[115.169999,40.515279],[115.175001,40.511944],[115.181112,40.509445],[115.186319,40.507314],[115.187222,40.506944],[115.193332,40.504444],[115.19861,40.501945],[115.202415,40.500315],[115.202577,40.500245],[115.202621,40.500226],[115.202623,40.500226],[115.20315,40.500001],[115.203152,40.5],[115.204444,40.499444],[115.208612,40.495556],[115.215554,40.493056],[115.223611,40.491667],[115.231111,40.4925],[115.239445,40.493056],[115.246111,40.494167],[115.250702,40.493783],[115.256111,40.493334],[115.26111,40.490833],[115.266389,40.487777],[115.271388,40.484445],[115.274446,40.479444],[115.274568,40.479322],[115.278334,40.475554],[115.278791,40.474891],[115.28139,40.471112],[115.285555,40.467223],[115.288611,40.462778],[115.292777,40.459722],[115.296943,40.456111],[115.300834,40.452222],[115.306111,40.448889],[115.313055,40.446944],[115.319167,40.444444],[115.325554,40.443333],[115.329444,40.439444],[115.335834,40.438333],[115.344167,40.438333],[115.353333,40.438334],[115.355833,40.438332]]}},{"type":"Feature","properties":{},"geometry":{"type":"LineString","coordinates":[[115.404168,40.476944],[115.406389,40.471945],[115.408333,40.466944],[115.409444,40.461388],[115.410278,40.455556],[115.410557,40.454688],[115.412777,40.447778],[115.413055,40.441389],[115.414444,40.438611],[115.413332,40.433612]]}},{"type":"Feature","properties":{},"geometry":{"type":"LineString","coordinates":[[115.355833,40.438332],[115.36139,40.438334],[115.369723,40.43861],[115.378889,40.437778],[115.386944,40.437778],[115.396111,40.43639],[115.404168,40.434999],[115.412224,40.433889],[115.413332,40.433612]]}},{"type":"Feature","properties":{},"geometry":{"type":"LineString","coordinates":[[115.479723,40.427501],[115.483612,40.423889],[115.487778,40.42],[115.491944,40.416111],[115.494722,40.411667],[115.493889,40.404722],[115.492778,40.404166],[115.492223,40.399167]]}},{"type":"Feature","properties":{},"geometry":{"type":"LineString","coordinates":[[115.413332,40.433612],[115.419168,40.431944],[115.426389,40.43],[115.4325,40.427223],[115.438333,40.424723],[115.443611,40.421666],[115.4475,40.417779],[115.4525,40.413889],[115.4575,40.410556],[115.462778,40.407499],[115.469723,40.405001],[115.476666,40.40361],[115.483889,40.401667],[115.490834,40.399722],[115.492223,40.399167]]}},{"type":"Feature","properties":{},"geometry":{"type":"LineString","coordinates":[[115.492223,40.399167],[115.496944,40.397223],[115.499999,40.395834],[115.500001,40.395834],[115.503054,40.394444],[115.509167,40.391944],[115.519166,40.391111],[115.523333,40.390556]]}},{"type":"Feature","properties":{},"geometry":{"type":"LineString","coordinates":[[116.81,40.479722],[116.807222,40.474445],[116.805278,40.468334],[116.805278,40.467931],[116.805278,40.461944],[116.804167,40.454999],[116.803058,40.449445],[116.800556,40.444166],[116.796111,40.440277],[116.791945,40.436666],[116.787777,40.432778],[116.781667,40.430556],[116.776667,40.4275],[116.770834,40.425277],[116.765833,40.422221],[116.762222,40.416945],[116.762222,40.410554],[116.765,40.406112],[116.769999,40.403056],[116.776112,40.400278],[116.783056,40.398332],[116.790277,40.396111],[116.797222,40.394166],[116.805276,40.392777],[116.812221,40.390556],[116.814724,40.39]]}},{"type":"Feature","properties":{},"geometry":{"type":"LineString","coordinates":[[117.472222,40.981947],[117.468054,40.979723],[117.454722,40.976666],[117.440555,40.974444],[117.426388,40.971945],[117.396626,40.971152],[117.384519,40.970827],[117.372217,40.968818],[117.361138,40.962245],[117.345736,40.953109],[117.323877,40.939458],[117.303831,40.932241],[117.29342,40.929349],[117.281958,40.925124],[117.270431,40.920207],[117.254259,40.914853],[117.242734,40.909933],[117.229245,40.903732],[117.21759,40.897427],[117.207835,40.891711],[117.198374,40.887357],[117.194352,40.885506],[117.181072,40.881373],[117.160603,40.879026],[117.142298,40.880033],[117.126672,40.880196],[117.113793,40.880207],[117.100979,40.880906],[117.09189,40.882097],[117.081822,40.882647],[117.068484,40.887544],[117.060507,40.890758],[117.057827,40.891599],[117.051221,40.889872],[117.029252,40.88133],[117.016116,40.868832],[117.007424,40.864436],[117,40.861245],[116.998797,40.86073],[116.996774,40.858753],[116.991023,40.856282],[116.988998,40.854306],[116.990577,40.841708],[116.998365,40.826688],[116.999999,40.821666],[117,40.821665],[117,40.821664],[117,40.821662],[117.0055,40.804751],[117.008379,40.796254],[117.013086,40.787656],[117.021908,40.773968],[117.028441,40.765271],[117.037189,40.760625],[117.059449,40.753157],[117.073678,40.748209],[117.085947,40.741976],[117.091101,40.738219],[117.098602,40.730158],[117.104273,40.722198],[117.110988,40.715571],[117.11405,40.709146],[117.117695,40.699207],[117.117252,40.687518],[117.113372,40.673017],[117.110501,40.671783],[117.103972,40.661013],[117.102862,40.658988],[117.087596,40.633394],[117.080097,40.62198],[117.072992,40.614717],[117.068039,40.610815],[117.058591,40.607852],[117.041912,40.605977],[117.031684,40.604447],[117.020414,40.601581],[117.010906,40.597924],[117.000001,40.592448],[117,40.592447],[116.998402,40.591645],[116.988831,40.587294],[116.97353,40.580468],[116.970666,40.579232],[116.96025,40.575618],[116.951787,40.573291],[116.948075,40.572797],[116.935246,40.572788],[116.918333,40.571389],[116.909445,40.572222],[116.897088,40.571572],[116.893611,40.571389],[116.878611,40.569722],[116.875505,40.569226],[116.864722,40.567499],[116.852222,40.563612],[116.841388,40.558888],[116.831111,40.551946],[116.824444,40.542777],[116.818334,40.532778],[116.812501,40.522777],[116.810846,40.518227],[116.808057,40.510555],[116.801944,40.500555],[116.801547,40.500313],[116.801434,40.500244],[116.801402,40.500224],[116.801036,40.5],[116.791944,40.494445],[116.781112,40.489167],[116.775495,40.485266],[116.771112,40.482222],[116.761668,40.475278],[116.750832,40.470001],[116.74,40.464444],[116.729167,40.459168],[116.719166,40.452779],[116.709167,40.446667],[116.698332,40.441389],[116.688333,40.435278],[116.675555,40.428611],[116.667336,40.424395],[116.664723,40.423054],[116.657465,40.41862],[116.654722,40.416946],[116.64861,40.406945],[116.646666,40.393056],[116.645834,40.380554]]}},{"type":"Feature","properties":{},"geometry":{"type":"LineString","coordinates":[[115.936388,40.415832],[115.932222,40.411944],[115.928056,40.408056],[115.923611,40.404167],[115.920277,40.399722],[115.916943,40.394999],[115.913334,40.390556],[115.911667,40.384443],[115.908888,40.378889],[115.907222,40.372777]]}},{"type":"Feature","properties":{},"geometry":{"type":"LineString","coordinates":[[117.658333,40.549167],[117.657499,40.547778],[117.653056,40.54389],[117.648889,40.539999],[117.643055,40.538334],[117.637222,40.536111],[117.631389,40.533891],[117.624722,40.5325],[117.617221,40.531667],[117.608609,40.529444],[117.602777,40.527222],[117.598333,40.522779],[117.594999,40.518055],[117.593056,40.511944],[117.593055,40.505833],[117.592378,40.500197],[117.592373,40.500152],[117.592372,40.500141],[117.592356,40.5],[117.592222,40.49889],[117.591111,40.491944],[117.587776,40.4875],[117.5825,40.483611],[117.5775,40.480556],[117.572501,40.478334],[117.567499,40.475279],[117.5625,40.472222],[117.556666,40.469723],[117.550833,40.4675],[117.544721,40.465278],[117.538889,40.463056],[117.532223,40.461389],[117.526389,40.459167],[117.522223,40.455278],[117.518889,40.450833],[117.515276,40.446112],[117.511112,40.442223],[117.506111,40.43861],[117.501111,40.436111],[117.500001,40.435494],[117.5,40.435493],[117.496111,40.433333],[117.489443,40.431667],[117.482779,40.430278],[117.476111,40.42861],[117.469444,40.427222],[117.462777,40.425556],[117.456945,40.423333],[117.451944,40.420277],[117.446944,40.417222],[117.4425,40.413332],[117.43861,40.410277],[117.433334,40.407222],[117.428334,40.404168],[117.427405,40.4036],[117.423334,40.401111],[117.417501,40.398055],[117.410834,40.396666],[117.404167,40.395001],[117.396665,40.394166],[117.39,40.392778],[117.382501,40.391944],[117.374723,40.393889],[117.366667,40.395278],[117.358334,40.395277],[117.350833,40.394723],[117.344166,40.393056],[117.337501,40.391667],[117.330833,40.389999],[117.323611,40.389445],[117.315278,40.389444],[117.306389,40.390833],[117.298332,40.392224],[117.289167,40.392777],[117.288584,40.392879],[117.281111,40.394166],[117.275,40.396945],[117.270001,40.398612],[117.269443,40.401667],[117.267777,40.405277],[117.241389,40.416111],[117.241271,40.416142],[117.235,40.417779],[117.231111,40.421666],[117.22611,40.424723],[117.22,40.4275],[117.215,40.424445],[117.209166,40.421944],[117.204167,40.41889],[117.1975,40.417499],[117.19,40.417223],[117.182502,40.415833],[117.175277,40.417222],[117.166112,40.417223],[117.158056,40.417221],[117.150555,40.416389],[117.144722,40.414167],[117.138055,40.412501],[117.133056,40.409445],[117.127222,40.408056],[117.121388,40.405556],[117.116389,40.402501],[117.110554,40.400277],[117.103889,40.398055],[117.098055,40.395833],[117.091389,40.394167],[117.084722,40.392778],[117.077222,40.391944],[117.070555,40.390278],[117.064721,40.388056],[117.059167,40.386388],[117.053334,40.384167],[117.047223,40.38111],[117.0425,40.378611],[117.035557,40.376389],[117.030556,40.373334],[117.024721,40.37111],[117.018888,40.368888],[117.011668,40.368055],[117.004168,40.367222],[117.000001,40.36751],[117,40.36751],[116.99611,40.367778],[116.987778,40.367778],[116.978611,40.368612],[116.970279,40.368611],[116.963333,40.370556],[116.955277,40.371944],[116.947221,40.373333],[116.939168,40.374721],[116.932221,40.377223],[116.925278,40.379167],[116.917222,40.380555],[116.909167,40.381944],[116.903994,40.383337],[116.901944,40.383889],[116.89389,40.385279],[116.886944,40.387223],[116.879999,40.389167],[116.87389,40.3925],[116.868889,40.394999],[116.860833,40.396387],[116.854062,40.398212],[116.853611,40.398333],[116.846666,40.400277],[116.843246,40.400867],[116.83861,40.401666],[116.831111,40.400833],[116.825277,40.398612],[116.820278,40.394723],[116.815834,40.391111],[116.814724,40.39]]}},{"type":"Feature","properties":{},"geometry":{"type":"LineString","coordinates":[[115.523333,40.390556],[115.533611,40.387777],[115.537501,40.384167],[115.541944,40.380834],[115.548056,40.378334],[115.555001,40.376389],[115.562222,40.374722],[115.568056,40.371944],[115.575278,40.369444],[115.581391,40.366944],[115.586389,40.363889],[115.5925,40.361388]]}},{"type":"Feature","properties":{},"geometry":{"type":"LineString","coordinates":[[115.907222,40.372777],[115.906111,40.365833],[115.904999,40.359166],[115.904999,40.352777],[115.905,40.350093],[115.905001,40.346388],[115.903796,40.341977]]}},{"type":"Feature","properties":{},"geometry":{"type":"LineString","coordinates":[[116.814724,40.39],[116.813611,40.386389],[116.81,40.381667],[116.808332,40.375555],[116.805001,40.370833],[116.800833,40.367223],[116.796389,40.363333],[116.791389,40.360278],[116.786387,40.357222],[116.780833,40.354722],[116.775557,40.351112],[116.769722,40.348056],[116.763057,40.346389],[116.756388,40.345],[116.749723,40.343334],[116.744168,40.341667],[116.735834,40.341666],[116.7275,40.341667],[116.72,40.340834],[116.712777,40.34],[116.704443,40.34],[116.697777,40.338333],[116.690278,40.337778],[116.683056,40.3375],[116.676389,40.335834],[116.668889,40.335279],[116.663889,40.331944],[116.663055,40.33139]]}},{"type":"Feature","properties":{},"geometry":{"type":"LineString","coordinates":[[116.645834,40.380554],[116.647778,40.373612],[116.648186,40.370744],[116.64861,40.367779],[116.650834,40.362777],[116.652777,40.357777],[116.655,40.352777],[116.657794,40.348711],[116.658054,40.348333],[116.66,40.343333],[116.661944,40.338056],[116.663056,40.3325],[116.663055,40.33139]]}},{"type":"Feature","properties":{},"geometry":{"type":"LineString","coordinates":[[115.523333,40.390556],[115.523612,40.387778],[115.526666,40.383333],[115.529722,40.378889],[115.530554,40.373056],[115.531667,40.3675],[115.532778,40.361945],[115.530834,40.355556],[115.528889,40.349444],[115.526389,40.344166],[115.523055,40.339445],[115.522818,40.339128],[115.519724,40.335001],[115.517222,40.329722]]}},{"type":"Feature","properties":{},"geometry":{"type":"LineString","coordinates":[[115.5925,40.361388],[115.599446,40.359445],[115.606666,40.357501],[115.612776,40.354999],[115.619723,40.353055],[115.627779,40.351667],[115.635,40.349166],[115.643057,40.347778],[115.649167,40.346667],[115.658334,40.346112],[115.666388,40.344722],[115.674443,40.34361],[115.68139,40.341667],[115.688611,40.339722],[115.694029,40.338877],[115.6975,40.338335],[115.706667,40.337777],[115.713611,40.335833],[115.720202,40.334058],[115.720832,40.333889],[115.729723,40.333056],[115.737777,40.331944],[115.745834,40.330555],[115.754999,40.329166],[115.762223,40.330001],[115.76611,40.330556],[115.772778,40.332223],[115.779166,40.333612],[115.784999,40.33611],[115.791667,40.337779],[115.796668,40.340834],[115.801668,40.34389],[115.806666,40.346944],[115.8125,40.349444],[115.816389,40.3525],[115.822223,40.355001],[115.827222,40.358055],[115.833056,40.360556],[115.838888,40.362778],[115.845557,40.364999],[115.851389,40.367501],[115.857222,40.369722],[115.862778,40.372222],[115.870277,40.373057],[115.873611,40.373332],[115.87375,40.373353],[115.877777,40.373889],[115.880766,40.373421],[115.886666,40.372501],[115.894723,40.371111],[115.902222,40.371944],[115.907222,40.372777]]}},{"type":"Feature","properties":{},"geometry":{"type":"LineString","coordinates":[[116.645834,40.380554],[116.645703,40.380015],[116.637499,40.372223],[116.635554,40.37139],[116.626667,40.367501],[116.613611,40.364444],[116.601111,40.360556],[116.586946,40.357501],[116.57528,40.352779],[116.565277,40.346666],[116.55861,40.337222],[116.555001,40.325],[116.550556,40.313611]]}},{"type":"Feature","properties":{},"geometry":{"type":"LineString","coordinates":[[116.550556,40.313611],[116.540845,40.319759],[116.525004,40.323631],[116.50505,40.326673],[116.503723,40.326486],[116.5,40.325965],[116.499999,40.325965],[116.499596,40.325909],[116.484034,40.322493],[116.454124,40.313689],[116.436343,40.310428],[116.416884,40.30312],[116.396424,40.299983],[116.380327,40.300757],[116.356264,40.302943],[116.336727,40.311094],[116.325319,40.319886],[116.318352,40.33362],[116.311133,40.344273],[116.305884,40.352862],[116.303994,40.355954],[116.299291,40.364423],[116.297602,40.376875],[116.287608,40.386626],[116.269302,40.393675],[116.250663,40.396614],[116.222537,40.398964],[116.189037,40.401558],[116.164937,40.403708],[116.141776,40.400656],[116.129199,40.395052],[116.113857,40.388542],[116.092284,40.388501],[116.075065,40.392382],[116.056578,40.397348],[116.03801,40.401284],[116.019837,40.410353],[116.012889,40.425096],[116.011312,40.439595],[116.012663,40.457054],[116.013712,40.466389],[116.012272,40.469438],[116.012909,40.477654],[116.013362,40.483514],[116.013863,40.489976],[116.014043,40.490339],[116.018835,40.5],[116.018852,40.500034],[116.021862,40.506103],[116.020207,40.519573],[116.011186,40.525132],[116.000001,40.525636],[115.992348,40.525981],[115.977164,40.522397],[115.970343,40.520786],[115.945257,40.510574],[115.927217,40.504164],[115.91575,40.500131],[115.915378,40.5],[115.906412,40.496845],[115.874539,40.48589],[115.853743,40.478563],[115.823076,40.465481],[115.816895,40.463043],[115.800453,40.456558],[115.792496,40.453419],[115.7809,40.442589],[115.765274,40.431932],[115.753682,40.421098],[115.740449,40.406211],[115.731402,40.393206],[115.717286,40.384538],[115.695416,40.380323],[115.670935,40.377247],[115.639739,40.374451],[115.623239,40.370383],[115.621906,40.370054],[115.602731,40.365711],[115.5925,40.361388]]}},{"type":"Feature","properties":{},"geometry":{"type":"LineString","coordinates":[[116.663055,40.33139],[116.658889,40.328888],[116.658334,40.328611],[116.654722,40.325279],[116.650555,40.321389],[116.646389,40.3175],[116.645644,40.316448],[116.643055,40.312778],[116.638056,40.309167],[116.632778,40.305832],[116.627222,40.303611],[116.622777,40.299721],[116.619446,40.295277],[116.616944,40.289724],[116.615276,40.283612],[116.614167,40.276667],[116.614446,40.270556],[116.614445,40.269793],[116.614446,40.264723],[116.616389,40.259722],[116.616743,40.257943],[116.617498,40.254167]]}},{"type":"Feature","properties":{},"geometry":{"type":"LineString","coordinates":[[116.617498,40.254167],[116.597683,40.259195],[116.587393,40.264863],[116.585756,40.266497],[116.578702,40.273545],[116.575477,40.279875],[116.570616,40.289415],[116.563522,40.30111],[116.558676,40.307537],[116.550556,40.313611]]}},{"type":"Feature","properties":{},"geometry":{"type":"LineString","coordinates":[[116.550556,40.313611],[116.545554,40.302777],[116.537848,40.29507],[116.537222,40.294445],[116.528055,40.2875],[116.51889,40.280555],[116.509724,40.274167],[116.502222,40.265834],[116.5,40.263374],[116.494443,40.257222],[116.488611,40.247222],[116.477779,40.241945],[116.466944,40.236388],[116.452777,40.233334],[116.439722,40.230278],[116.424998,40.229167],[116.41,40.2275],[116.396944,40.224445],[116.379446,40.225001],[116.362499,40.227222],[116.345277,40.227778],[116.328889,40.228334],[116.313888,40.226667],[116.2975,40.226666],[116.288612,40.227221],[116.272777,40.226389],[116.26029,40.227979],[116.2575,40.228333],[116.242222,40.22889],[116.231389,40.224166],[116.218889,40.220001],[116.208332,40.214724],[116.207052,40.213904],[116.198334,40.208333],[116.188333,40.202222],[116.170556,40.194167]]}},{"type":"Feature","properties":{},"geometry":{"type":"LineString","coordinates":[[115.907222,40.372777],[115.909723,40.373055],[115.915,40.372499],[115.922222,40.370556],[115.929167,40.368611],[115.936389,40.366666],[115.943333,40.364166],[115.952222,40.363333],[115.960278,40.361388],[115.961926,40.361162],[115.968334,40.360278],[115.974445,40.357499],[115.981667,40.355833],[115.987779,40.35389],[115.993889,40.351389],[116,40.349677],[116.000001,40.349678],[116.000833,40.349444],[116.007777,40.346666],[116.013889,40.344167],[116.018889,40.341111],[116.024167,40.337779],[116.028057,40.334166],[116.031111,40.329722],[116.034445,40.325278],[116.038334,40.321389],[116.041389,40.316944],[116.043609,40.311945],[116.047777,40.308055],[116.050834,40.304445],[116.055001,40.300556],[116.058889,40.296111],[116.063056,40.292501],[116.066945,40.288611],[116.072222,40.285277],[116.077222,40.282222],[116.082223,40.279167],[116.087222,40.275833],[116.091389,40.271943],[116.095555,40.268333],[116.099724,40.264444],[116.103611,40.260556],[116.106667,40.256388],[116.110001,40.2525],[116.113056,40.2475],[116.115,40.242499],[116.116945,40.237222],[116.119167,40.232222],[116.122222,40.227779],[116.122342,40.227641],[116.126111,40.223332],[116.130278,40.219722],[116.135277,40.216389],[116.140278,40.213332],[116.145556,40.209999],[116.150555,40.206945],[116.155555,40.203612],[116.160833,40.20111],[116.165833,40.198057],[116.170556,40.194167]]}},{"type":"Feature","properties":{},"geometry":{"type":"LineString","coordinates":[[116.170556,40.194167],[116.175832,40.191388]]}},{"type":"Feature","properties":{},"geometry":{"type":"LineString","coordinates":[[116.255556,40.2],[116.254722,40.193055],[116.252777,40.186944],[116.249445,40.182222],[116.24471,40.180419],[116.243611,40.18],[116.236111,40.179445],[116.228056,40.180833],[116.22,40.182222],[116.213057,40.184167],[116.205,40.185556],[116.196111,40.186389],[116.188055,40.187778],[116.186388,40.189167],[116.175832,40.191388]]}},{"type":"Feature","properties":{},"geometry":{"type":"LineString","coordinates":[[117.960832,40.154167],[117.962499,40.156111],[117.966668,40.16],[117.970833,40.163889],[117.976111,40.166946],[117.981946,40.169168],[117.987776,40.171389],[117.994999,40.172221],[118,40.172592],[118.0025,40.172778],[118.010834,40.172777],[118.019723,40.171945],[118.028889,40.171111],[118.036946,40.17111],[118.045279,40.171111],[118.053333,40.171111],[118.061666,40.170833],[118.070002,40.170833],[118.076667,40.172501],[118.084721,40.172222],[118.09139,40.173889],[118.09889,40.174444],[118.105555,40.176111],[118.110556,40.179166],[118.115555,40.182222],[118.120556,40.185279],[118.125831,40.188333],[118.129167,40.192777],[118.132778,40.197222],[118.136944,40.201111],[118.140278,40.205833],[118.144721,40.209444],[118.152778,40.209444],[118.159722,40.2075],[118.166944,40.205279],[118.174167,40.204721],[118.179167,40.207777],[118.179167,40.210902],[118.179167,40.214166],[118.179469,40.215117],[118.181111,40.220278],[118.184445,40.224723],[118.189722,40.227778],[118.194722,40.230834],[118.199721,40.233888],[118.204722,40.236944],[118.208334,40.241389],[118.208334,40.247778],[118.208334,40.254167],[118.210277,40.260277],[118.212221,40.266389],[118.214167,40.272499],[118.216944,40.278332],[118.224445,40.282223],[118.226944,40.287778],[118.230277,40.292222],[118.234444,40.29611],[118.235619,40.297481],[118.237778,40.3],[118.237886,40.300266],[118.237887,40.300266],[118.239166,40.303393],[118.240278,40.306111],[118.244722,40.310001],[118.247777,40.31389],[118.252222,40.318611],[118.254722,40.323889],[118.256389,40.33],[118.255278,40.335833],[118.255278,40.341388],[118.252222,40.346389],[118.250002,40.351389],[118.247778,40.355833],[118.246943,40.362222],[118.246944,40.368334],[118.248611,40.373889],[118.251945,40.379166],[118.255278,40.38389],[118.258611,40.387777],[118.263611,40.391667]]}},{"type":"Feature","properties":{},"geometry":{"type":"LineString","coordinates":[[117.874444,40.238055],[117.881111,40.229167],[117.888331,40.220834],[117.895278,40.212499],[117.903056,40.205],[117.913056,40.197777],[117.923055,40.191111],[117.932349,40.185174],[117.933055,40.184721],[117.940491,40.177288],[117.940834,40.176944],[117.946944,40.168889],[117.954999,40.161111],[117.960832,40.154167]]}},{"type":"Feature","properties":{},"geometry":{"type":"LineString","coordinates":[[116.175832,40.191388],[116.178888,40.186667],[116.183057,40.182777],[116.188057,40.179724],[116.191389,40.178056],[116.1975,40.175278],[116.202777,40.172222],[116.206666,40.168333],[116.211667,40.165278],[116.215833,40.161388],[116.220833,40.158334],[116.223889,40.153889],[116.226945,40.149444],[116.229999,40.145001],[116.233056,40.140554],[116.237222,40.136667],[116.241111,40.132222],[116.244165,40.127777],[116.247223,40.123332],[116.250277,40.118889]]}},{"type":"Feature","properties":{},"geometry":{"type":"LineString","coordinates":[[113.265278,40.110277],[113.290991,40.109319],[113.3025,40.108889],[113.307222,40.109167],[113.314445,40.109444],[113.32111,40.111112],[113.328334,40.111944],[113.336666,40.112223],[113.343334,40.113889],[113.350556,40.114721],[113.356571,40.115612],[113.358056,40.115832],[113.365277,40.116666],[113.368166,40.117307],[113.372778,40.118332],[113.379444,40.119168],[113.385,40.121667],[113.390556,40.123332],[113.397222,40.125834],[113.403889,40.1275],[113.412221,40.127778],[113.420278,40.127777],[113.429445,40.127222],[113.438333,40.126112],[113.446389,40.124721],[113.454444,40.123611],[113.4625,40.122222],[113.470556,40.121111],[113.478612,40.119999],[113.485834,40.11889],[113.493888,40.117499],[113.5,40.1153],[113.500834,40.115],[113.508889,40.113887],[113.51889,40.113056],[113.528054,40.1125],[113.536111,40.111944],[113.543611,40.113056],[113.550834,40.113888],[113.558333,40.114723],[113.563889,40.116667],[113.569723,40.118888],[113.57389,40.122779],[113.578056,40.1275],[113.581944,40.131389],[113.585278,40.136111],[113.587779,40.141389],[113.588611,40.148333],[113.59,40.155278],[113.590832,40.162222],[113.5925,40.168333],[113.593332,40.175278],[113.593055,40.182223],[113.59389,40.189167],[113.596388,40.194723],[113.598075,40.197176],[113.599444,40.199167],[113.603612,40.203889],[113.607779,40.207778],[113.611944,40.211667],[113.61611,40.215556],[113.619168,40.220278],[113.624166,40.223334],[113.628333,40.2275],[113.632221,40.231389],[113.636387,40.234445],[113.640278,40.238333],[113.643611,40.243056],[113.647778,40.247778],[113.65111,40.2525],[113.654445,40.256944],[113.657501,40.261667],[113.660833,40.266389],[113.664168,40.271111],[113.667501,40.275555],[113.670555,40.280278],[113.673056,40.285834],[113.676389,40.290556],[113.680555,40.295],[113.683889,40.299722],[113.686112,40.305],[113.689444,40.310556],[113.691944,40.315834],[113.694444,40.320556],[113.696666,40.326111],[113.7,40.330555],[113.703334,40.335278],[113.706387,40.339444],[113.711389,40.343056],[113.715555,40.346944],[113.719723,40.351112],[113.724722,40.354166],[113.729444,40.357222],[113.735279,40.359722],[113.740278,40.362777],[113.745834,40.365279],[113.751668,40.367777],[113.758333,40.369445],[113.764167,40.371666],[113.770556,40.372777],[113.777222,40.374445],[113.783056,40.376667],[113.788612,40.379167],[113.796389,40.381389],[113.801111,40.38389],[113.807777,40.385555],[113.814444,40.387222],[113.820832,40.388889],[113.827501,40.390556],[113.834167,40.391389],[113.840555,40.393055],[113.848056,40.394166],[113.855555,40.395],[113.861944,40.396666],[113.869446,40.3975],[113.876111,40.399167],[113.881666,40.401667],[113.887777,40.404722],[113.894167,40.406389],[113.9,40.408056],[113.905834,40.410556],[113.91139,40.412778],[113.916389,40.416112],[113.922222,40.418334],[113.928889,40.420833],[113.933889,40.423889],[113.939444,40.426389],[113.946111,40.428055],[113.952777,40.429444],[113.958611,40.431945],[113.965,40.433055],[113.9725,40.433889],[113.980001,40.434722],[113.988332,40.435554],[113.996388,40.435832],[114,40.436234],[114.00389,40.436666],[114.012223,40.436666],[114.019445,40.436946],[114.026944,40.437223],[114.033334,40.43889],[114.039999,40.440556],[114.045833,40.442778],[114.051668,40.445277],[114.0575,40.447501],[114.062222,40.450834],[114.067221,40.453889],[114.072222,40.456944],[114.076388,40.460834],[114.081389,40.465556],[114.085555,40.469444],[114.089722,40.473334],[114.093611,40.47639],[114.097777,40.480278],[114.101945,40.484167],[114.106111,40.488055],[114.110277,40.491945],[114.114444,40.496112],[114.118334,40.5],[114.118479,40.50017],[114.118536,40.500236],[114.121666,40.503889],[114.126666,40.506944],[114.132501,40.510001],[114.1375,40.513333],[114.143332,40.515556],[114.148054,40.518612],[114.154721,40.520277],[114.162223,40.520555],[114.170554,40.520833],[114.177776,40.521667],[114.186944,40.521667],[114.193611,40.523333],[114.200278,40.525],[114.206945,40.526666],[114.215001,40.526667],[114.2225,40.526944],[114.230834,40.526944],[114.239722,40.526389],[114.247777,40.525],[114.256111,40.523889],[114.258851,40.524163],[114.264445,40.524722],[114.273612,40.524721],[114.282501,40.523333],[114.291667,40.522779],[114.299999,40.522778],[114.308054,40.523056],[114.315555,40.523889],[114.322223,40.525556],[114.328055,40.527779],[114.332224,40.531667],[114.335555,40.536388],[114.339722,40.540278],[114.344443,40.543611],[114.348611,40.547499],[114.350278,40.553611],[114.348333,40.559166],[114.347223,40.565555],[114.348889,40.571666],[114.352223,40.575556],[114.356389,40.579444],[114.360278,40.583333],[114.366112,40.585834],[114.373888,40.588056],[114.379443,40.589722],[114.386388,40.592222],[114.391944,40.594444],[114.396945,40.5975],[114.401945,40.600832],[114.405278,40.605278],[114.407777,40.610832],[114.4075,40.616945],[114.406389,40.622777],[114.404444,40.628333],[114.404168,40.634166],[114.404999,40.640833],[114.405833,40.647778],[114.4075,40.65389],[114.410485,40.658117],[114.410834,40.658611],[114.414167,40.663333],[114.418334,40.667223],[114.423333,40.670277],[114.4275,40.674167],[114.433333,40.676667],[114.44,40.678889],[114.443177,40.679242],[114.4475,40.679722],[114.454722,40.680001],[114.461389,40.682222],[114.467221,40.684721],[114.473057,40.686945],[114.477223,40.690834],[114.482222,40.692499],[114.486142,40.693872],[114.487777,40.694444],[114.494445,40.695834],[114.499999,40.698214],[114.5,40.698214],[114.500001,40.698215],[114.500279,40.698333],[114.506944,40.700001],[114.513611,40.701667],[114.519166,40.703888],[114.525834,40.705555],[114.534166,40.705554],[114.541667,40.706389],[114.548332,40.708056],[114.555833,40.708333],[114.562222,40.710001],[114.569722,40.710834],[114.57639,40.713056],[114.583889,40.71389],[114.591389,40.714722],[114.598888,40.715556],[114.606389,40.717221],[114.613056,40.718055],[114.620555,40.718888],[114.626944,40.720555],[114.632221,40.723611],[114.638889,40.726667],[114.643888,40.729722],[114.648889,40.733055],[114.654721,40.736111],[114.660556,40.738332],[114.666388,40.740833],[114.673889,40.742222],[114.682222,40.741667],[114.689446,40.742501],[114.697777,40.742778],[114.706111,40.742778],[114.714444,40.742779],[114.723612,40.742222],[114.732777,40.741666],[114.741943,40.740833],[114.750833,40.739444],[114.760001,40.738889],[114.768333,40.739722],[114.775,40.740555],[114.783331,40.741389],[114.788902,40.741389],[114.791668,40.74139],[114.798055,40.742223],[114.804721,40.743333],[114.811389,40.744722],[114.818056,40.746389],[114.823612,40.748889],[114.826389,40.749166]]}},{"type":"Feature","properties":{},"geometry":{"type":"LineString","coordinates":[[116.250277,40.118889],[116.253334,40.114445],[116.2575,40.110833],[116.258471,40.109421],[116.260556,40.10639],[116.26361,40.101945],[116.266666,40.098056],[116.269722,40.093611],[116.273889,40.090001],[116.27611,40.084999],[116.278888,40.079722],[116.281112,40.074722],[116.283055,40.069721],[116.284166,40.063889],[116.285554,40.060555]]}},{"type":"Feature","properties":{},"geometry":{"type":"LineString","coordinates":[[116.565279,40.077778],[116.569168,40.074166],[116.576667,40.074722],[116.581667,40.078055],[116.584167,40.083334],[116.586667,40.088611],[116.592221,40.089722],[116.593334,40.083889],[116.592499,40.076944],[116.591389,40.070277],[116.590557,40.063334],[116.589723,40.056388],[116.59,40.050001]]}},{"type":"Feature","properties":{},"geometry":{"type":"LineString","coordinates":[[116.580556,40.060277],[116.584722,40.05639],[116.588611,40.0525],[116.59,40.050001]]}},{"type":"Feature","properties":{},"geometry":{"type":"LineString","coordinates":[[116.617498,40.254167],[116.620555,40.249722],[116.622779,40.244722],[116.624723,40.239722],[116.626894,40.236563],[116.627777,40.235278],[116.629722,40.229443],[116.631666,40.224444],[116.631787,40.223816],[116.632778,40.218612],[116.633888,40.213611],[116.636111,40.208612],[116.637221,40.203056],[116.637222,40.196666],[116.63611,40.189722],[116.635277,40.183056],[116.634166,40.176112],[116.635277,40.170277],[116.634445,40.164166],[116.635557,40.158334],[116.635556,40.152222],[116.635556,40.145834],[116.636666,40.140278],[116.636668,40.133889],[116.637496,40.129744],[116.637777,40.128334],[116.638056,40.122779],[116.638644,40.118272],[116.63889,40.116388],[116.638888,40.11],[116.640001,40.104445],[116.641111,40.098611],[116.643055,40.093611],[116.644166,40.088056],[116.645277,40.082223],[116.64639,40.077222],[116.64722,40.070833],[116.649167,40.065832],[116.65139,40.060833],[116.653334,40.055833],[116.655555,40.050833],[116.6575,40.045555],[116.659443,40.040556],[116.661665,40.035555],[116.663612,40.030556],[116.664723,40.025555],[116.666667,40.020556],[116.668889,40.015556],[116.669234,40.014349],[116.669233,40.014347],[116.669444,40.013611]]}},{"type":"Feature","properties":{},"geometry":{"type":"LineString","coordinates":[[116.59,40.050001],[116.591667,40.048055],[116.594446,40.043611],[116.5975,40.039167],[116.601389,40.035277],[116.605277,40.031389],[116.610277,40.028333],[116.6175,40.026111],[116.624445,40.024167],[116.632221,40.022778],[116.639444,40.020556],[116.646388,40.018612],[116.653334,40.016665],[116.661389,40.015001],[116.668874,40.01371],[116.668875,40.013709],[116.669444,40.013611]]}},{"type":"Feature","properties":{},"geometry":{"type":"LineString","coordinates":[[117.399922,40.041425],[117.398056,40.035555],[117.395277,40.030277],[117.393753,40.024684],[117.393611,40.024166],[117.391667,40.018056],[117.389722,40.011943],[117.387776,40.005834],[117.386657,40.000231],[117.386647,40.000179],[117.386644,40.000166],[117.386644,40.000164],[117.386612,40],[117.386389,39.998888],[117.385276,39.991945],[117.384723,39.988334]]}},{"type":"Feature","properties":{},"geometry":{"type":"LineString","coordinates":[[115.517222,40.329722],[115.510857,40.333482],[115.499999,40.33624],[115.496305,40.337177],[115.477434,40.336926],[115.457149,40.335699],[115.436792,40.333442],[115.421735,40.329935],[115.400253,40.330809],[115.373469,40.332925],[115.353469,40.335793],[115.34004,40.336332],[115.326401,40.333789],[115.307671,40.335569],[115.290213,40.336264],[115.27,40.336037],[115.253955,40.337702],[115.24335,40.340182],[115.230986,40.336548],[115.210773,40.336311],[115.20438,40.335813],[115.193179,40.334939],[115.173035,40.335725],[115.154028,40.333372],[115.133681,40.331068],[115.116088,40.329685],[115.101047,40.326142],[115.087484,40.324601],[115.07654,40.321929],[115.065531,40.318228],[115.051771,40.3136],[115.038077,40.309998],[115.023043,40.306446],[115.003331,40.302163],[115,40.302822],[114.970459,40.308661],[114.954902,40.314418],[114.953214,40.315373],[114.941914,40.316904],[114.937992,40.316558],[114.926527,40.315801],[114.908822,40.312626],[114.881275,40.311966],[114.843088,40.298529],[114.801882,40.278968],[114.793436,40.274715],[114.773513,40.264676],[114.758553,40.265212],[114.739186,40.275476],[114.694412,40.278981],[114.651902,40.278562],[114.644497,40.277498],[114.622126,40.274281],[114.609051,40.272399],[114.568141,40.256586],[114.514562,40.237362],[114.5,40.227834],[114.499999,40.227834],[114.475634,40.211881],[114.4298,40.196191],[114.386906,40.188045],[114.331882,40.186025],[114.279247,40.18199],[114.238557,40.167983],[114.175056,40.147026],[114.120187,40.127193],[114.116569,40.125883],[114.073634,40.113301],[114.06339,40.110296],[114.027394,40.098848],[114.000001,40.090126],[113.999999,40.090126],[113.997497,40.089329],[113.946082,40.058325],[113.919897,40.041906],[113.90236,40.030904],[113.882943,40.018341],[113.874057,40.01259],[113.834446,40.001154],[113.824232,40.000216],[113.821891,40],[113.802217,39.998189],[113.771122,40],[113.767091,40.000235],[113.758434,40.000738],[113.719708,40.003131],[113.680736,40.000324],[113.676408,40.000216],[113.667909,40],[113.631709,39.999082],[113.587801,39.99898],[113.538835,39.999],[113.5,39.997549],[113.498244,39.997483],[113.455851,39.993403],[113.405033,39.989526],[113.397269,39.989477],[113.364504,39.989264],[113.347752,39.988335],[113.332353,39.98748],[113.295198,39.987112],[113.258098,39.988031],[113.232501,39.989168]]}},{"type":"Feature","properties":{},"geometry":{"type":"LineString","coordinates":[[116.285554,40.060555],[116.288611,40.064166],[116.2975,40.06361],[116.304722,40.064166],[116.30667,40.063989],[116.313889,40.063334],[116.321944,40.063334],[116.330278,40.061943],[116.339444,40.061389],[116.346388,40.059167],[116.353889,40.057778],[116.361111,40.055833],[116.368332,40.053612],[116.376389,40.052224],[116.381944,40.05],[116.389167,40.048056],[116.394444,40.044444],[116.4,40.041666],[116.406388,40.039722],[116.406463,40.03968],[116.411667,40.036667],[116.417223,40.033334],[116.424446,40.031111],[116.428889,40.028334],[116.434446,40.025001],[116.439722,40.022222],[116.445278,40.019444],[116.450554,40.016667],[116.456111,40.013056],[116.4625,40.010277],[116.466944,40.0075],[116.472222,40.003889],[116.475835,40.000556],[116.476264,40.000059],[116.476274,40.000047],[116.476278,40.000042],[116.476314,40],[116.476315,39.999999],[116.479022,39.996874],[116.479444,39.996388],[116.482223,39.991389],[116.483888,39.985834],[116.485,39.980277],[116.485834,39.974722],[116.485554,39.973611]]}},{"type":"Feature","properties":{},"geometry":{"type":"LineString","coordinates":[[116.514167,39.971944],[116.512221,39.972222],[116.504167,39.973611],[116.500002,39.973611],[116.5,39.973611],[116.499999,39.973611],[116.496111,39.973611],[116.491667,39.973889],[116.485554,39.973611]]}},{"type":"Feature","properties":{},"geometry":{"type":"LineString","coordinates":[[116.514167,39.971944],[116.511389,39.979167],[116.509443,39.984167],[116.507499,39.989445],[116.507779,39.995556],[116.512499,39.998611],[116.52,39.999444],[116.524999,39.996111],[116.528888,39.992222],[116.530832,39.987222],[116.532779,39.982222],[116.532778,39.975833],[116.528612,39.971944],[116.521111,39.97139],[116.514167,39.971944]]}},{"type":"Feature","properties":{},"geometry":{"type":"LineString","coordinates":[[115.517222,40.329722],[115.519786,40.323868],[115.524894,40.318017],[115.530036,40.312635],[115.538271,40.307594],[115.54222,40.302731],[115.544957,40.289461],[115.550106,40.27562],[115.555632,40.258473],[115.559255,40.240466],[115.561441,40.228156],[115.567154,40.222277],[115.576564,40.216713],[115.585194,40.208831],[115.585761,40.206746],[115.587135,40.2017],[115.587519,40.189934],[115.592855,40.178901],[115.599648,40.171094],[115.608949,40.164122],[115.617162,40.159074],[115.632226,40.155614],[115.644372,40.154157],[115.649562,40.149706],[115.651935,40.144789],[115.652223,40.143055],[115.651389,40.136111],[115.653334,40.131111],[115.655277,40.126112],[115.658334,40.121667],[115.663334,40.118332],[115.665851,40.116794],[115.668333,40.115277],[115.674444,40.112501],[115.678334,40.108611],[115.682222,40.105],[115.683334,40.099167],[115.686388,40.094722],[115.690279,40.090833],[115.694444,40.087222],[115.695099,40.086567],[115.698334,40.083334],[115.70139,40.078888],[115.704445,40.074444],[115.7075,40.07],[115.709591,40.066958],[115.710554,40.065555],[115.7175,40.063611],[115.725554,40.063612],[115.733056,40.064167],[115.740556,40.065001],[115.746389,40.0625],[115.754445,40.06111],[115.759445,40.057778],[115.761667,40.052778],[115.762501,40.047222],[115.764444,40.041944],[115.769444,40.038888],[115.777778,40.03889],[115.78,40.03889],[115.785833,40.03889],[115.790833,40.041944],[115.797499,40.043333],[115.804168,40.045],[115.810834,40.046389],[115.818054,40.045835],[115.824167,40.043333],[115.828889,40.040001],[115.831945,40.035555],[115.836945,40.032499],[115.845,40.03111],[115.851667,40.0325],[115.853342,40.033138],[115.8575,40.034722],[115.864166,40.036388],[115.870555,40.037779],[115.878054,40.038612],[115.886944,40.037778],[115.894166,40.035833],[115.9,40.033333],[115.904167,40.030834],[115.910555,40.029445],[115.914444,40.025834],[115.914582,40.025703],[115.918611,40.021945],[115.921389,40.0175],[115.926667,40.014167],[115.933333,40.01139],[115.936452,40.010515],[115.940279,40.009445],[115.945278,40.006389],[115.949444,40.002502],[115.951829,40.000115],[115.951854,40.00009],[115.951861,40.000082],[115.951943,40],[115.951944,39.999999],[115.953334,39.998611],[115.954722,39.995556],[115.959722,39.992499],[115.960432,39.991838],[115.96389,39.988611],[115.968889,39.985278],[115.97361,39.982222],[115.979722,39.979444],[115.984723,39.976389],[115.988521,39.972589],[115.988611,39.9725],[115.996666,39.971111],[116,39.970177],[116.000001,39.970178],[116.003611,39.969167],[116.010834,39.966944]]}},{"type":"Feature","properties":{},"geometry":{"type":"LineString","coordinates":[[116.250277,40.118889],[116.245087,40.119721],[116.225423,40.124159],[116.208304,40.126382],[116.181321,40.130471],[116.171512,40.133032],[116.157339,40.13789],[116.141181,40.140753],[116.125645,40.140106],[116.119097,40.136734],[116.113285,40.133739],[116.106486,40.128496],[116.102125,40.119659],[116.099129,40.105187],[116.095136,40.055969],[116.092313,40.043576],[116.084903,40.030706],[116.082082,40.018313],[116.084529,40.00358],[116.085528,40.000187],[116.085544,40.000134],[116.085583,40],[116.085719,39.99954],[116.087293,39.993238],[116.090679,39.986897],[116.0922,39.979204],[116.095505,39.970776],[116.096999,39.962388],[116.098319,39.95641],[116.098712,39.954631],[116.099319,39.951891],[116.0997,39.950422],[116.101689,39.942786],[116.102489,39.939983],[116.10334,39.938571]]}},{"type":"Feature","properties":{},"geometry":{"type":"LineString","coordinates":[[116.010834,39.966944],[116.018889,39.966945],[116.026389,39.967778],[116.034446,39.966389],[116.039346,39.96312],[116.039444,39.963055],[116.043979,39.961113],[116.06259,39.954811],[116.075091,39.948],[116.082174,39.94414],[116.10334,39.938571]]}},{"type":"Feature","properties":{},"geometry":{"type":"LineString","coordinates":[[117.384723,39.988334],[117.38,39.988612],[117.371111,39.989445],[117.354721,39.989445],[117.338333,39.989445],[117.3225,39.988611],[117.307779,39.987777],[117.291389,39.987778],[117.275833,39.987222],[117.270731,39.986305],[117.261944,39.984722],[117.247779,39.982501],[117.23389,39.980277],[117.220555,39.977778],[117.205833,39.976388],[117.191945,39.97389],[117.187212,39.972805],[117.178611,39.970833],[117.164722,39.968612],[117.15,39.967778],[117.149912,39.967778],[117.149167,39.967778],[117.135,39.965556],[117.119444,39.964723],[117.107779,39.96],[117.095278,39.956389],[117.083055,39.9525],[117.079166,39.951608],[117.069722,39.949445],[117.056666,39.946112],[117.042499,39.94389],[117.028611,39.941667],[117.014721,39.94],[117,39.938333],[116.999999,39.938333],[116.985834,39.936111],[116.98361,39.935833]]}},{"type":"Feature","properties":{},"geometry":{"type":"LineString","coordinates":[[116.98361,39.935833],[116.9825,39.936945],[116.979444,39.940556],[116.974167,39.944445],[116.971111,39.948889],[116.966944,39.951945],[116.963889,39.956389],[116.960557,39.960834],[116.957499,39.964999],[116.954867,39.969549],[116.954444,39.970277],[116.951111,39.973333],[116.950493,39.974038],[116.951634,39.979248],[116.960927,39.989916],[116.968767,39.996074],[116.972448,40],[116.972493,40.000048],[116.972511,40.000068],[116.972824,40.000401],[116.986518,40.021578],[116.98763,40.023716],[116.993152,40.034332],[116.994268,40.036477],[116.999172,40.050137],[117,40.059056],[117,40.059058],[117.000001,40.059064],[117.000265,40.061916],[117.000644,40.075822],[117.000001,40.085924],[117,40.085927],[117,40.085929],[117,40.085932],[116.999531,40.09329],[116.998161,40.107987],[116.996726,40.12199],[116.995781,40.130384],[116.995229,40.135301],[116.993014,40.150737],[116.993199,40.162564],[116.992991,40.179979],[116.992077,40.189776],[116.992398,40.193239]]}},{"type":"Feature","properties":{},"geometry":{"type":"LineString","coordinates":[[115.852966,39.935375],[115.854723,39.935833],[115.860554,39.938057],[115.867221,39.939723],[115.873889,39.941111],[115.879722,39.943334],[115.884722,39.946666],[115.890555,39.948889],[115.895555,39.951945],[115.901389,39.954167],[115.907222,39.956388],[115.912778,39.958889],[115.917778,39.961944],[115.923611,39.964166],[115.929444,39.96639],[115.935278,39.968611],[115.940278,39.971667],[115.946943,39.973334],[115.954167,39.972778],[115.960278,39.97],[115.964999,39.966944],[115.969999,39.96361],[115.976111,39.96111],[115.983055,39.95889],[115.991389,39.958889],[115.997777,39.960556],[115.999999,39.961401],[116,39.961402],[116.000001,39.961403],[116.00361,39.962778],[116.008612,39.965833],[116.010834,39.966944]]}},{"type":"Feature","properties":{},"geometry":{"type":"LineString","coordinates":[[116.285554,40.060555],[116.286389,40.058889],[116.288334,40.053889],[116.289444,40.048889],[116.292501,40.043056],[116.294443,40.038056],[116.297501,40.033611],[116.301667,40.029999],[116.304722,40.025556],[116.305513,40.020021],[116.305556,40.019721],[116.307777,40.013889],[116.309722,40.008889],[116.310833,40.003333],[116.311504,40.000309],[116.31152,40.000242],[116.311525,40.000222],[116.311573,40.000001],[116.311944,39.998334],[116.313054,39.992779],[116.315,39.9875],[116.316111,39.981944],[116.317221,39.976389],[116.31639,39.969444],[116.316389,39.968877],[116.316388,39.96591],[116.316388,39.963055],[116.315555,39.956111],[116.312779,39.949999],[116.311111,39.943889],[116.309444,39.937778],[116.306569,39.933701],[116.306112,39.933056],[116.302779,39.928611],[116.297777,39.925556],[116.294307,39.923241],[116.292779,39.922223],[116.286111,39.920833],[116.286072,39.920828],[116.278889,39.919999],[116.275511,39.919155],[116.272222,39.918334],[116.267085,39.917762],[116.266558,39.917704],[116.265552,39.917592],[116.264722,39.9175],[116.263611,39.917779]]}},{"type":"Feature","properties":{},"geometry":{"type":"LineString","coordinates":[[116.669444,40.013611],[116.670833,40.010277],[116.672777,40.005277],[116.673774,40.000298],[116.673786,40.000231],[116.67379,40.000214],[116.673831,40],[116.67389,39.999722],[116.673888,39.993333],[116.673055,39.986389],[116.671111,39.979722],[116.669444,39.973611],[116.666942,39.968056],[116.663612,39.96361],[116.660277,39.958889],[116.659463,39.957824],[116.656666,39.954167],[116.6525,39.950278],[116.649166,39.945834],[116.648134,39.943539],[116.646666,39.940277],[116.644166,39.935001],[116.64,39.930556],[116.638799,39.928153],[116.637222,39.925],[116.63443,39.921277],[116.633888,39.920555],[116.633861,39.920516],[116.630556,39.915833],[116.628056,39.910556],[116.624722,39.905832],[116.622222,39.901944]]}},{"type":"Feature","properties":{},"geometry":{"type":"LineString","coordinates":[[116.98361,39.935833],[116.971944,39.933611],[116.958611,39.930556],[116.944722,39.928333],[116.934625,39.927763],[116.930001,39.9275],[116.914444,39.926667],[116.899724,39.925],[116.884722,39.923334],[116.869166,39.922777],[116.852779,39.9225],[116.838055,39.921666],[116.821666,39.921667],[116.812777,39.922501],[116.795557,39.923056],[116.785042,39.923056],[116.779167,39.923056],[116.763165,39.923056],[116.762778,39.923056],[116.760834,39.923056],[116.746388,39.922777],[116.731389,39.921388],[116.715833,39.920557],[116.702778,39.917222],[116.689444,39.914167],[116.676389,39.911111],[116.673336,39.909875],[116.665403,39.906665],[116.664722,39.906389],[116.64889,39.902779],[116.644598,39.902348],[116.640634,39.901953],[116.637777,39.901667],[116.622222,39.901944]]}},{"type":"Feature","properties":{},"geometry":{"type":"LineString","coordinates":[[116.485554,39.973611],[116.484722,39.967778],[116.484722,39.961667],[116.485555,39.956111],[116.485554,39.949722],[116.485555,39.943611],[116.486389,39.938055],[116.487223,39.931668],[116.488054,39.926112],[116.49,39.921111],[116.492501,39.916388],[116.496111,39.912223],[116.498143,39.909173],[116.498888,39.908055],[116.499999,39.906057],[116.5,39.906056],[116.500001,39.906053],[116.501667,39.903056],[116.503333,39.8975],[116.504999,39.89361]]}},{"type":"Feature","properties":{},"geometry":{"type":"LineString","coordinates":[[116.437101,39.89744],[116.437777,39.897778],[116.446111,39.897778],[116.455,39.896945],[116.456845,39.896833],[116.464166,39.896389],[116.472222,39.895],[116.481111,39.894167],[116.489167,39.894445],[116.497499,39.894445],[116.5,39.894166],[116.500001,39.894166],[116.504999,39.89361]]}},{"type":"Feature","properties":{},"geometry":{"type":"LineString","coordinates":[[116.10334,39.938571],[116.112077,39.933796],[116.12254,39.926761],[116.130256,39.916293],[116.133054,39.912222],[116.135834,39.907777],[116.138888,39.903334],[116.143889,39.900278],[116.148889,39.896945],[116.15389,39.893611],[116.155001,39.893055]]}},{"type":"Feature","properties":{},"geometry":{"type":"LineString","coordinates":[[116.622222,39.901944],[116.619514,39.900139],[116.616389,39.898057],[116.609721,39.896666],[116.602222,39.895833],[116.595833,39.894166],[116.588333,39.893333],[116.581112,39.8925],[116.571112,39.893334],[116.563056,39.894166],[116.554999,39.894722],[116.547501,39.893889],[116.538332,39.893889],[116.530278,39.89389],[116.521945,39.894445],[116.513056,39.894445],[116.505556,39.89361],[116.504999,39.89361]]}},{"type":"Feature","properties":{},"geometry":{"type":"LineString","coordinates":[[116.385557,39.864168],[116.388889,39.864444],[116.395556,39.866111],[116.40361,39.866111],[116.411111,39.866944],[116.417499,39.867778],[116.423055,39.869444],[116.426389,39.873334],[116.429722,39.878055],[116.430932,39.880611],[116.432223,39.883333],[116.434165,39.889722],[116.435,39.896389],[116.437101,39.89744]]}},{"type":"Feature","properties":{},"geometry":{"type":"LineString","coordinates":[[116.504999,39.89361],[116.505278,39.892778],[116.505,39.886388],[116.504999,39.880278],[116.504999,39.873889],[116.504167,39.866945],[116.502222,39.863333]]}},{"type":"Feature","properties":{},"geometry":{"type":"LineString","coordinates":[[118.579054,39.903326],[118.567092,39.902668],[118.558099,39.90373],[118.546391,39.904901],[118.527401,39.905668],[118.518262,39.904641],[118.506362,39.903028],[118.5,39.902073],[118.495369,39.901378],[118.487039,39.898923],[118.474141,39.895953],[118.464814,39.892142],[118.456439,39.888988],[118.449922,39.886459],[118.437694,39.879975],[118.430179,39.876089],[118.419717,39.868834],[118.414915,39.864841],[118.412063,39.862862],[118.409723,39.858889]]}},{"type":"Feature","properties":{},"geometry":{"type":"LineString","coordinates":[[116.385557,39.864168],[116.381388,39.863611],[116.375834,39.861389],[116.37,39.859166],[116.364167,39.856111],[116.358333,39.853612],[116.351667,39.852222],[116.344446,39.851944],[116.336944,39.851112],[116.335714,39.851049],[116.330278,39.850277]]}},{"type":"Feature","properties":{},"geometry":{"type":"LineString","coordinates":[[116.329167,39.878055],[116.329167,39.871944],[116.329167,39.865555],[116.33,39.860001],[116.330279,39.855],[116.330278,39.85136],[116.330278,39.850277]]}},{"type":"Feature","properties":{},"geometry":{"type":"LineString","coordinates":[[116.534724,39.846389],[116.530555,39.85],[116.525833,39.853333],[116.520833,39.856666],[116.513889,39.858611],[116.507779,39.861389],[116.502222,39.863333]]}},{"type":"Feature","properties":{},"geometry":{"type":"LineString","coordinates":[[116.155001,39.893055],[116.160001,39.891112],[116.165832,39.888611],[116.174722,39.887778],[116.183888,39.886944],[116.189722,39.884167],[116.194722,39.881111],[116.199722,39.877778],[116.204722,39.874444],[116.208611,39.870555],[116.211667,39.866112],[116.214446,39.861668],[116.21463,39.861398],[116.216233,39.859065],[116.217499,39.857223],[116.217992,39.856763],[116.221578,39.853417],[116.221667,39.853333],[116.224444,39.848889],[116.228334,39.845556]]}},{"type":"Feature","properties":{},"geometry":{"type":"LineString","coordinates":[[116.155001,39.893055],[116.151388,39.89],[116.147222,39.886111],[116.142222,39.883056],[116.138888,39.878334],[116.137068,39.876634],[116.134721,39.874444],[116.131388,39.870001],[116.128037,39.866872],[116.127222,39.866111],[116.123056,39.862221],[116.118611,39.858334],[116.113889,39.855277],[116.109444,39.851388],[116.105278,39.847501],[116.105249,39.847466],[116.102777,39.844444]]}},{"type":"Feature","properties":{},"geometry":{"type":"LineString","coordinates":[[116.273056,39.840278],[116.27,39.840276],[116.261111,39.841111],[116.252221,39.841667],[116.244166,39.843055],[116.236222,39.844426],[116.236111,39.844444],[116.228945,39.845468],[116.228334,39.845556]]}},{"type":"Feature","properties":{},"geometry":{"type":"LineString","coordinates":[[116.330278,39.850277],[116.329723,39.850278],[116.322222,39.849444],[116.314167,39.849445],[116.306667,39.848611],[116.300001,39.846944],[116.294443,39.844721],[116.287778,39.843055],[116.282222,39.84139],[116.275555,39.84],[116.273056,39.840278]]}},{"type":"Feature","properties":{},"geometry":{"type":"LineString","coordinates":[[118.541111,39.830278],[118.538611,39.831944],[118.528612,39.838055],[118.517589,39.842926],[118.516666,39.843334],[118.503888,39.848612],[118.5,39.849547],[118.488888,39.852222],[118.471111,39.853889],[118.453055,39.855555],[118.444166,39.856389],[118.426112,39.858056],[118.409723,39.858889]]}},{"type":"Feature","properties":{},"geometry":{"type":"LineString","coordinates":[[116.502222,39.863333],[116.501388,39.861388],[116.500001,39.858616],[116.5,39.858615],[116.499999,39.858613],[116.499999,39.858612],[116.499999,39.858609],[116.498611,39.855834],[116.495001,39.851667],[116.490279,39.846945],[116.486666,39.843334],[116.481389,39.840001],[116.476666,39.836667],[116.476497,39.83653],[116.472223,39.833056],[116.465833,39.831111],[116.460279,39.828889],[116.453055,39.828333],[116.446945,39.826945],[116.439445,39.825556],[116.431388,39.825],[116.424166,39.824167],[116.417777,39.822778],[116.410556,39.822222],[116.402501,39.821389],[116.395278,39.820833],[116.387222,39.820832],[116.385001,39.820557]]}},{"type":"Feature","properties":{},"geometry":{"type":"LineString","coordinates":[[116.385557,39.864168],[116.391666,39.858334],[116.39361,39.853333],[116.39301,39.84832],[116.392777,39.846389],[116.391944,39.839445],[116.39,39.833334],[116.3875,39.828055],[116.385,39.8225],[116.385001,39.820557]]}},{"type":"Feature","properties":{},"geometry":{"type":"LineString","coordinates":[[116.688055,39.818332],[116.693611,39.820556],[116.697224,39.824999],[116.700555,39.829722],[116.70389,39.834166],[116.705278,39.841111],[116.705277,39.8475],[116.704444,39.853057],[116.703334,39.858889],[116.701391,39.86389],[116.700129,39.865721],[116.698333,39.868333],[116.694444,39.872223],[116.691666,39.876667],[116.687501,39.880555],[116.683612,39.884445],[116.679722,39.888332],[116.674723,39.89139],[116.667779,39.89361],[116.658888,39.894446],[116.649723,39.895278],[116.649194,39.895278],[116.641666,39.895277],[116.63815,39.895883],[116.633612,39.896667],[116.627777,39.899444],[116.622222,39.901944]]}},{"type":"Feature","properties":{},"geometry":{"type":"LineString","coordinates":[[118.409723,39.858889],[118.394166,39.858334],[118.379446,39.856945],[118.364722,39.855555],[118.349722,39.853334],[118.335556,39.850556],[118.323888,39.846112],[118.312499,39.842223],[118.310615,39.841101],[118.302222,39.836111],[118.293056,39.829166],[118.284444,39.821667],[118.274444,39.815555],[118.263612,39.809722],[118.263333,39.809723]]}},{"type":"Feature","properties":{},"geometry":{"type":"LineString","coordinates":[[118.263333,39.809723],[118.251111,39.805833],[118.236944,39.803611],[118.236007,39.803578]]}},{"type":"Feature","properties":{},"geometry":{"type":"LineString","coordinates":[[118.236007,39.803578],[118.221389,39.803056],[118.205277,39.803889],[118.188056,39.804722],[118.1725,39.804167],[118.166667,39.803855],[118.156944,39.803333],[118.148234,39.801518],[118.143611,39.800555]]}},{"type":"Feature","properties":{},"geometry":{"type":"LineString","coordinates":[[117.960832,40.154167],[117.961944,40.152779],[117.973889,40.14111],[117.983889,40.134722],[117.993611,40.127502],[117.999999,40.123419],[118,40.123419],[118.003611,40.121112],[118.011666,40.113334],[118.018611,40.105],[118.0225,40.094722],[118.025555,40.084722],[118.027096,40.073688],[118.027222,40.072778],[118.028055,40.060834],[118.030001,40.049445],[118.030833,40.0375],[118.030833,40.024722],[118.029723,40.012222],[118.028689,40.000072],[118.028687,40.000055],[118.028687,40.000052],[118.028682,40.000001],[118.028611,39.999167],[118.0275,39.992222],[118.025555,39.978334],[118.02639,39.966388],[118.032222,39.9575],[118.035278,39.947498],[118.039167,39.937222],[118.041111,39.926111],[118.043889,39.915279],[118.045834,39.903889],[118.051666,39.894167],[118.058612,39.885834],[118.066389,39.878055],[118.075361,39.871803],[118.075555,39.871667],[118.085278,39.865277],[118.094694,39.860336],[118.096388,39.859445],[118.105277,39.852223],[118.117223,39.840555],[118.12389,39.832222],[118.130001,39.823334],[118.135833,39.813889],[118.141668,39.804722],[118.141827,39.804379],[118.143611,39.800555]]}},{"type":"Feature","properties":{},"geometry":{"type":"LineString","coordinates":[[116.228334,39.845556],[116.228057,39.845556],[116.220833,39.846945],[116.213056,39.848334],[116.206388,39.846666],[116.200556,39.844167],[116.199687,39.843008],[116.197222,39.839722],[116.193889,39.834999],[116.191389,39.829722],[116.188056,39.824445],[116.186388,39.818055],[116.183611,39.812777],[116.181944,39.806667],[116.181719,39.806164],[116.179444,39.801111],[116.178611,39.799444]]}},{"type":"Feature","properties":{},"geometry":{"type":"LineString","coordinates":[[116.102777,39.844444],[116.105833,39.841389],[116.108889,39.836944],[116.113055,39.833056],[116.116943,39.829166],[116.120834,39.825278],[116.125833,39.821944],[116.130832,39.818889],[116.135832,39.815556],[116.140833,39.8125],[116.145833,39.809167],[116.152777,39.807222],[116.158611,39.804445],[116.166667,39.803056],[116.167431,39.802842],[116.173611,39.801111],[116.177599,39.799781],[116.178611,39.799444]]}},{"type":"Feature","properties":{},"geometry":{"type":"LineString","coordinates":[[116.380432,39.798983],[116.383333,39.802778],[116.384168,39.809444],[116.385279,39.816389],[116.385001,39.820557]]}},{"type":"Feature","properties":{},"geometry":{"type":"LineString","coordinates":[[118.143611,39.800555],[118.1339,39.799457],[118.128889,39.798888],[118.126449,39.799046],[118.11645,39.799691],[118.111667,39.8],[118.094445,39.800833],[118.077223,39.801668],[118.061389,39.804445],[118.044445,39.806667],[118.0275,39.808888],[118.009445,39.810555],[118,39.81283],[117.994445,39.814167],[117.978611,39.816945],[117.962777,39.819721],[117.945833,39.822778],[117.92889,39.824999],[117.912777,39.827778],[117.895832,39.83],[117.877778,39.831667],[117.860001,39.833334],[117.842222,39.835555],[117.826112,39.838333],[117.810278,39.841111],[117.795277,39.844721],[117.781389,39.848611],[117.7675,39.853334],[117.7525,39.856944],[117.742272,39.860427],[117.739445,39.861389],[117.732694,39.863014],[117.724445,39.865],[117.71868,39.866614],[117.710555,39.868889],[117.695554,39.8725],[117.681667,39.876389],[117.666666,39.880556],[117.651666,39.883333],[117.637779,39.887223],[117.6225,39.890834],[117.607777,39.894167],[117.593611,39.898056],[117.578611,39.901667],[117.563889,39.905555],[117.547778,39.908333],[117.532778,39.911944],[117.521945,39.917779],[117.513356,39.920826],[117.50889,39.922222],[117.5,39.924889],[117.495,39.926389],[117.481111,39.931112],[117.471945,39.9375],[117.462778,39.944444],[117.451944,39.950277],[117.445331,39.955487],[117.442778,39.9575],[117.433889,39.964446],[117.425,39.971667],[117.415,39.978056],[117.405366,39.981951],[117.401944,39.983333],[117.388889,39.988057],[117.384723,39.988334]]}},{"type":"Feature","properties":{},"geometry":{"type":"LineString","coordinates":[[116.273056,39.840278],[116.271111,39.831667],[116.269999,39.824721],[116.268334,39.818611],[116.267222,39.811667],[116.266111,39.804722],[116.265001,39.797778],[116.264445,39.793612],[116.262501,39.786389]]}},{"type":"Feature","properties":{},"geometry":{"type":"LineString","coordinates":[[116.228334,39.845556],[116.228599,39.845291],[116.228612,39.845278],[116.232079,39.84181],[116.2325,39.841388],[116.235557,39.836945],[116.238332,39.832501],[116.241389,39.828056],[116.244445,39.823334],[116.247222,39.818888],[116.249166,39.813889],[116.251389,39.808888],[116.253334,39.803889],[116.25611,39.799444],[116.258056,39.794167],[116.26111,39.789722],[116.262501,39.786389]]}},{"type":"Feature","properties":{},"geometry":{"type":"LineString","coordinates":[[116.102777,39.844444],[116.101943,39.843055],[116.097778,39.839168],[116.094443,39.834444],[116.090278,39.831388],[116.086111,39.827501],[116.081944,39.823612],[116.077777,39.819999],[116.072777,39.816944],[116.066946,39.814445],[116.06111,39.812222],[116.054723,39.810555],[116.048889,39.808334],[116.043889,39.805277],[116.040556,39.800556],[116.036389,39.796945],[116.031945,39.793056],[116.027777,39.789167],[116.023611,39.785277],[116.019446,39.781389]]}},{"type":"Feature","properties":{},"geometry":{"type":"LineString","coordinates":[[115.884166,39.8675],[115.8825,39.860555],[115.8825,39.854167],[115.883611,39.849444],[115.885555,39.844167],[115.889444,39.840555],[115.893612,39.836666],[115.896667,39.832221],[115.901479,39.829012],[115.901667,39.828888],[115.906667,39.825833],[115.911667,39.822499],[115.9175,39.82],[115.923589,39.817233],[115.923612,39.817222],[115.930556,39.814722],[115.938612,39.813334],[115.946667,39.811944],[115.95139,39.808889],[115.955849,39.807517],[115.958612,39.806667],[115.965556,39.804723],[115.968539,39.804207],[115.973612,39.803333],[115.980555,39.801389],[115.988611,39.800001],[115.996667,39.798611],[115.999999,39.798135],[116,39.798135],[116.004444,39.7975],[116.011388,39.795278],[116.016389,39.792222],[116.018611,39.787222],[116.019446,39.781389]]}},{"type":"Feature","properties":{},"geometry":{"type":"LineString","coordinates":[[116.385001,39.820557],[116.379722,39.820277],[116.372499,39.819444],[116.365279,39.818889],[116.358055,39.8175],[116.350001,39.816666],[116.343611,39.815555],[116.338332,39.813334],[116.332777,39.810556],[116.328334,39.807222],[116.32489,39.804589],[116.323611,39.803611],[116.318332,39.800833],[116.311111,39.799444],[116.303888,39.798888],[116.296667,39.798056],[116.289444,39.7975],[116.283054,39.795555],[116.2775,39.792778],[116.273055,39.789167],[116.270279,39.783611],[116.266666,39.778056]]}},{"type":"Feature","properties":{},"geometry":{"type":"LineString","coordinates":[[116.262501,39.786389],[116.263053,39.784722],[116.26611,39.780277],[116.266666,39.778056]]}},{"type":"Feature","properties":{},"geometry":{"type":"LineString","coordinates":[[116.178611,39.799444],[116.176944,39.795833],[116.174444,39.790556],[116.171944,39.785],[116.169444,39.779722],[116.166111,39.774444],[116.162777,39.769723],[116.159444,39.765],[116.156945,39.759722],[116.154999,39.756667]]}},{"type":"Feature","properties":{},"geometry":{"type":"LineString","coordinates":[[118.236007,39.803578],[118.226237,39.792682],[118.218287,39.781831],[118.215461,39.778893],[118.210522,39.77376],[118.197745,39.758208],[118.190314,39.750312],[118.190232,39.750223],[118.19023,39.750223],[118.190021,39.75],[118.183172,39.742724],[118.179823,39.738686]]}},{"type":"Feature","properties":{},"geometry":{"type":"LineString","coordinates":[[118.143611,39.800555],[118.146389,39.795277],[118.146725,39.794517],[118.147564,39.792614],[118.150557,39.785833],[118.155278,39.776389],[118.161111,39.767222],[118.166667,39.75914],[118.167222,39.758333],[118.172494,39.750299],[118.17255,39.750214],[118.17269,39.75],[118.173055,39.749445],[118.178888,39.740556],[118.179823,39.738686]]}},{"type":"Feature","properties":{},"geometry":{"type":"LineString","coordinates":[[118.517779,39.745278],[118.516389,39.745001],[118.509724,39.743611],[118.503889,39.741388],[118.5,39.740579],[118.497223,39.74],[118.490555,39.738611],[118.48389,39.737222],[118.478056,39.735001],[118.475555,39.734166]]}},{"type":"Feature","properties":{},"geometry":{"type":"LineString","coordinates":[[116.266666,39.778056],[116.267498,39.7725],[116.269445,39.767778],[116.271111,39.762778],[116.274722,39.75861],[116.278334,39.754445],[116.281903,39.750325],[116.281944,39.750277],[116.281974,39.750234],[116.281975,39.750233],[116.282128,39.75],[116.282129,39.749999],[116.284723,39.746111],[116.289166,39.741945],[116.292777,39.738333],[116.297222,39.734166],[116.299445,39.732222]]}},{"type":"Feature","properties":{},"geometry":{"type":"LineString","coordinates":[[118.475555,39.734166],[118.472224,39.732778],[118.465555,39.73139],[118.464722,39.731112]]}},{"type":"Feature","properties":{},"geometry":{"type":"LineString","coordinates":[[116.299445,39.732222],[116.295279,39.732224],[116.288611,39.730834],[116.281111,39.73],[116.274723,39.728334],[116.268055,39.726944],[116.26139,39.725556],[116.254166,39.724722],[116.245834,39.724721],[116.236946,39.725556],[116.230834,39.728055],[116.225832,39.731388],[116.218889,39.733333],[116.211111,39.734723],[116.201944,39.735556],[116.194167,39.736945],[116.185,39.737777],[116.176944,39.739165],[116.171111,39.741944],[116.166111,39.745001],[116.163056,39.749445],[116.162708,39.75],[116.162579,39.750207],[116.162527,39.75029],[116.160278,39.753889],[116.154999,39.756667]]}},{"type":"Feature","properties":{},"geometry":{"type":"LineString","coordinates":[[118.464722,39.731112],[118.459722,39.729167],[118.453889,39.726945],[118.448054,39.724999],[118.442222,39.722777],[118.43639,39.720555],[118.429722,39.719167],[118.423889,39.716945],[118.418334,39.714722]]}},{"type":"Feature","properties":{},"geometry":{"type":"LineString","coordinates":[[118.339168,39.724445],[118.343611,39.729723],[118.346944,39.733611],[118.352222,39.736666],[118.357221,39.739444],[118.361387,39.743333],[118.366667,39.746389],[118.372501,39.749167],[118.374999,39.75],[118.37553,39.750177],[118.375532,39.750178],[118.37574,39.750247],[118.3775,39.750834],[118.383889,39.752223],[118.392222,39.752223],[118.398499,39.750214],[118.398688,39.750153],[118.399165,39.75],[118.403057,39.746111],[118.406945,39.742222],[118.408889,39.737223],[118.411666,39.7325],[118.4125,39.726944],[118.415278,39.721666],[118.418056,39.717222],[118.418334,39.714722]]}},{"type":"Feature","properties":{},"geometry":{"type":"LineString","coordinates":[[118.529446,39.710556],[118.528611,39.716389],[118.526667,39.721389],[118.525652,39.722404],[118.522778,39.725277],[118.51611,39.7275],[118.508056,39.729168],[118.5,39.729922],[118.499167,39.730001],[118.490833,39.730277],[118.481943,39.731111],[118.475555,39.734166]]}},{"type":"Feature","properties":{},"geometry":{"type":"LineString","coordinates":[[118.418334,39.714722],[118.417572,39.714444],[118.412221,39.7125],[118.40611,39.710278],[118.400277,39.708055],[118.394445,39.706112]]}},{"type":"Feature","properties":{},"geometry":{"type":"LineString","coordinates":[[116.154999,39.756667],[116.153611,39.755],[116.150279,39.751111],[116.149753,39.750277],[116.149702,39.750199],[116.149576,39.75],[116.146944,39.745833],[116.143611,39.741944],[116.140277,39.737222],[116.137774,39.733259],[116.136942,39.731945],[116.133612,39.727222],[116.130277,39.7225],[116.126944,39.718056],[116.123611,39.713334],[116.120278,39.708611],[116.119232,39.707217],[116.117778,39.705278]]}},{"type":"Feature","properties":{},"geometry":{"type":"LineString","coordinates":[[116.019446,39.781389],[116.020555,39.775834],[116.020939,39.773826],[116.021008,39.773458],[116.021666,39.77],[116.022777,39.765],[116.024446,39.759444],[116.024723,39.753889],[116.02633,39.750066],[116.026338,39.750047],[116.02636,39.75],[116.026946,39.748612],[116.02861,39.743612],[116.030834,39.738611],[116.032777,39.733611],[116.036665,39.729723],[116.040834,39.725833],[116.044721,39.721944],[116.049144,39.719242],[116.049722,39.718889],[116.054723,39.715557],[116.061666,39.713611],[116.067777,39.711111],[116.075834,39.709722],[116.084723,39.708056],[116.093611,39.707499],[116.098842,39.707009],[116.102501,39.706667],[116.111667,39.705833],[116.117778,39.705278]]}},{"type":"Feature","properties":{},"geometry":{"type":"LineString","coordinates":[[118.263333,39.809723],[118.265,39.801111],[118.266111,39.795277],[118.268056,39.789722],[118.268056,39.784794],[118.268055,39.784166],[118.270278,39.778889],[118.27139,39.773333],[118.271389,39.766944],[118.269722,39.760833],[118.264722,39.756945],[118.260555,39.753888],[118.254723,39.750833],[118.253403,39.75033],[118.253156,39.750237],[118.252534,39.75],[118.248889,39.748611],[118.244722,39.744722],[118.2425,39.74],[118.239722,39.733889],[118.239722,39.7275],[118.241944,39.721945],[118.242779,39.71611],[118.243888,39.710556],[118.245,39.704722],[118.245279,39.699166],[118.245277,39.697779]]}},{"type":"Feature","properties":{},"geometry":{"type":"LineString","coordinates":[[118.266112,39.701389],[118.259444,39.7],[118.251944,39.699167],[118.245554,39.697779],[118.245277,39.697779]]}},{"type":"Feature","properties":{},"geometry":{"type":"LineString","coordinates":[[116.019446,39.781389],[116.016111,39.776944],[116.015802,39.776655],[116.015102,39.776003],[116.011944,39.773056],[116.008611,39.768334],[116.005279,39.763889],[116.000834,39.759166],[116.000001,39.758389],[116,39.758388],[115.996666,39.755277],[115.9925,39.751666],[115.990739,39.750024],[115.990733,39.750017],[115.990715,39.750001],[115.990714,39.75],[115.988333,39.747777],[115.984167,39.743889],[115.980001,39.74],[115.975833,39.736111],[115.971667,39.732222],[115.967499,39.728333],[115.963332,39.724722],[115.959167,39.720834],[115.955001,39.716946],[115.95,39.713889],[115.945833,39.71],[115.941666,39.706111],[115.936667,39.703056],[115.930833,39.700833],[115.926944,39.698889],[115.925556,39.697778]]}},{"type":"Feature","properties":{},"geometry":{"type":"LineString","coordinates":[[118.402222,39.677223],[118.400833,39.680833],[118.4,39.686388],[118.398334,39.691667],[118.396667,39.696667],[118.394722,39.701667],[118.394445,39.706112]]}},{"type":"Feature","properties":{},"geometry":{"type":"LineString","coordinates":[[118.402222,39.677223],[118.409445,39.677222],[118.414445,39.68],[118.418053,39.684722],[118.421666,39.689166],[118.424445,39.694445],[118.428055,39.69889],[118.432223,39.702778],[118.436666,39.706389],[118.442289,39.709335],[118.4425,39.709444],[118.447778,39.712222],[118.449693,39.713392],[118.452777,39.715277],[118.456944,39.718889],[118.460556,39.723611],[118.463333,39.728889],[118.464722,39.731112]]}},{"type":"Feature","properties":{},"geometry":{"type":"LineString","coordinates":[[115.974722,39.663333],[115.976666,39.664722],[115.977499,39.671667],[115.976852,39.67507],[115.976389,39.6775],[115.975278,39.683055],[115.971389,39.686945],[115.966389,39.69],[115.962422,39.691067],[115.959168,39.691944],[115.950279,39.692777],[115.9475,39.692222]]}},{"type":"Feature","properties":{},"geometry":{"type":"LineString","coordinates":[[115.962223,39.675556],[115.971111,39.674722],[115.97415,39.671886],[115.975278,39.670834],[115.975279,39.664722],[115.974722,39.663333]]}},{"type":"Feature","properties":{},"geometry":{"type":"LineString","coordinates":[[118.406944,39.660556],[118.405277,39.665],[118.404723,39.670555],[118.402777,39.675556],[118.402222,39.677223]]}},{"type":"Feature","properties":{},"geometry":{"type":"LineString","coordinates":[[118.394445,39.706112],[118.388056,39.704723],[118.381944,39.7025],[118.375278,39.70111],[118.369445,39.698889],[118.363611,39.696666],[118.357779,39.694444],[118.351944,39.692223],[118.346111,39.69],[118.340278,39.687777],[118.334444,39.685833],[118.328611,39.683611],[118.322778,39.68139],[118.317778,39.678334],[118.311667,39.676111],[118.305833,39.673889],[118.300833,39.671112],[118.295833,39.668056],[118.29,39.665833],[118.285,39.662777],[118.281766,39.661074],[118.279722,39.66],[118.273889,39.657777],[118.268056,39.655556],[118.264444,39.653612]]}},{"type":"Feature","properties":{},"geometry":{"type":"LineString","coordinates":[[118.264444,39.653612],[118.261111,39.656944],[118.258335,39.661388],[118.255277,39.665833],[118.2525,39.670555],[118.249444,39.675],[118.246667,39.679444],[118.243334,39.684721],[118.245278,39.693055],[118.245277,39.697779]]}},{"type":"Feature","properties":{},"geometry":{"type":"LineString","coordinates":[[118.369166,39.649722],[118.375556,39.651111],[118.382223,39.6525],[118.388056,39.654722],[118.394722,39.656111],[118.400556,39.658333],[118.406944,39.660556]]}},{"type":"Feature","properties":{},"geometry":{"type":"LineString","coordinates":[[115.974722,39.663333],[115.972499,39.659166],[115.969999,39.653888],[115.966666,39.649444],[115.963334,39.644722],[115.959721,39.64],[115.95611,39.636112]]}},{"type":"Feature","properties":{},"geometry":{"type":"LineString","coordinates":[[115.925556,39.697778],[115.924444,39.690833],[115.923611,39.683889],[115.923336,39.683022],[115.921667,39.677777],[115.920834,39.670834],[115.921667,39.664999],[115.922778,39.659445],[115.924722,39.654444],[115.927499,39.65],[115.931667,39.646111],[115.935679,39.643434],[115.936667,39.642778],[115.94361,39.640834],[115.949444,39.638332],[115.95611,39.636112]]}},{"type":"Feature","properties":{},"geometry":{"type":"LineString","coordinates":[[118.448055,39.628055],[118.441758,39.629358],[118.44,39.629722],[118.432222,39.631111],[118.425277,39.633333],[118.420276,39.636668],[118.418704,39.63824],[118.41639,39.640556],[118.412777,39.644444],[118.410834,39.649444],[118.409166,39.654722],[118.407222,39.659723],[118.406944,39.660556]]}},{"type":"Feature","properties":{},"geometry":{"type":"LineString","coordinates":[[118.264444,39.653612],[118.262778,39.652499],[118.259167,39.650833],[118.253889,39.647778],[118.248055,39.645557],[118.242222,39.643611],[118.236388,39.641389],[118.231389,39.638334],[118.226112,39.635278],[118.220277,39.632501],[118.215277,39.629444],[118.210277,39.626389],[118.209166,39.626111]]}},{"type":"Feature","properties":{},"geometry":{"type":"LineString","coordinates":[[118.245277,39.697779],[118.238889,39.696389],[118.233889,39.693332],[118.229445,39.689722],[118.225277,39.685834],[118.2225,39.680556],[118.219723,39.675279],[118.2175,39.669167],[118.21639,39.662222],[118.215277,39.655278],[118.21611,39.649721],[118.215834,39.643333],[118.214722,39.636668],[118.212778,39.630555],[118.209166,39.626111]]}},{"type":"Feature","properties":{},"geometry":{"type":"LineString","coordinates":[[118.193669,39.615032],[118.195556,39.616668],[118.200834,39.619723],[118.205,39.62361],[118.209166,39.626111]]}},{"type":"Feature","properties":{},"geometry":{"type":"LineString","coordinates":[[118.179823,39.738686],[118.183612,39.731111],[118.187777,39.721389],[118.191666,39.711389],[118.195555,39.701112],[118.196388,39.689167],[118.19611,39.675832],[118.193888,39.662777],[118.192778,39.655278],[118.19,39.642221],[118.190834,39.630278],[118.191945,39.621112],[118.193669,39.615032]]}},{"type":"Feature","properties":{},"geometry":{"type":"LineString","coordinates":[[118.149445,39.654444],[118.154444,39.651111],[118.158333,39.647221],[118.162222,39.643333],[118.165833,39.639444],[118.166667,39.638611],[118.169722,39.635556],[118.173611,39.631666],[118.174816,39.630463],[118.1775,39.627778],[118.182499,39.624444],[118.1875,39.621111],[118.191111,39.617222],[118.193669,39.615032]]}},{"type":"Feature","properties":{},"geometry":{"type":"LineString","coordinates":[[118.156667,39.592221],[118.159444,39.5975],[118.162002,39.599576],[118.163889,39.601111],[118.166667,39.604744],[118.1675,39.605833],[118.171667,39.609445],[118.176667,39.6125],[118.1813,39.614266],[118.182499,39.614722],[118.19,39.615278],[118.191201,39.615371],[118.193669,39.615032]]}},{"type":"Feature","properties":{},"geometry":{"type":"LineString","coordinates":[[116.117778,39.705278],[116.116944,39.704167],[116.113611,39.699445],[116.109445,39.695557],[116.106111,39.690833],[116.102778,39.686389],[116.097777,39.6825],[116.094445,39.677777],[116.090278,39.673889],[116.086944,39.669445],[116.083611,39.664722],[116.080279,39.660001],[116.07639,39.656111],[116.073055,39.651666],[116.070555,39.647501],[116.065555,39.643055],[116.061388,39.639167],[116.058056,39.634444],[116.053889,39.630832],[116.049721,39.626944],[116.046389,39.622223],[116.043334,39.6175],[116.039165,39.613611],[116.035,39.609722],[116.031666,39.605279],[116.0275,39.601389],[116.023333,39.596666],[116.02,39.592221],[116.016668,39.5875],[116.015556,39.583612]]}},{"type":"Feature","properties":{},"geometry":{"type":"LineString","coordinates":[[115.95611,39.636112],[115.962501,39.63361],[115.965556,39.629166],[115.968333,39.624723],[115.97139,39.620277],[115.974444,39.615833],[115.976971,39.611791],[115.977223,39.611389],[115.981389,39.607501],[115.986389,39.604167],[115.990278,39.600277],[115.99196,39.598717],[115.994167,39.596667],[115.999168,39.593334],[116,39.592779],[116.000001,39.592778],[116.004167,39.59],[116.009167,39.586946],[116.015,39.584166],[116.015556,39.583612]]}},{"type":"Feature","properties":{},"geometry":{"type":"LineString","coordinates":[[118.100956,39.549069],[118.101944,39.549444],[118.107778,39.551667],[118.114443,39.553056],[118.12111,39.554445],[118.127778,39.555834],[118.132777,39.558889],[118.137506,39.560691],[118.138611,39.561112],[118.143612,39.56389],[118.147778,39.567778],[118.153056,39.570834],[118.157223,39.574445],[118.160833,39.579167],[118.165277,39.582777],[118.166668,39.584629],[118.168611,39.587221],[118.172222,39.591944],[118.173491,39.593506],[118.175833,39.596389],[118.18,39.600277],[118.183611,39.604721],[118.18372,39.604824],[118.187777,39.608611],[118.191389,39.613056],[118.193669,39.615032]]}},{"type":"Feature","properties":{},"geometry":{"type":"LineString","coordinates":[[118.179823,39.738686],[118.171398,39.728527],[118.15855,39.711579],[118.149232,39.697219],[118.147509,39.694563],[118.14134,39.68294],[118.135629,39.664328],[118.130912,39.64707],[118.129389,39.637366],[118.129579,39.626201],[118.13221,39.61348],[118.119844,39.586815],[118.114544,39.574459],[118.106411,39.560117],[118.101246,39.549849],[118.100956,39.549069]]}},{"type":"Feature","properties":{},"geometry":{"type":"LineString","coordinates":[[114.855,39.398611],[114.863611,39.402222],[114.873611,39.408333],[114.885001,39.413056],[114.891262,39.416111],[114.896388,39.418611],[114.908611,39.4225],[114.921112,39.426389],[114.933333,39.430556],[114.944721,39.435277],[114.956944,39.439167],[114.969167,39.443055],[114.983888,39.444722],[115,39.443482],[115.001944,39.443334],[115.019722,39.442778],[115.03361,39.445278],[115.046111,39.449167],[115.058334,39.453056],[115.070555,39.456944],[115.086112,39.458056],[115.103889,39.456666],[115.121111,39.455834],[115.138056,39.455278],[115.154452,39.454749],[115.155278,39.454722],[115.171667,39.454722],[115.187222,39.455834],[115.199444,39.459723],[115.21,39.465278],[115.219167,39.472222],[115.227221,39.48],[115.234722,39.488333],[115.241389,39.4975],[115.242543,39.5],[115.242653,39.500238],[115.242696,39.500331],[115.246389,39.508332],[115.249167,39.521389],[115.250834,39.535278],[115.250556,39.547778],[115.251389,39.561111],[115.251389,39.573611],[115.252221,39.586945],[115.254722,39.600001],[115.260556,39.61],[115.268055,39.61861],[115.277223,39.625556],[115.286945,39.631667],[115.297778,39.637223],[115.308611,39.6425],[115.318333,39.648889],[115.328333,39.655],[115.337223,39.661944],[115.34639,39.668889],[115.355555,39.675833],[115.362777,39.683056],[115.371111,39.690833],[115.372501,39.693056],[115.376667,39.691667],[115.383612,39.689722],[115.389444,39.692222],[115.394444,39.695277],[115.398611,39.699167],[115.40361,39.702222],[115.410835,39.703056],[115.418889,39.701666],[115.425,39.699166],[115.428888,39.695278],[115.433889,39.692222],[115.438056,39.688333],[115.441946,39.684445],[115.446111,39.680556],[115.451111,39.6775],[115.456944,39.675001],[115.458333,39.674722],[115.464166,39.673056],[115.470277,39.673055],[115.478611,39.673056],[115.48611,39.673889],[115.493334,39.674722],[115.499998,39.674952],[115.5,39.674952],[115.500001,39.674952],[115.501389,39.675],[115.509444,39.673611],[115.516389,39.671667],[115.52139,39.668332],[115.526389,39.664445],[115.531388,39.66139],[115.5375,39.658612],[115.544445,39.656667],[115.551389,39.654722],[115.559443,39.65361],[115.567501,39.652223],[115.576388,39.651389],[115.585278,39.650833],[115.594444,39.650001],[115.603334,39.649167],[115.611389,39.649166],[115.618889,39.65],[115.627777,39.649444],[115.635834,39.648056],[115.641945,39.645556],[115.642501,39.643889],[115.649445,39.641945],[115.657499,39.640556],[115.665555,39.639444],[115.672499,39.6375],[115.679445,39.635278],[115.68639,39.633333],[115.693334,39.631389],[115.701389,39.63],[115.710555,39.629444],[115.719444,39.628611],[115.728334,39.628055],[115.736388,39.626667],[115.744443,39.625277],[115.752499,39.624722],[115.760278,39.623334],[115.769444,39.6225],[115.777501,39.622499],[115.785557,39.622499],[115.791802,39.623195],[115.793055,39.623334],[115.799722,39.624999],[115.805278,39.626667],[115.810279,39.629722],[115.81611,39.632777],[115.820277,39.63639],[115.824444,39.640277],[115.828611,39.644166],[115.83361,39.647222],[115.838611,39.650277],[115.845833,39.65111],[115.854166,39.65111],[115.863054,39.650556],[115.869722,39.651945],[115.876112,39.653611],[115.881945,39.655834],[115.886943,39.658889],[115.896111,39.665833],[115.899443,39.670555],[115.902778,39.675],[115.902858,39.675114],[115.906111,39.679722],[115.909444,39.684445],[115.913888,39.688333],[115.917776,39.691944],[115.922777,39.695],[115.925556,39.697778]]}},{"type":"Feature","properties":{},"geometry":{"type":"LineString","coordinates":[[115.590557,39.410833],[115.597779,39.411668],[115.605278,39.4125],[115.611111,39.41],[115.616112,39.406668],[115.619167,39.402223],[115.622222,39.397778],[115.623056,39.392222],[115.625,39.386944],[115.626111,39.381389],[115.627192,39.375987],[115.627222,39.375833],[115.629167,39.369445]]}},{"type":"Feature","properties":{},"geometry":{"type":"LineString","coordinates":[[115.484166,39.343611],[115.486944,39.349168],[115.491666,39.352222],[115.497502,39.354445],[115.5,39.355069],[115.504166,39.356111],[115.504744,39.356057],[115.513056,39.355277],[115.518889,39.352777],[115.524999,39.35],[115.531944,39.348056],[115.539722,39.346666],[115.548889,39.345834],[115.557777,39.345278],[115.564167,39.346666],[115.570832,39.348333],[115.577222,39.349721],[115.58389,39.35139],[115.589722,39.353611],[115.595277,39.356111],[115.601111,39.358332],[115.606944,39.360554],[115.612776,39.363056],[115.614193,39.363622],[115.618333,39.365278],[115.624167,39.3675],[115.629167,39.369445]]}},{"type":"Feature","properties":{},"geometry":{"type":"LineString","coordinates":[[114.891667,39.331112],[114.887779,39.341111],[114.883611,39.351389],[114.879445,39.361388],[114.875277,39.371388],[114.87,39.380834],[114.86389,39.389722],[114.860384,39.39482],[114.858125,39.396828],[114.855,39.398611]]}},{"type":"Feature","properties":{},"geometry":{"type":"LineString","coordinates":[[117.384723,39.988334],[117.384168,39.985279],[117.383056,39.978333],[117.383056,39.971944],[117.383889,39.966389],[117.385834,39.961111],[117.385862,39.961023],[117.387501,39.956111],[117.390556,39.951666],[117.3925,39.946667],[117.394444,39.941388],[117.395276,39.935834],[117.397222,39.930833],[117.398056,39.925],[117.398732,39.920497],[117.398888,39.919445],[117.399722,39.913611],[117.401667,39.90861],[117.402499,39.902778],[117.404446,39.897778],[117.4075,39.893333],[117.410277,39.888889],[117.413055,39.884445],[117.417221,39.880555],[117.419999,39.875833],[117.42389,39.871944],[117.426666,39.867501],[117.429722,39.863056],[117.431666,39.858056],[117.433611,39.853055],[117.434444,39.847222],[117.433334,39.840278],[117.433056,39.834166],[117.431947,39.827223],[117.430834,39.820277],[117.428888,39.814167],[117.426112,39.808889],[117.423334,39.803612],[117.420835,39.798056],[117.418792,39.794175],[117.418056,39.792778],[117.414445,39.788333],[117.411111,39.783612],[117.407501,39.779166],[117.403889,39.774444],[117.400555,39.77],[117.396945,39.765555],[117.392778,39.761666],[117.388611,39.757778],[117.384168,39.754167],[117.379166,39.75111],[117.377747,39.750244],[117.377634,39.750175],[117.377348,39.750001],[117.377347,39.75],[117.374165,39.748056],[117.369999,39.744445],[117.364166,39.741945],[117.358889,39.739168],[117.353891,39.736111],[117.348887,39.733056],[117.34389,39.729999],[117.339445,39.726111],[117.334444,39.723333],[117.330278,39.719444],[117.326111,39.715555],[117.321667,39.711944],[117.3175,39.708056],[117.313056,39.704167],[117.309722,39.699722],[117.306111,39.695277],[117.302778,39.690555],[117.3,39.685278],[117.296666,39.680833],[117.293889,39.675277],[117.291111,39.67],[117.289444,39.663889],[117.2875,39.657777],[117.284724,39.652501],[117.282777,39.64639],[117.280001,39.641111],[117.276667,39.636389],[117.273889,39.631111],[117.270554,39.626389],[117.267778,39.621112],[117.264999,39.615833],[117.261666,39.611389],[117.258889,39.605833],[117.256112,39.600556],[117.252777,39.596111],[117.249166,39.591388],[117.245833,39.586945],[117.242222,39.582223],[117.238888,39.577777],[117.235555,39.573332],[117.231945,39.568612],[117.22861,39.564166],[117.225,39.559444],[117.220556,39.555],[117.217221,39.550555],[117.21361,39.545832],[117.211111,39.540556],[117.207499,39.535834],[117.204167,39.531389],[117.201389,39.526112],[117.198056,39.52139],[117.194167,39.516112],[117.191668,39.510834],[117.189842,39.508589],[117.188057,39.506388],[117.184723,39.501666],[117.183704,39.500309],[117.183637,39.50022],[117.183472,39.5],[117.181387,39.497222],[117.177778,39.492501],[117.174444,39.488056],[117.170833,39.48361],[117.1675,39.478889],[117.163889,39.474444],[117.160555,39.469723],[117.156944,39.465279],[117.153611,39.460556],[117.150834,39.455278],[117.148056,39.45],[117.145555,39.444722],[117.143612,39.438611],[117.140833,39.433056],[117.139167,39.426944],[117.137221,39.420833],[117.135278,39.414722],[117.1325,39.409445],[117.13,39.404166],[117.128056,39.398056],[117.125279,39.392501],[117.125208,39.392351],[117.122778,39.387222],[117.120833,39.381112],[117.118056,39.375833],[117.115278,39.370556],[117.112778,39.364445],[117.111117,39.361288],[117.11,39.359166],[117.108056,39.353056],[117.104723,39.348334],[117.101944,39.343055],[117.098611,39.338333],[117.094167,39.334722],[117.090001,39.330834],[117.086666,39.326389],[117.082778,39.321112]]}},{"type":"Feature","properties":{},"geometry":{"type":"LineString","coordinates":[[116.299445,39.732222],[116.300832,39.730834],[116.304443,39.726667],[116.309722,39.723889],[116.313333,39.719722],[116.318056,39.715555],[116.324856,39.710041],[116.328304,39.705584],[116.329722,39.704166],[116.333333,39.7],[116.336667,39.695833],[116.340277,39.691111],[116.343056,39.686944],[116.348611,39.683333],[116.353056,39.680556],[116.358332,39.677222],[116.36389,39.674445],[116.37,39.672222],[116.376389,39.669445],[116.380833,39.665833],[116.387222,39.663056],[116.392776,39.661111],[116.398056,39.6575],[116.402499,39.654166],[116.408056,39.651389],[116.411389,39.646944],[116.416945,39.643611],[116.421389,39.640834],[116.425834,39.636667],[116.430277,39.633889],[116.435834,39.630277],[116.440277,39.626944],[116.445554,39.624167],[116.450277,39.620556],[116.456389,39.617778],[116.461945,39.615],[116.467223,39.612223],[116.473611,39.609444],[116.478889,39.606666],[116.485278,39.604444],[116.4925,39.602222],[116.498611,39.600278],[116.499999,39.599673],[116.505,39.5975],[116.512223,39.595278],[116.517778,39.5925],[116.525,39.590277],[116.531112,39.588334],[116.536667,39.585555],[116.542778,39.582778],[116.54692,39.580844],[116.546944,39.580833],[116.548332,39.58],[116.554444,39.577777],[116.559999,39.574166],[116.564444,39.570833],[116.569722,39.568054],[116.574167,39.564444],[116.580556,39.561667],[116.584999,39.558889],[116.591387,39.556111],[116.596667,39.553334],[116.601945,39.549723],[116.6075,39.547501],[116.612778,39.544167],[116.618334,39.540556],[116.623611,39.53861],[116.63,39.535834],[116.635277,39.532779],[116.640834,39.529444],[116.646111,39.527223],[116.652222,39.524445],[116.657777,39.521111],[116.662222,39.518056],[116.667501,39.514722],[116.673055,39.511944],[116.678055,39.509444],[116.680373,39.507813],[116.682777,39.505554],[116.689166,39.502777],[116.692202,39.500314],[116.69231,39.500226],[116.692587,39.5],[116.693612,39.499166],[116.700001,39.497222],[116.705277,39.493611],[116.709723,39.49],[116.716111,39.488056],[116.720554,39.483889],[116.725833,39.480277],[116.731111,39.4775],[116.736667,39.474722],[116.741109,39.471112],[116.747501,39.468332],[116.751945,39.465556],[116.757222,39.461945],[116.762499,39.459166],[116.768055,39.456389],[116.774167,39.453611],[116.778611,39.45],[116.785001,39.448055],[116.790277,39.445277],[116.795833,39.441667],[116.801112,39.438889],[116.8075,39.436667],[116.812777,39.433332],[116.818055,39.430278],[116.819446,39.429444],[116.823611,39.426945],[116.828888,39.424722],[116.835,39.421944],[116.835827,39.421585],[116.841389,39.419166],[116.846241,39.416612],[116.846666,39.416389],[116.853055,39.414166],[116.860277,39.411944],[116.866389,39.41],[116.873611,39.407778],[116.882778,39.406944],[116.890833,39.405556],[116.897778,39.404166],[116.905,39.401945],[116.913054,39.400556],[116.920278,39.398332],[116.925833,39.395555],[116.931111,39.394166],[116.938332,39.393334],[116.944444,39.390554],[116.949999,39.387777],[116.958056,39.385555],[116.966111,39.384166],[116.971388,39.381389],[116.976667,39.378611],[116.983887,39.376388],[116.986901,39.375341],[116.990277,39.374166],[116.99184,39.373729],[116.997223,39.372222],[117,39.37176],[117.000001,39.371758],[117.005556,39.370833],[117.013611,39.369167],[117.020555,39.367222],[117.026945,39.365],[117.034166,39.362778],[117.039445,39.36],[117.044721,39.357221],[117.051111,39.354444],[117.054668,39.352222],[117.055556,39.351667],[117.060834,39.348056],[117.064444,39.343889],[117.068889,39.340278],[117.071667,39.335554],[117.074166,39.333889],[117.076111,39.331111],[117.07692,39.328821],[117.077777,39.326389],[117.082222,39.322222],[117.082778,39.321112]]}},{"type":"Feature","properties":{},"geometry":{"type":"LineString","coordinates":[[116.015556,39.583612],[116.014999,39.581944],[116.010834,39.5775],[116.0075,39.572778],[116.005,39.5675],[116.001667,39.563334],[116,39.559376],[116,39.559374],[115.999444,39.558054],[115.999446,39.557778],[115.999438,39.557767],[115.996944,39.552778],[115.9925,39.548055],[115.990001,39.542777],[115.987499,39.537222],[115.985,39.531944],[115.982501,39.526389],[115.980278,39.521667],[115.976944,39.516389],[115.97361,39.511944],[115.969999,39.506388],[115.966667,39.501944],[115.965463,39.500086],[115.965447,39.500061],[115.965409,39.5],[115.963611,39.497221],[115.962199,39.494541],[115.960834,39.491944],[115.958612,39.48639],[115.955278,39.481667],[115.952779,39.476388],[115.949895,39.472305],[115.949444,39.471667],[115.946111,39.467221],[115.943612,39.461667],[115.939443,39.457222],[115.936112,39.452501],[115.932778,39.447777],[115.929444,39.443056],[115.926111,39.438611],[115.922779,39.43389],[115.918889,39.430834],[115.915555,39.426111],[115.911389,39.422222],[115.909166,39.4175],[115.903889,39.413056],[115.900554,39.408333],[115.897499,39.403612],[115.894166,39.399167],[115.890835,39.394445],[115.887499,39.389723],[115.885,39.384444],[115.882501,39.37889],[115.879166,39.374445],[115.875,39.369722],[115.8725,39.364444],[115.868333,39.360555],[115.867346,39.359158],[115.865,39.355834],[115.861945,39.351111],[115.859445,39.346389],[115.854445,39.343334],[115.851111,39.338055],[115.847222,39.334722],[115.844966,39.33115],[115.84389,39.329445],[115.839722,39.325556],[115.835556,39.321667],[115.83111,39.3175]]}},{"type":"Feature","properties":{},"geometry":{"type":"LineString","coordinates":[[115.629167,39.369445],[115.630001,39.369722],[115.635,39.373056],[115.640557,39.375277],[115.647221,39.376667],[115.653611,39.378334],[115.661111,39.379167],[115.669166,39.379166],[115.677222,39.379166],[115.686389,39.378334],[115.693334,39.37639],[115.700278,39.374445],[115.707224,39.372501],[115.714166,39.370278],[115.720001,39.367778],[115.726111,39.365278],[115.731944,39.3625],[115.738056,39.359999],[115.743889,39.357223],[115.749722,39.354722],[115.755833,39.352222],[115.761667,39.349444],[115.766667,39.346389],[115.772501,39.343055],[115.7775,39.339722],[115.783612,39.337222],[115.789444,39.334445],[115.795277,39.331944],[115.801389,39.329445],[115.807222,39.326666],[115.813334,39.324167],[115.819167,39.321389],[115.825,39.318889],[115.83111,39.3175]]}},{"type":"Feature","properties":{},"geometry":{"type":"LineString","coordinates":[[118.100956,39.549069],[118.096111,39.547222],[118.090278,39.545],[118.085278,39.541945],[118.081111,39.538333],[118.0775,39.533611],[118.074724,39.528333],[118.071944,39.523056],[118.069167,39.517779],[118.065555,39.509167],[118.060278,39.5025],[118.058357,39.500137],[118.058327,39.500099],[118.058246,39.5],[118.056666,39.498055],[118.053055,39.493334],[118.048889,39.489722],[118.044444,39.485833],[118.040279,39.482222],[118.03611,39.478333],[118.031667,39.474721],[118.026666,39.471667],[118.021666,39.468611],[118.017222,39.464723],[118.012222,39.461946],[118.007222,39.458889],[118.002223,39.455834],[118,39.454599],[117.997222,39.453056],[117.992223,39.450001],[117.986945,39.446944],[117.981945,39.443889],[117.977777,39.440278],[117.973332,39.436388],[117.969168,39.432778],[117.964722,39.428888],[117.959722,39.425834],[117.954721,39.422778],[117.949722,39.42],[117.944723,39.416945],[117.940278,39.413056],[117.935278,39.410278],[117.930278,39.407223],[117.925279,39.404167],[117.920833,39.400556],[117.915833,39.397501],[117.910833,39.394445],[117.910278,39.393889],[117.910213,39.393829],[117.906667,39.390555],[117.902223,39.386944],[117.897222,39.383889],[117.892777,39.380279],[117.888056,39.377222],[117.882777,39.374166],[117.878612,39.370278],[117.873611,39.3675],[117.868611,39.364444],[117.864166,39.360555],[117.859166,39.357778],[117.855833,39.353056],[117.852222,39.348612],[117.84889,39.343889],[117.846111,39.338612],[117.844677,39.334104],[117.844166,39.3325],[117.841111,39.326666],[117.839166,39.320555],[117.836666,39.315],[117.833889,39.309724],[117.827501,39.299166],[117.823888,39.294722],[117.820555,39.289999],[117.817777,39.284722],[117.815665,39.28289],[117.813611,39.281111],[117.810277,39.276944]]}},{"type":"Feature","properties":{},"geometry":{"type":"LineString","coordinates":[[117.810277,39.276944],[117.81,39.276389],[117.806667,39.271945],[117.802222,39.268056],[117.798611,39.265]]}},{"type":"Feature","properties":{},"geometry":{"type":"LineString","coordinates":[[113.733889,39.271389],[113.741389,39.270832],[113.750278,39.270278],[113.758334,39.268889],[113.766389,39.269167],[113.772778,39.270833],[113.78,39.268889],[113.785,39.265833],[113.79,39.262777],[113.796111,39.260278],[113.803056,39.258332],[113.811112,39.257222],[113.819167,39.255833],[113.828056,39.255278],[113.836946,39.254723],[113.843334,39.256389],[113.849999,39.258055],[113.851521,39.258892],[113.855556,39.261111],[113.86139,39.263611],[113.867776,39.265278],[113.873612,39.2675],[113.879166,39.270001],[113.885556,39.271667],[113.890277,39.273333],[113.896945,39.275833],[113.902779,39.27889],[113.908334,39.281389],[113.914167,39.283611],[113.919723,39.285278],[113.925556,39.288332],[113.931112,39.290832],[113.936112,39.293888],[113.941667,39.296389],[113.942619,39.296797],[113.9475,39.298889],[113.953055,39.301111],[113.956944,39.304444],[113.961111,39.308333],[113.965279,39.312223],[113.969167,39.316944],[113.972499,39.321667],[113.975,39.326389],[113.978333,39.331666],[113.981389,39.336388],[113.983611,39.340278],[113.986944,39.345555],[113.990279,39.351111],[113.993611,39.355834],[113.998332,39.358889],[114,39.360833],[114.000001,39.360834],[114.001667,39.362778],[114.006666,39.366667],[114.010556,39.370555],[114.013611,39.373055],[114.01861,39.376945],[114.02361,39.380278],[114.029166,39.3825],[114.035,39.384999],[114.042222,39.386666],[114.050556,39.386667],[114.059444,39.386111],[114.0675,39.386111],[114.075555,39.386388],[114.083889,39.386389],[114.091944,39.386667],[114.099166,39.387501],[114.106666,39.388333],[114.11389,39.389167],[114.120555,39.390833],[114.125278,39.394167],[114.130278,39.398056],[114.135278,39.401112],[114.139167,39.404166],[114.144999,39.4075],[114.148889,39.410556],[114.153889,39.414444],[114.158889,39.4175],[114.163612,39.420833],[114.169444,39.423055],[114.175834,39.424723],[114.182501,39.426389],[114.188056,39.428889],[114.201668,39.435277],[114.210556,39.443888],[114.217297,39.449201],[114.219721,39.451112],[114.231111,39.455834],[114.244168,39.459166],[114.257223,39.462222],[114.257305,39.462233],[114.271944,39.464166],[114.285834,39.466666],[114.299445,39.469167],[114.315833,39.469444],[114.332778,39.467501],[114.345833,39.463056],[114.36,39.459167],[114.371944,39.454166],[114.381944,39.448055],[114.391111,39.44111],[114.398333,39.432779],[114.405555,39.424722],[114.412501,39.416389],[114.419722,39.408334],[114.426944,39.4],[114.436111,39.393055],[114.450001,39.389166],[114.465526,39.388058],[114.467777,39.388056],[114.484166,39.388334],[114.499999,39.388332],[114.500001,39.388332],[114.500554,39.388333],[114.516666,39.388611],[114.534723,39.387223],[114.549722,39.384166],[114.565556,39.381667],[114.580556,39.378334],[114.597501,39.376389],[114.614721,39.375833],[114.629999,39.376945],[114.643057,39.380279],[114.656111,39.383333],[114.668334,39.3875],[114.669448,39.387856],[114.680554,39.391389],[114.693611,39.394446],[114.708333,39.396389],[114.723889,39.397223],[114.739445,39.398055],[114.749564,39.397424],[114.757222,39.396944],[114.774444,39.396389],[114.791389,39.394445],[114.808334,39.3925],[114.826112,39.391111],[114.840833,39.392778],[114.852222,39.397501],[114.855,39.398611]]}},{"type":"Feature","properties":{},"geometry":{"type":"LineString","coordinates":[[118.177222,39.225833],[118.171389,39.228611],[118.166666,39.23086],[118.165556,39.231389],[118.160556,39.234722],[118.154722,39.2375],[118.148888,39.240001],[118.141944,39.242222],[118.134168,39.243611],[118.128333,39.246389],[118.121388,39.248611],[118.118475,39.25],[118.118473,39.250001],[118.118111,39.250172],[118.117967,39.250241],[118.115556,39.251389],[118.10861,39.253333],[118.102777,39.256111],[118.095833,39.258334],[118.09,39.260833],[118.083055,39.263056],[118.075278,39.264722],[118.067222,39.266112],[118.065979,39.266377],[118.059444,39.267777],[118.050555,39.268611],[118.042778,39.270001],[118.03361,39.271112],[118.025556,39.27111],[118.018334,39.270556],[118.01,39.270555],[118.008722,39.270556],[118.002777,39.269999],[118,39.269793],[117.995277,39.269444],[117.988056,39.268611],[117.980557,39.268056],[117.974167,39.266666],[117.966666,39.266111],[117.959444,39.265277],[117.951944,39.263889],[117.943889,39.264165],[117.936388,39.263611],[117.929167,39.262777],[117.920833,39.263056],[117.912778,39.263056],[117.905556,39.262501],[117.897222,39.2625],[117.889166,39.262777],[117.881111,39.262777],[117.873055,39.263056],[117.864166,39.263889],[117.855277,39.264722],[117.846111,39.265833],[117.838334,39.267223],[117.831388,39.269444],[117.824721,39.271389],[117.818612,39.274166],[117.814248,39.275621],[117.810277,39.276944]]}},{"type":"Feature","properties":{},"geometry":{"type":"LineString","coordinates":[[117.794723,39.218333],[117.798332,39.222778],[117.8025,39.226667],[117.806112,39.231389],[117.809445,39.235834],[117.810832,39.242779],[117.809722,39.248333],[117.80868,39.25],[117.80854,39.250225],[117.808484,39.250315],[117.806945,39.252778],[117.806907,39.252844],[117.804167,39.257501],[117.798611,39.265]]}},{"type":"Feature","properties":{},"geometry":{"type":"LineString","coordinates":[[117.082778,39.321112],[117.084724,39.318056],[117.0875,39.313055],[117.089167,39.308054],[117.091666,39.303333],[117.095279,39.299166],[117.096944,39.294167],[117.100555,39.289165],[117.102222,39.284444],[117.105,39.280278],[117.1075,39.275278],[117.111113,39.27111],[117.113611,39.266111],[117.116389,39.261944],[117.119722,39.257779],[117.123333,39.253611],[117.123815,39.252889],[117.125574,39.250251],[117.125621,39.250181],[117.125622,39.250179],[117.125741,39.25],[117.126111,39.249444],[117.129722,39.244445],[117.133055,39.241112],[117.136667,39.236944],[117.141111,39.233334],[117.143611,39.228334],[117.148056,39.225],[117.151667,39.220834],[117.155,39.2175]]}},{"type":"Feature","properties":{},"geometry":{"type":"LineString","coordinates":[[117.155,39.2175],[117.155277,39.217222],[117.159722,39.213055],[117.162221,39.208889],[117.165001,39.203889],[117.169444,39.200277],[117.171946,39.195556],[117.174444,39.191389],[117.177221,39.18639],[117.179444,39.184444]]}},{"type":"Feature","properties":{},"geometry":{"type":"LineString","coordinates":[[117.155,39.2175],[117.156668,39.207778],[117.154999,39.201667],[117.155834,39.19611],[117.156944,39.190278],[117.158055,39.184723],[117.161111,39.180833]]}},{"type":"Feature","properties":{},"geometry":{"type":"LineString","coordinates":[[117.179444,39.184444],[117.181667,39.182222],[117.184166,39.178055],[117.185358,39.175914],[117.186945,39.173055],[117.189445,39.168333],[117.192222,39.163334],[117.192776,39.161667]]}},{"type":"Feature","properties":{},"geometry":{"type":"LineString","coordinates":[[117.086666,39.143334],[117.094444,39.144166],[117.102661,39.143139],[117.113887,39.142205],[117.13584,39.141635],[117.149586,39.141877],[117.155089,39.143492],[117.162778,39.148056],[117.168826,39.149382],[117.179257,39.150015],[117.186455,39.151065],[117.188056,39.153333],[117.191667,39.157777],[117.192776,39.161667]]}},{"type":"Feature","properties":{},"geometry":{"type":"LineString","coordinates":[[117.798611,39.265],[117.798056,39.264444],[117.793888,39.260556],[117.788611,39.2575],[117.784445,39.253889],[117.779444,39.250834],[117.778617,39.250329],[117.778466,39.250236],[117.778464,39.250235],[117.778081,39.25],[117.774446,39.247778],[117.769999,39.243889],[117.765,39.241112],[117.76,39.238056],[117.755833,39.234167],[117.750834,39.23111],[117.746666,39.2275],[117.742222,39.223611],[117.738611,39.219166],[117.734445,39.215277],[117.730277,39.211667],[117.726944,39.206944],[117.723332,39.202501],[117.719722,39.198055],[117.717778,39.191945],[117.715001,39.186389],[117.713334,39.180279],[117.71139,39.174167],[117.71,39.167222],[117.708055,39.161111],[117.706389,39.155],[117.704445,39.14889],[117.701667,39.14361],[117.699722,39.1375],[117.696945,39.132222],[117.695,39.126111],[117.693054,39.12],[117.690556,39.114723],[117.688611,39.108611],[117.688091,39.106977],[117.686666,39.102501],[117.685,39.098889]]}},{"type":"Feature","properties":{},"geometry":{"type":"LineString","coordinates":[[117.346111,39.120278],[117.341944,39.116389],[117.336111,39.114166],[117.33111,39.111112],[117.326111,39.108055],[117.321111,39.105279],[117.315556,39.103055],[117.309724,39.100556],[117.305278,39.098055]]}},{"type":"Feature","properties":{},"geometry":{"type":"LineString","coordinates":[[117.305278,39.098055],[117.298611,39.099722],[117.291667,39.101666],[117.282778,39.102501],[117.275001,39.104167],[117.268888,39.106667],[117.263055,39.109444],[117.256389,39.111389],[117.249446,39.113611],[117.243334,39.11639],[117.238611,39.119444],[117.232777,39.122223],[117.227778,39.125556],[117.222777,39.128889],[117.218057,39.131945],[117.213056,39.135278],[117.208334,39.138611],[117.204445,39.1425],[117.202499,39.1475],[117.199722,39.151944],[117.196666,39.156667],[117.194723,39.160278],[117.192776,39.161667]]}},{"type":"Feature","properties":{},"geometry":{"type":"LineString","coordinates":[[117.685,39.098889],[117.67389,39.095556],[117.660835,39.093056],[117.645279,39.0925],[117.6325,39.097222],[117.620834,39.102499],[117.608889,39.1075],[117.596944,39.112779],[117.593222,39.114781],[117.586111,39.118611],[117.576389,39.125834],[117.565557,39.131667],[117.5525,39.136388],[117.541668,39.141666],[117.52889,39.146111],[117.515,39.150278],[117.501111,39.154167],[117.5,39.154371],[117.484444,39.157222],[117.475555,39.157777],[117.466389,39.158611],[117.448611,39.160278],[117.439723,39.161111],[117.42389,39.16389],[117.408056,39.166667],[117.393333,39.170556],[117.378611,39.174722],[117.364723,39.178889],[117.364071,39.179034],[117.349722,39.182223],[117.335833,39.186111],[117.322222,39.190279],[117.307223,39.194167],[117.292501,39.197501],[117.276668,39.200277],[117.260278,39.200278],[117.245834,39.198888],[117.2325,39.195834],[117.219988,39.193385],[117.219723,39.193333],[117.205834,39.191111],[117.199124,39.189541],[117.192777,39.188055],[117.181389,39.184723],[117.179444,39.184444]]}},{"type":"Feature","properties":{},"geometry":{"type":"LineString","coordinates":[[117.162778,39.060277],[117.168888,39.061944],[117.175279,39.063332],[117.181944,39.064722],[117.187778,39.066945],[117.193333,39.069167],[117.2,39.070833],[117.206234,39.072189],[117.206389,39.072222],[117.213056,39.073611],[117.218889,39.075834],[117.219165,39.076667]]}},{"type":"Feature","properties":{},"geometry":{"type":"LineString","coordinates":[[117.086666,39.143334],[117.089166,39.139722],[117.092222,39.135278],[117.09499,39.133323],[117.096944,39.131943],[117.101944,39.128611],[117.105833,39.124723],[117.109722,39.120833],[117.1125,39.11639],[117.115554,39.111944],[117.117223,39.106667],[117.119167,39.101666],[117.121111,39.096666],[117.121944,39.090834],[117.123889,39.085832],[117.126667,39.081389],[117.129722,39.076943],[117.133611,39.073056],[117.138611,39.069722],[117.142499,39.065832],[117.147222,39.0625],[117.154166,39.060556],[117.159912,39.06037],[117.162778,39.060277]]}},{"type":"Feature","properties":{},"geometry":{"type":"LineString","coordinates":[[117.685,39.098889],[117.68389,39.096944],[117.681944,39.090833],[117.679999,39.084723],[117.678056,39.078611],[117.675279,39.073333],[117.672777,39.068056],[117.67,39.062778],[117.667222,39.057222],[117.664723,39.051944],[117.661943,39.046667],[117.659443,39.04]]}},{"type":"Feature","properties":{},"geometry":{"type":"LineString","coordinates":[[117.659443,39.04],[117.65639,39.036111],[117.656385,39.036103]]}},{"type":"Feature","properties":{},"geometry":{"type":"LineString","coordinates":[[117.656385,39.036103],[117.65389,39.030556],[117.651111,39.025278],[117.645278,39.023055],[117.641666,39.023334],[117.633611,39.02361],[117.625834,39.025001],[117.617777,39.026666],[117.609999,39.028056],[117.602222,39.029444],[117.593333,39.030555],[117.585276,39.030556],[117.576944,39.030556],[117.568056,39.031667],[117.560277,39.033055],[117.5525,39.034444],[117.544722,39.036111],[117.535556,39.036944],[117.528333,39.036111],[117.524722,39.036666],[117.515834,39.0375],[117.506944,39.038333],[117.5,39.038985],[117.498056,39.039167],[117.491389,39.04139],[117.485278,39.044167],[117.4775,39.045555],[117.469722,39.046944],[117.462778,39.049167],[117.454999,39.050555],[117.445833,39.051389],[117.437222,39.052222],[117.429167,39.053891],[117.4225,39.055834],[117.416389,39.058611],[117.410557,39.061389],[117.403889,39.063332],[117.397778,39.066111],[117.391945,39.068611],[117.385,39.070834],[117.379168,39.073611],[117.372222,39.075556],[117.365555,39.077778],[117.358611,39.079722],[117.352778,39.0825],[117.345832,39.084444],[117.338888,39.086666],[117.333056,39.089166],[117.326112,39.091389],[117.319167,39.093333],[117.313333,39.096112],[117.306388,39.098055],[117.305278,39.098055]]}},{"type":"Feature","properties":{},"geometry":{"type":"LineString","coordinates":[[117.659443,39.04],[117.666666,39.042223],[117.673196,39.042223],[117.674998,39.042223],[117.681667,39.040277],[117.686667,39.036944],[117.691667,39.03361],[117.696667,39.030556],[117.701388,39.027222],[117.706389,39.023889],[117.71139,39.020833],[117.715278,39.016944],[117.714443,39.010001],[117.712223,39.005555]]}},{"type":"Feature","properties":{},"geometry":{"type":"LineString","coordinates":[[117.712223,39.005555],[117.705834,39.007222],[117.696944,39.008056],[117.688054,39.008889],[117.682224,39.011667],[117.677224,39.014999],[117.6725,39.018334],[117.669722,39.022777],[117.665834,39.026666],[117.665555,39.026945],[117.661943,39.030556],[117.656385,39.036103]]}},{"type":"Feature","properties":{},"geometry":{"type":"LineString","coordinates":[[117.746944,38.988334],[117.740832,38.990833],[117.73611,38.994167],[117.730278,38.996944],[117.724443,38.999721],[117.724027,39],[117.723673,39.000237],[117.723532,39.00033],[117.719443,39.003056],[117.713612,39.005556],[117.712223,39.005555]]}},{"type":"Feature","properties":{},"geometry":{"type":"LineString","coordinates":[[115.274445,39.039444],[115.275278,39.033611],[115.276389,39.028056],[115.277502,39.0225],[115.280277,39.018055],[115.284446,39.014167],[115.288334,39.010278],[115.292222,39.006389],[115.297223,39.003332],[115.301742,39.00032],[115.301877,39.000229],[115.301879,39.000228],[115.302221,39],[115.302222,38.999999],[115.308334,38.997501],[115.314167,38.994722],[115.319166,38.991667],[115.31972,38.991298],[115.324167,38.988333],[115.328054,38.984722],[115.331111,38.980279],[115.333889,38.975833],[115.334999,38.97],[115.334167,38.963055],[115.331388,38.957777],[115.328889,38.9525],[115.328231,38.951842],[115.325,38.948612],[115.320834,38.944722],[115.316667,38.940834],[115.313888,38.9375]]}},{"type":"Feature","properties":{},"geometry":{"type":"LineString","coordinates":[[115.266945,38.952501],[115.273889,38.950555],[115.280834,38.948611],[115.287777,38.946667],[115.293611,38.944167],[115.300555,38.942222],[115.303994,38.941259],[115.307501,38.940278],[115.31079,38.938782],[115.313611,38.9375],[115.313888,38.9375]]}},{"type":"Feature","properties":{},"geometry":{"type":"LineString","coordinates":[[115.83111,39.3175],[115.8275,39.313889],[115.823332,39.31],[115.818334,39.306944],[115.814166,39.303056],[115.810279,39.299166],[115.806944,39.294445],[115.802778,39.290557],[115.799446,39.286111],[115.79111,39.2775],[115.788056,39.272778],[115.784722,39.268334],[115.780555,39.264444],[115.7775,39.260556],[115.77369,39.257001],[115.773332,39.256667],[115.770833,39.251111],[115.769999,39.250331],[115.769897,39.250237],[115.769643,39.250001],[115.769642,39.25],[115.766667,39.247221],[115.763332,39.241945],[115.760833,39.236389],[115.756667,39.231944],[115.753333,39.227222],[115.750001,39.2225],[115.747778,39.217222],[115.744443,39.2125],[115.741943,39.207222],[115.738611,39.202499],[115.735277,39.197778],[115.732778,39.1925],[115.729444,39.187777],[115.725556,39.183332],[115.723055,39.177778],[115.719723,39.173056],[115.717224,39.167778],[115.714722,39.1625],[115.712222,39.156944],[115.708888,39.152222],[115.706667,39.1475],[115.703333,39.142222],[115.700835,39.136945],[115.696666,39.133056],[115.693334,39.128333],[115.689999,39.123611],[115.687779,39.118334],[115.684445,39.113611],[115.68111,39.108888],[115.677777,39.104444],[115.674722,39.099722],[115.670277,39.094999],[115.666111,39.090555],[115.663056,39.085832],[115.659723,39.080555],[115.656111,39.075277],[115.653888,39.069722],[115.650555,39.065],[115.648888,39.059721],[115.645555,39.054445],[115.642222,39.048889],[115.639723,39.043612],[115.637222,39.038055],[115.635,39.032779],[115.631667,39.028056],[115.629167,39.022778],[115.626665,39.018055],[115.623611,39.013333],[115.620277,39.008055],[115.616945,39.003333],[115.615553,39.000237],[115.615522,39.00017],[115.615444,39],[115.614445,38.997777],[115.612222,38.995277],[115.608889,38.990555],[115.605833,38.985833],[115.601668,38.981944],[115.599167,38.976667],[115.595278,38.972777],[115.591944,38.968056],[115.587779,38.964167],[115.58389,38.960278],[115.578057,38.957223],[115.573889,38.953333],[115.570001,38.949444],[115.569437,38.949007],[115.565001,38.945556],[115.560833,38.941666],[115.556667,38.937778],[115.551944,38.934722],[115.548056,38.931389],[115.543889,38.9275],[115.539723,38.923611],[115.534999,38.920556],[115.53,38.916666],[115.525833,38.912778],[115.521944,38.908889],[115.517778,38.905],[115.513055,38.901944],[115.50889,38.898055],[115.504722,38.894167],[115.500834,38.890277],[115.5,38.8895],[115.496666,38.886389],[115.492778,38.882499],[115.488611,38.879167],[115.484723,38.875279],[115.478889,38.872222],[115.474722,38.868333],[115.47149,38.866243],[115.47,38.865278],[115.464999,38.861944],[115.461111,38.858056],[115.456112,38.855001],[115.451389,38.851945],[115.445555,38.849445],[115.440834,38.846389],[115.439168,38.845556]]}},{"type":"Feature","properties":{},"geometry":{"type":"LineString","coordinates":[[115.313888,38.9375],[115.321389,38.935556],[115.328056,38.933611],[115.336111,38.932221],[115.343888,38.930834],[115.350833,38.928889],[115.359723,38.928056],[115.366667,38.926111],[115.374723,38.924722],[115.382499,38.923334],[115.390556,38.921944],[115.3975,38.92],[115.402268,38.919149],[115.405278,38.918611],[115.412222,38.916666],[115.419167,38.914722],[115.422224,38.910277],[115.423055,38.904722],[115.423056,38.898333],[115.423056,38.894219],[115.423056,38.891944],[115.424168,38.886389],[115.425277,38.880556],[115.425277,38.874445],[115.427221,38.869167],[115.429167,38.864167],[115.431111,38.859167],[115.433332,38.854166],[115.436112,38.849722],[115.439168,38.845556]]}},{"type":"Feature","properties":{},"geometry":{"type":"LineString","coordinates":[[115.439168,38.845556],[115.435833,38.843334],[115.431111,38.840001],[115.425277,38.837778],[115.419722,38.835278],[115.414167,38.832778],[115.4075,38.830556],[115.401944,38.828333],[115.395278,38.826667],[115.389722,38.824168],[115.383057,38.8225],[115.376667,38.820833],[115.371111,38.818611],[115.366389,38.816111],[115.358889,38.814444],[115.353334,38.812778],[115.349721,38.811389]]}},{"type":"Feature","properties":{},"geometry":{"type":"LineString","coordinates":[[115.292223,38.834445],[115.297222,38.837499],[115.303611,38.839166],[115.311666,38.839167],[115.3175,38.836389],[115.322501,38.833334],[115.326389,38.829446],[115.331389,38.826111],[115.335556,38.8225],[115.340279,38.819167],[115.344444,38.815278],[115.349721,38.811389]]}},{"type":"Feature","properties":{},"geometry":{"type":"LineString","coordinates":[[117.162778,39.060277],[117.174167,39.057222],[117.179167,39.054167],[117.183057,39.050278],[117.188056,39.046944],[117.191945,39.043334],[117.195833,39.039444],[117.197777,39.034168],[117.199722,39.029167],[117.201946,39.024167],[117.204722,39.019723],[117.208888,39.015833],[117.211667,39.01139],[117.215832,39.007499],[117.217778,39.002501],[117.218622,39.000329],[117.218658,39.000236],[117.218658,39.000235],[117.218749,39],[117.219722,38.997501],[117.220556,38.991666],[117.220555,38.985555],[117.219721,38.978611],[117.217777,38.9725],[117.216111,38.966112],[117.215277,38.959446],[117.215277,38.953056],[117.216111,38.947222],[117.218056,38.942221],[117.22111,38.937777],[117.223056,38.932778],[117.226112,38.928334],[117.228889,38.923889],[117.233056,38.919999],[117.236945,38.916111],[117.241945,38.913056],[117.245834,38.909167],[117.250833,38.905833],[117.254723,38.901944],[117.259722,38.898889],[117.265555,38.895556],[117.270278,38.892222],[117.276389,38.889722],[117.282224,38.886944],[117.287222,38.883889],[117.292223,38.880556],[117.296111,38.876667],[117.300001,38.872777],[117.303889,38.869166],[117.306945,38.864722],[117.309721,38.859999],[117.312778,38.855556],[117.315832,38.851111],[117.316919,38.849374],[117.318611,38.846667],[117.321667,38.842221],[117.324722,38.837778],[117.327499,38.833334],[117.332499,38.830279],[117.337501,38.826944],[117.345278,38.825555],[117.353334,38.824167],[117.362222,38.823333],[117.371111,38.8225],[117.377777,38.820556],[117.383889,38.818056],[117.388611,38.814722],[117.393611,38.811388],[117.400557,38.809445],[117.4075,38.8075],[117.414444,38.805556],[117.422222,38.804166],[117.431111,38.803333],[117.438055,38.801389],[117.446945,38.800556],[117.454723,38.799166],[117.461666,38.797222],[117.468611,38.795001],[117.474445,38.7925],[117.480277,38.79],[117.485714,38.787529],[117.486389,38.787223],[117.492222,38.784723],[117.497222,38.781389],[117.499999,38.779428],[117.5,38.779427],[117.501943,38.778056],[117.506944,38.775],[117.512777,38.772222],[117.518889,38.769722],[117.526668,38.768334],[117.535556,38.767501],[117.544444,38.766665],[117.553334,38.765833],[117.561389,38.765833],[117.568874,38.765833]]}},{"type":"Feature","properties":{},"geometry":{"type":"LineString","coordinates":[[117.086666,39.143334],[117.07889,39.143333],[117.070834,39.143611],[117.062778,39.14361],[117.054722,39.143611],[117.047222,39.143055],[117.04,39.142221],[117.031945,39.1425],[117.024445,39.141667],[117.018056,39.140277],[117.013821,39.139808],[117.010556,39.139444],[117.004722,39.137223],[117.000001,39.134166],[117,39.134166],[116.994723,39.131111],[116.990556,39.127499],[116.988055,39.121944],[116.986822,39.119601],[116.985277,39.116667],[116.982778,39.111389],[116.982523,39.105521],[116.9825,39.105001],[116.983611,39.099445],[116.985278,39.094167],[116.987222,39.089166],[116.989166,39.084167],[116.991111,39.078889],[116.991945,39.073333],[116.990833,39.066389],[116.988889,39.060278],[116.986389,39.055001],[116.983055,39.050278],[116.979446,39.045832],[116.976667,39.040279],[116.973333,39.035833],[116.969167,39.031944],[116.965,39.028333],[116.960001,39.025278],[116.955,39.022222],[116.949168,39.02],[116.943332,39.017779],[116.938333,39.014722],[116.932499,39.011666],[116.927501,39.008611],[116.923333,39.005],[116.919167,39.001111],[116.918676,39.000182],[116.91865,39.000131],[116.91865,39.00013],[116.918583,39.000001],[116.916388,38.995834],[116.91389,38.990279],[116.911943,38.984167],[116.911944,38.978055],[116.911667,38.971666],[116.912778,38.965834],[116.912499,38.959722],[116.913611,38.953889],[116.913332,38.947778],[116.914444,38.941944],[116.915277,38.936389],[116.915036,38.930803],[116.915,38.93],[116.916111,38.924167],[116.916944,38.918611],[116.917778,38.912777],[116.917778,38.906667],[116.917777,38.900278],[116.917501,38.893889],[116.9175,38.887777],[116.917501,38.88139],[116.916389,38.874444],[116.917222,38.86889],[116.917222,38.8625],[116.917222,38.856111],[116.916944,38.85],[116.917778,38.844167],[116.917778,38.837778],[116.917778,38.831666],[116.918612,38.825834],[116.919444,38.820278],[116.919444,38.813889],[116.920278,38.808333],[116.921112,38.802501],[116.921942,38.796945],[116.921944,38.790556],[116.922778,38.784722],[116.922778,38.77861],[116.922779,38.777972],[116.922777,38.772223],[116.922778,38.765833],[116.9225,38.759721],[116.922499,38.753334],[116.922501,38.750176],[116.9225,38.750126],[116.9225,38.75],[116.9225,38.746944],[116.922222,38.740832],[116.922223,38.734445],[116.921111,38.7275],[116.920556,38.724445]]}},{"type":"Feature","properties":{},"geometry":{"type":"LineString","coordinates":[[117.050555,38.761389],[117.046389,38.757501],[117.042221,38.753889],[117.039321,38.750097],[117.039301,38.750069],[117.039248,38.75],[117.038611,38.749166],[117.034445,38.745278],[117.029445,38.742222],[117.025277,38.738611],[117.020277,38.735556],[117.014444,38.733333],[117.008889,38.731111],[117.002222,38.729445],[117.000001,38.729274],[116.999999,38.729274],[116.995,38.728888],[116.988333,38.7275],[116.981111,38.726666],[116.973888,38.725834],[116.966389,38.724444],[116.958333,38.724721],[116.951111,38.723889],[116.942223,38.724722],[116.935566,38.725347],[116.933334,38.725555],[116.920556,38.724445]]}},{"type":"Feature","properties":{},"geometry":{"type":"LineString","coordinates":[[115.349721,38.811389],[115.347778,38.810555],[115.341111,38.808889],[115.335554,38.806389],[115.330001,38.804167],[115.324167,38.801666],[115.318611,38.799166],[115.312222,38.797501],[115.306388,38.795278],[115.3,38.793611],[115.294444,38.791111],[115.286945,38.789722],[115.281389,38.787222],[115.274722,38.785555],[115.269166,38.783333],[115.263611,38.780833],[115.257777,38.778333],[115.252223,38.776113],[115.248417,38.7744],[115.246665,38.773611],[115.246132,38.773408],[115.240833,38.771389],[115.236389,38.770279],[115.232221,38.765556],[115.228056,38.762223],[115.223333,38.759166],[115.218611,38.756111],[115.213611,38.752778],[115.210218,38.750327],[115.210091,38.750235],[115.209765,38.75],[115.208612,38.749168],[115.204722,38.745832],[115.202808,38.744781],[115.199167,38.742778],[115.194167,38.739722],[115.189444,38.736388],[115.183612,38.733334],[115.178055,38.731112],[115.173056,38.727778],[115.168332,38.724721],[115.163611,38.722221],[115.157777,38.719722],[115.153055,38.716666],[115.148056,38.713611],[115.143333,38.710279],[115.138611,38.707222],[115.135555,38.704999]]}},{"type":"Feature","properties":{},"geometry":{"type":"LineString","coordinates":[[115.135555,38.704999],[115.132501,38.708889],[115.127777,38.712222],[115.1225,38.715278],[115.116667,38.718055],[115.10889,38.719444],[115.101944,38.721389],[115.093055,38.721945],[115.086111,38.723889],[115.078334,38.725277],[115.070277,38.726666],[115.0625,38.728056],[115.054445,38.729445],[115.046667,38.730556],[115.038612,38.730556],[115.031389,38.731111],[115.022778,38.731945],[115.014444,38.731945],[115.006666,38.733334],[115,38.733104],[114.998612,38.733055],[114.989722,38.733889],[114.981944,38.735278],[114.973889,38.736667],[114.966111,38.737777],[114.958056,38.739167],[114.956759,38.739301],[114.949999,38.74],[114.948056,38.740278],[114.945907,38.740879],[114.941111,38.742221],[114.936111,38.745278],[114.931111,38.748612],[114.929509,38.75],[114.929374,38.750116],[114.929321,38.750162],[114.926944,38.752222],[114.923889,38.756112],[114.920001,38.760556],[114.914999,38.763612],[114.911111,38.767501],[114.906111,38.770834],[114.901111,38.773889],[114.896111,38.776945],[114.889999,38.779722],[114.884166,38.782779],[114.878334,38.785277],[114.872223,38.787223],[114.866389,38.790556],[114.861389,38.793056],[114.857221,38.796667],[114.854166,38.800556],[114.852935,38.801964],[114.850276,38.804999],[114.847222,38.809445],[114.846111,38.814999],[114.844999,38.820834],[114.845833,38.827777],[114.845834,38.833889],[114.845556,38.840277],[114.843333,38.844723],[114.8375,38.847777]]}},{"type":"Feature","properties":{},"geometry":{"type":"LineString","coordinates":[[114.618889,38.834445],[114.617222,38.828333],[114.614723,38.823056],[114.613057,38.816946],[114.612222,38.810001],[114.612222,38.803611],[114.612223,38.797222],[114.613137,38.792651],[114.613334,38.791666],[114.614445,38.785833],[114.615556,38.780278],[114.615556,38.773891],[114.615833,38.767777],[114.615834,38.761389],[114.615833,38.753611],[114.614235,38.750237],[114.614203,38.750169],[114.614123,38.75],[114.613333,38.748333],[114.611667,38.742222],[114.61,38.73611],[114.608333,38.729723],[114.605833,38.724444],[114.603333,38.718888],[114.599999,38.714444],[114.592778,38.713611],[114.586111,38.711944],[114.579721,38.710279],[114.574168,38.708056],[114.569167,38.705001],[114.565279,38.70111],[114.563612,38.696111],[114.564723,38.690556],[114.566667,38.685556],[114.570834,38.681668],[114.57389,38.677222],[114.577778,38.673332],[114.581667,38.669722],[114.584722,38.665278],[114.588889,38.661389],[114.591945,38.656944],[114.594722,38.6525],[114.597778,38.648055],[114.600832,38.643611],[114.603889,38.639166],[114.605833,38.634167],[114.609723,38.629722],[114.612779,38.625277],[114.615834,38.620833],[114.620833,38.6175],[114.625555,38.614445],[114.631666,38.611943],[114.638611,38.61],[114.646389,38.608611],[114.654446,38.607222],[114.661666,38.608056],[114.669721,38.608333],[114.672987,38.60871],[114.676945,38.609166],[114.683334,38.610556],[114.690555,38.611389],[114.698611,38.611389],[114.705834,38.6125],[114.710278,38.612778]]}},{"type":"Feature","properties":{},"geometry":{"type":"LineString","coordinates":[[114.692499,38.541945],[114.695834,38.546667],[114.699723,38.550555],[114.702499,38.556111],[114.703055,38.561666],[114.701944,38.567222],[114.7,38.572222],[114.697777,38.577222],[114.696944,38.583055],[114.696666,38.589444],[114.698334,38.595556],[114.700834,38.600833],[114.704166,38.605555],[114.7075,38.61],[114.710278,38.612778]]}},{"type":"Feature","properties":{},"geometry":{"type":"LineString","coordinates":[[115.135555,38.704999],[115.133611,38.703333],[115.128611,38.700277],[115.123889,38.696944],[115.119167,38.693888],[115.115,38.689999],[115.110277,38.686944],[115.109875,38.686675],[115.105278,38.683611],[115.101389,38.679721],[115.096389,38.675834],[115.0925,38.672777],[115.088334,38.668889],[115.084445,38.665],[115.079445,38.661667],[115.074723,38.657778],[115.070556,38.653889],[115.065832,38.650833],[115.061666,38.646944],[115.056945,38.643611],[115.051945,38.640556],[115.047223,38.6375],[115.0425,38.634167],[115.0375,38.631111],[115.032776,38.628055],[115.028889,38.624721],[115.023889,38.621666],[115.019168,38.617778],[115.014168,38.614445],[115.011111,38.61],[115.007778,38.605278],[115.003889,38.601389],[115.000557,38.596667],[115.000001,38.595434],[115.000001,38.595432],[115,38.59543],[114.998056,38.591111],[114.994999,38.586667],[114.992499,38.581111],[114.990277,38.575555],[114.986944,38.570278],[114.984444,38.565],[114.981944,38.559444],[114.979722,38.554167],[114.977223,38.548611],[114.974722,38.543332],[114.971667,38.538611],[114.967499,38.533889],[114.963612,38.53],[114.958056,38.528333],[114.953889,38.524445],[114.94639,38.521389],[114.944948,38.521013],[114.940001,38.519723],[114.935277,38.5175],[114.934444,38.517223],[114.933889,38.516945]]}},{"type":"Feature","properties":{},"geometry":{"type":"LineString","coordinates":[[114.710278,38.612778],[114.713334,38.613056],[114.721389,38.613332],[114.730278,38.6125],[114.738333,38.612499],[114.746112,38.611389],[114.753889,38.610001],[114.760832,38.608056],[114.767779,38.60611],[114.774723,38.604167],[114.781667,38.602223],[114.789444,38.600834],[114.793664,38.599652],[114.796389,38.59889],[114.802221,38.596389],[114.808334,38.593889],[114.813333,38.590556],[114.819167,38.588056],[114.824167,38.584722],[114.829167,38.581666],[114.833055,38.577779],[114.83312,38.577713],[114.83312,38.577712],[114.836945,38.573888],[114.841111,38.570277],[114.84611,38.566944],[114.85,38.563056],[114.854723,38.560001],[114.86,38.556944],[114.865834,38.554167],[114.870834,38.551111],[114.876667,38.548334],[114.883611,38.546389],[114.889445,38.543889],[114.896389,38.541945],[114.902222,38.539444],[114.908333,38.536945],[114.913334,38.533611],[114.918054,38.530555],[114.923056,38.527223],[114.926945,38.523334],[114.931111,38.519723],[114.933889,38.516945]]}},{"type":"Feature","properties":{},"geometry":{"type":"LineString","coordinates":[[116.920556,38.724445],[116.92,38.720556],[116.918056,38.714444],[116.915556,38.709166],[116.912221,38.704444],[116.909798,38.699839],[116.909445,38.699167],[116.906111,38.694722],[116.902499,38.689999],[116.901745,38.689245],[116.898334,38.686111],[116.894167,38.6825],[116.890001,38.678612],[116.885833,38.674722],[116.881666,38.671111],[116.877498,38.667223],[116.873334,38.663332],[116.869167,38.659445],[116.864999,38.655833],[116.86,38.652777],[116.855834,38.648889],[116.852501,38.644444],[116.848055,38.640556],[116.844721,38.635834],[116.841389,38.631389],[116.838054,38.626667],[116.835278,38.621389],[116.832777,38.616111],[116.830277,38.610833],[116.828334,38.604445],[116.828057,38.598334],[116.828056,38.591945],[116.830001,38.586945],[116.832778,38.5825],[116.834722,38.577222],[116.837778,38.572777],[116.840555,38.568333],[116.843611,38.563889],[116.846388,38.559444],[116.849166,38.555],[116.852222,38.550279],[116.855,38.545834],[116.857777,38.541389],[116.860835,38.536944],[116.863611,38.5325],[116.865554,38.5275],[116.868334,38.522778],[116.870277,38.517778],[116.872223,38.512777],[116.874166,38.507778],[116.876111,38.5025],[116.877517,38.500249],[116.877561,38.500179],[116.877563,38.500178],[116.877674,38.5],[116.878889,38.498056],[116.880834,38.493056],[116.883611,38.488612],[116.885556,38.483333],[116.888332,38.478889],[116.890278,38.473888],[116.892222,38.468611],[116.895,38.464167],[116.896944,38.459167],[116.897032,38.458549],[116.897779,38.453333],[116.898889,38.447777],[116.899722,38.441944],[116.899723,38.435833],[116.899445,38.429444],[116.899444,38.423056],[116.899444,38.416944],[116.898333,38.41],[116.897223,38.403054],[116.896111,38.396111],[116.895001,38.389166],[116.89389,38.382222],[116.893436,38.379391]]}},{"type":"Feature","properties":{},"geometry":{"type":"LineString","coordinates":[[114.933889,38.516945],[114.928055,38.515556],[114.922223,38.513334],[114.916666,38.510832],[114.911111,38.508333],[114.905555,38.50611],[114.900555,38.502778],[114.895834,38.500277],[114.895778,38.500221],[114.895716,38.50016],[114.895556,38.5],[114.891946,38.496389],[114.887223,38.493332],[114.882223,38.490278],[114.8775,38.486389],[114.874166,38.482222],[114.869444,38.478611],[114.865277,38.474444],[114.860556,38.471388],[114.856666,38.4675],[114.8525,38.463611],[114.847777,38.460277],[114.845069,38.45775],[114.843611,38.45639],[114.839721,38.452499],[114.835557,38.448611],[114.831667,38.444722],[114.827778,38.441389],[114.823889,38.437499],[114.819722,38.433056],[114.816387,38.428333],[114.813333,38.423611],[114.809167,38.419722],[114.806111,38.415],[114.801944,38.411111],[114.798889,38.406389],[114.795,38.4025],[114.790001,38.399445],[114.784444,38.396111],[114.779723,38.393056],[114.773969,38.39059],[114.773889,38.390556],[114.769167,38.387499],[114.763612,38.385833],[114.758056,38.383333],[114.752501,38.380834],[114.747501,38.377777],[114.741111,38.375278],[114.735555,38.373056],[114.731389,38.369167],[114.726666,38.365834],[114.721111,38.363333],[114.715555,38.361111],[114.709166,38.359443],[114.704166,38.356111],[114.698611,38.354444],[114.693889,38.350555],[114.688888,38.3475],[114.684167,38.344167],[114.680277,38.340278],[114.676111,38.336389],[114.672222,38.3325],[114.671248,38.331526],[114.668334,38.328611],[114.663334,38.325277],[114.659444,38.321389],[114.656389,38.316668],[114.653056,38.312221],[114.65,38.307499],[114.645832,38.302777],[114.643148,38.298631],[114.642776,38.298057],[114.639446,38.293332],[114.636389,38.288888],[114.633057,38.284166],[114.630833,38.279444],[114.628611,38.273888],[114.626111,38.268611],[114.624446,38.262221],[114.622222,38.256944],[114.618887,38.251389],[114.61863,38.250245],[114.618614,38.250175],[114.618573,38.25],[114.6175,38.245278],[114.615832,38.239167],[114.613333,38.233611],[114.610278,38.228888],[114.608056,38.223611],[114.603889,38.219723],[114.599999,38.215833],[114.594999,38.211945],[114.591111,38.207777],[114.587221,38.203889],[114.582499,38.200834],[114.5775,38.196945],[114.573611,38.193056],[114.567778,38.190555],[114.563056,38.188056],[114.559167,38.183333],[114.554444,38.180277],[114.551111,38.175556],[114.547222,38.171111],[114.543889,38.16639],[114.540832,38.161667],[114.539353,38.158376],[114.538334,38.156111],[114.535278,38.151389],[114.532778,38.146111],[114.530556,38.140555],[114.527501,38.135833],[114.524166,38.131389],[114.520278,38.127222],[114.517665,38.12374],[114.516944,38.122777],[114.512223,38.118889],[114.508612,38.117499],[114.507223,38.114167],[114.503334,38.110278],[114.500001,38.108121],[114.5,38.10812],[114.498611,38.107222],[114.495279,38.1025],[114.492221,38.097777],[114.489166,38.093611],[114.486666,38.088333],[114.484445,38.082778],[114.482222,38.0775],[114.478889,38.071944],[114.477221,38.065833]]}},{"type":"Feature","properties":{},"geometry":{"type":"LineString","coordinates":[[111.416111,30.775834],[111.408611,30.773334],[111.403611,30.771944],[111.398611,30.769444],[111.396112,30.764446],[111.393611,30.759722],[111.386944,30.75861],[111.381389,30.760833],[111.377501,30.764445],[111.374444,30.768611],[111.372222,30.773611],[111.368889,30.777777],[111.361666,30.778889],[111.356111,30.776944],[111.351666,30.773334],[111.345278,30.771667],[111.340277,30.769723],[111.335277,30.766944],[111.330277,30.764167],[111.326111,30.760834],[111.321945,30.758334],[111.319445,30.753612],[111.317575,30.750246],[111.317514,30.750136],[111.317439,30.75],[111.316666,30.748611],[111.316667,30.742499],[111.317222,30.736112],[111.314881,30.732131],[111.314444,30.731388],[111.310278,30.727778],[111.306945,30.723889],[111.304999,30.718333],[111.304167,30.711944],[111.305556,30.706389],[111.306389,30.703611]]}},{"type":"Feature","properties":{},"geometry":{"type":"LineString","coordinates":[[111.264444,30.7125],[111.269343,30.711934],[111.271667,30.711666],[111.278056,30.71],[111.283896,30.708476],[111.284444,30.708333],[111.285632,30.708425],[111.291667,30.708889],[111.2975,30.706667],[111.303057,30.704445],[111.306389,30.703611]]}},{"type":"Feature","properties":{},"geometry":{"type":"LineString","coordinates":[[112.2025,31.066666],[112.201667,31.060834],[112.201944,31.054722],[112.2025,31.048334],[112.202931,31.043599],[112.203056,31.042222],[112.201944,31.035833],[112.202303,31.031704],[112.202501,31.029445],[112.203054,31.023333],[112.201111,31.016944],[112.199167,31.012222],[112.195833,31.008055],[112.192222,31.004166],[112.188055,31.000834],[112.187588,31.000249],[112.187586,31.000247],[112.187498,31.000137],[112.18739,31],[112.187389,30.999999],[112.184723,30.996666],[112.180555,30.993333],[112.176112,30.99],[112.175919,30.989872],[112.171112,30.986667],[112.166111,30.984166],[112.161111,30.982222],[112.155278,30.980278],[112.149722,30.978333],[112.143889,30.975833],[112.138888,30.973889],[112.132223,30.971943],[112.126389,30.970833],[112.120556,30.968888],[112.114166,30.967777],[112.108334,30.965834],[112.100834,30.964722],[112.095833,30.962777],[112.091111,30.960278],[112.085833,30.9575],[112.081667,30.954166],[112.076667,30.951667],[112.071666,30.948889],[112.065833,30.946944],[112.060277,30.945834],[112.054716,30.945627],[112.052778,30.945556],[112.046389,30.944166],[112.040556,30.9425],[112.03389,30.941111],[112.026667,30.940833],[112.018611,30.940277],[112.011944,30.939167],[112.005278,30.938055],[112,30.936908],[111.99889,30.936667],[111.99139,30.936389],[111.985,30.935278],[111.979954,30.934904],[111.9775,30.934722],[111.970278,30.935001],[111.963611,30.933055],[111.957222,30.931944],[111.950556,30.931388],[111.94389,30.929444],[111.938334,30.927777],[111.9325,30.925834],[111.926667,30.923889],[111.924736,30.923746],[111.919166,30.923333],[111.913611,30.925834],[111.907222,30.927223],[111.900834,30.928889],[111.893611,30.929722],[111.886112,30.929445],[111.880556,30.927501],[111.876944,30.924166],[111.873611,30.920001],[111.871667,30.914445],[111.869168,30.909722],[111.865,30.905834],[111.861389,30.902222],[111.857223,30.898334],[111.853889,30.895],[111.849444,30.890832],[111.846111,30.886667],[111.843611,30.882777],[111.840833,30.877778],[111.838334,30.873055],[111.837222,30.866111],[111.835277,30.860556],[111.834168,30.854444],[111.834016,30.853502],[111.833056,30.847499],[111.828056,30.845556],[111.821667,30.844444],[111.814999,30.8425],[111.814798,30.842453],[111.809167,30.841112],[111.801944,30.842221],[111.797223,30.845001],[111.791667,30.8475],[111.786943,30.851111],[111.779722,30.851945],[111.773055,30.850833],[111.769518,30.850244],[111.766389,30.849721],[111.761666,30.846944],[111.755834,30.845],[111.75,30.842499],[111.745001,30.840556],[111.74,30.837778],[111.734166,30.835278],[111.732101,30.834427],[111.729445,30.833334],[111.724166,30.830555],[111.719445,30.828056],[111.714445,30.825556],[111.709444,30.822778],[111.705834,30.818612],[111.702499,30.813889],[111.700556,30.809167],[111.698055,30.804167],[111.695277,30.79889],[111.692777,30.794722],[111.69,30.79],[111.6875,30.785],[111.684722,30.780277],[111.681389,30.776944],[111.678056,30.772778],[111.674444,30.768056],[111.671944,30.763889],[111.668612,30.76],[111.665,30.755834],[111.661667,30.751111],[111.66114,30.750231],[111.661079,30.750129],[111.661,30.75],[111.659167,30.746946],[111.655557,30.742777],[111.653056,30.738056],[111.649722,30.733889],[111.646944,30.729167],[111.644444,30.724444],[111.640001,30.720277],[111.636667,30.716389],[111.634723,30.710834],[111.631389,30.706668],[111.628888,30.701111],[111.626944,30.696389],[111.624444,30.69139],[111.6225,30.686111],[111.620556,30.680556],[111.61889,30.675],[111.616944,30.669444],[111.615,30.663889],[111.613333,30.657778]]}},{"type":"Feature","properties":{},"geometry":{"type":"LineString","coordinates":[[113.964444,31.291111],[113.964722,31.290277],[113.965,31.283889],[113.966111,31.278055],[113.968056,31.273056],[113.968889,31.2675],[113.970833,31.262501],[113.971322,31.259937],[113.971943,31.256667],[113.971417,31.250058],[113.971414,31.250031],[113.971412,31.25],[113.971389,31.249722],[113.970556,31.242777],[113.971667,31.237223],[113.970834,31.230278],[113.971111,31.223889],[113.971111,31.2175],[113.970554,31.210555],[113.969722,31.203612],[113.968333,31.1975],[113.966111,31.191945],[113.963056,31.1875],[113.959444,31.183334],[113.955833,31.179443],[113.951389,31.176389],[113.946944,31.173333],[113.9425,31.170001],[113.938332,31.166945],[113.933056,31.163889],[113.928611,31.161389],[113.924166,31.1575],[113.920554,31.153611],[113.916666,31.148889],[113.913888,31.144168],[113.912222,31.138056],[113.912501,31.131666],[113.913611,31.126112],[113.914722,31.120278],[113.916389,31.115277],[113.918069,31.111495],[113.918611,31.110277],[113.919444,31.104722],[113.920555,31.098889],[113.921667,31.093334],[113.922778,31.0875],[113.923611,31.081944],[113.924723,31.076111],[113.925556,31.067778],[113.925555,31.061389],[113.925834,31.055278],[113.926111,31.048888],[113.926111,31.0425],[113.926389,31.036112],[113.925555,31.029167],[113.924166,31.023056],[113.921945,31.016944],[113.920555,31.010833],[113.918334,31.005277],[113.917166,31.000146],[113.917152,31.000081],[113.917134,31],[113.916944,30.999167],[113.915277,30.993056],[113.914932,30.988733],[113.914722,30.986111],[113.913889,30.979167],[113.914167,30.972777],[113.914444,30.966389],[113.917222,30.961944],[113.921666,30.958889],[113.923916,30.957877],[113.927222,30.956389],[113.9325,30.953889],[113.939722,30.951944],[113.946944,30.950556],[113.954167,30.949444],[113.961388,30.948334],[113.968611,30.946944],[113.975833,30.945834],[113.983889,30.945],[113.991111,30.943055],[113.999168,30.9425],[113.999999,30.942372],[114.000001,30.942372],[114.00639,30.941389],[114.013056,30.942222],[114.020278,30.942221],[114.027778,30.9425],[114.034444,30.943334],[114.040834,30.944166],[114.0475,30.945277],[114.054167,30.946111],[114.060833,30.946944],[114.0675,30.947778],[114.074166,30.948611],[114.082221,30.948056],[114.090277,30.9475],[114.098334,30.946944],[114.106389,30.946112],[114.11361,30.945],[114.12,30.943055],[114.125555,30.940555],[114.131666,30.938611],[114.137222,30.936111],[114.142778,30.933611],[114.148889,30.931666],[114.154444,30.929167],[114.15789,30.927171],[114.159722,30.92611],[114.164444,30.922778],[114.168889,30.919723],[114.173612,30.916666],[114.178056,30.912777],[114.1825,30.909723],[114.187222,30.906389],[114.190833,30.902777],[114.194444,30.898888],[114.198056,30.894999],[114.201667,30.891388],[114.205556,30.8875],[114.209167,30.88361],[114.212778,30.879999],[114.216667,30.87611],[114.217728,30.87505],[114.220278,30.8725],[114.223889,30.868611],[114.227501,30.864722],[114.232222,30.861668],[114.235833,30.857777],[114.240278,30.854722],[114.243888,30.850833],[114.249445,30.847778],[114.252221,30.843889],[114.255834,30.840278],[114.259722,30.836389],[114.263332,30.8325],[114.266945,30.828889],[114.269722,30.824444],[114.2725,30.82],[114.276112,30.816112],[114.280833,30.813055],[114.28361,30.808611],[114.287222,30.804723],[114.286388,30.797779],[114.289166,30.793612],[114.291111,30.787778],[114.29389,30.783333],[114.296666,30.778889],[114.300277,30.775001],[114.303054,30.770556],[114.306666,30.76611],[114.310278,30.7625],[114.315,30.759166],[114.317434,30.757493],[114.319443,30.756111],[114.322223,30.751667],[114.323546,30.750243],[114.323646,30.750134],[114.323769,30.75],[114.325834,30.747777],[114.329723,30.744167],[114.3325,30.739722],[114.335278,30.735278],[114.338889,30.731388],[114.341667,30.726944],[114.344444,30.722778],[114.345278,30.716944],[114.346389,30.711389],[114.346666,30.705],[114.345,30.698055],[114.343611,30.691943],[114.342778,30.685],[114.342356,30.683947],[114.340554,30.679444],[114.3375,30.675001],[114.335888,30.672257],[114.334722,30.670278],[114.331111,30.66639],[114.328056,30.661667],[114.324445,30.657778],[114.320834,30.653889],[114.317778,30.649167],[114.314166,30.645278],[114.311111,30.640556],[114.307499,30.636666],[114.303888,30.632779],[114.302777,30.63]]}},{"type":"Feature","properties":{},"geometry":{"type":"LineString","coordinates":[[111.306389,30.703611],[111.306945,30.700834],[111.309168,30.695833],[111.311389,30.690833],[111.314445,30.686667],[111.318334,30.683056],[111.321389,30.678055],[111.326111,30.675278],[111.330834,30.672222],[111.33639,30.669444],[111.341111,30.667222],[111.348611,30.666111],[111.355834,30.666111],[111.363055,30.665],[111.368611,30.663611],[111.374166,30.66139],[111.378889,30.658333],[111.383055,30.654722],[111.386944,30.651112],[111.39,30.646945],[111.392925,30.64269],[111.393056,30.6425],[111.396943,30.638889],[111.399394,30.637448],[111.401667,30.636112],[111.406389,30.633056],[111.412777,30.630833],[111.420833,30.630556],[111.428055,30.629722],[111.435555,30.630278],[111.442778,30.630833],[111.449999,30.631111],[111.458056,30.630833],[111.466111,30.63],[111.466176,30.629993],[111.473611,30.629167],[111.479167,30.627499],[111.487222,30.627222],[111.493056,30.629167],[111.498612,30.631112],[111.5,30.631651],[111.503612,30.633056],[111.508611,30.635832],[111.51361,30.638333],[111.518611,30.641112],[111.525,30.643055],[111.530834,30.644167],[111.537221,30.645278],[111.544445,30.644444],[111.550277,30.642221],[111.558334,30.641944],[111.565555,30.6425],[111.572222,30.643611],[111.578611,30.644722],[111.585278,30.646111],[111.591667,30.647778],[111.5975,30.649166],[111.6025,30.651667],[111.607501,30.654444],[111.613333,30.657778]]}},{"type":"Feature","properties":{},"geometry":{"type":"LineString","coordinates":[[114.302777,30.63],[114.295,30.629722],[114.287777,30.629722],[114.28111,30.628889],[114.274445,30.628056],[114.268611,30.626389],[114.263611,30.623889],[114.2575,30.6225],[114.251667,30.620834],[114.247656,30.619687],[114.245833,30.619166],[114.239168,30.618334],[114.233333,30.616666],[114.226667,30.615834],[114.220833,30.614166],[114.215,30.6125],[114.21,30.610277],[114.201944,30.606666]]}},{"type":"Feature","properties":{},"geometry":{"type":"LineString","coordinates":[[114.201944,30.606666],[114.198056,30.6075],[114.189722,30.607501],[114.181944,30.608889],[114.174445,30.608612],[114.167222,30.608611],[114.160556,30.606944],[114.153332,30.6075],[114.146667,30.606666],[114.139444,30.606389],[114.131111,30.607221],[114.130556,30.607221],[114.125555,30.60611],[114.118055,30.606111],[114.110834,30.606667],[114.102777,30.606389],[114.094722,30.607221],[114.086667,30.607777],[114.078611,30.608334],[114.070556,30.609722],[114.062501,30.610278],[114.055278,30.611389],[114.048057,30.612222],[114.041667,30.613889],[114.035556,30.615833],[114.03,30.619166],[114.024722,30.621666],[114.018333,30.624166],[114.013889,30.627221],[114.008333,30.629722],[114.003056,30.632223],[114.000001,30.63348],[113.999999,30.63348],[113.998333,30.634167],[113.993889,30.637778],[113.990278,30.641666],[113.986388,30.645556],[113.982779,30.649167],[113.979167,30.653057],[113.976389,30.6575],[113.9725,30.661111],[113.969722,30.665555],[113.966111,30.669443],[113.963333,30.673056],[113.959722,30.6775],[113.956111,30.681944],[113.9525,30.685834],[113.949443,30.689444],[113.945832,30.693333],[113.942222,30.696945],[113.940407,30.699848],[113.939444,30.701389],[113.936666,30.705834],[113.934722,30.710278],[113.932501,30.715278],[113.93,30.720278],[113.927222,30.725555],[113.924445,30.729167],[113.921389,30.733612],[113.919358,30.737471],[113.919087,30.737985],[113.918611,30.73889],[113.916943,30.743889],[113.913889,30.747501],[113.911032,30.75],[113.910934,30.750087],[113.910855,30.750156],[113.909445,30.751388],[113.906986,30.754585],[113.906666,30.754999],[113.90389,30.759445],[113.9,30.7625],[113.896389,30.766389],[113.893611,30.770834],[113.88889,30.774444],[113.885277,30.778333],[113.880834,30.782777],[113.878056,30.786666],[113.872499,30.788333],[113.867777,30.791389],[113.858889,30.797777],[113.854166,30.800833],[113.849722,30.804167],[113.846945,30.807779],[113.843056,30.812223],[113.839444,30.816111],[113.835834,30.819722],[113.832222,30.823611],[113.826667,30.826667],[113.821112,30.828611],[113.815833,30.831111],[113.811111,30.834167],[113.805833,30.836667],[113.799444,30.839444],[113.792222,30.839722],[113.784999,30.841112],[113.777779,30.843056],[113.771667,30.845],[113.765278,30.846111],[113.758055,30.848056],[113.750833,30.849167],[113.746691,30.850427],[113.744443,30.85111],[113.736944,30.850278],[113.730833,30.852221],[113.725278,30.855278],[113.719167,30.858611],[113.714445,30.861111],[113.711944,30.863613],[113.711112,30.864444]]}},{"type":"Feature","properties":{},"geometry":{"type":"LineString","coordinates":[[114.302777,30.63],[114.301666,30.6275],[114.299722,30.622501],[114.2975,30.619166],[114.29389,30.615278],[114.290834,30.610833],[114.288889,30.605278],[114.285834,30.600556],[114.28361,30.595277],[114.279166,30.591944],[114.276388,30.587501],[114.273334,30.582777],[114.271945,30.575833],[114.268056,30.571111],[114.264832,30.567638],[114.264445,30.567222],[114.260834,30.564722],[114.258055,30.560278],[114.253611,30.556944],[114.250629,30.553963],[114.247222,30.550556],[114.241668,30.543334]]}},{"type":"Feature","properties":{},"geometry":{"type":"LineString","coordinates":[[114.201944,30.606666],[114.205834,30.606111],[114.211389,30.603612],[114.215832,30.600556],[114.219722,30.5975],[114.222501,30.593056],[114.224444,30.588056],[114.226389,30.583611],[114.228333,30.578611],[114.228403,30.578121],[114.229167,30.572777],[114.231112,30.567778],[114.236667,30.558334],[114.238332,30.550555],[114.241668,30.543334]]}},{"type":"Feature","properties":{},"geometry":{"type":"LineString","coordinates":[[114.241668,30.543334],[114.243889,30.542222],[114.248575,30.540913],[114.253334,30.539722],[114.257222,30.539166]]}},{"type":"Feature","properties":{},"geometry":{"type":"LineString","coordinates":[[114.297222,30.561667],[114.298055,30.556111],[114.297223,30.549166],[114.296897,30.545092],[114.296667,30.542222],[114.295554,30.535]]}},{"type":"Feature","properties":{},"geometry":{"type":"LineString","coordinates":[[114.257222,30.539166],[114.264722,30.539443],[114.274445,30.539167],[114.274536,30.539148],[114.283888,30.537222],[114.289604,30.536133],[114.289606,30.536134],[114.295554,30.535]]}},{"type":"Feature","properties":{},"geometry":{"type":"LineString","coordinates":[[114.467777,30.534167],[114.464166,30.535833],[114.458612,30.538334],[114.454167,30.541389],[114.450556,30.545278],[114.447778,30.549722],[114.446111,30.554722],[114.443056,30.559167],[114.442223,30.565],[114.440278,30.57],[114.439445,30.576389],[114.439445,30.582778],[114.438333,30.588333],[114.4375,30.594166],[114.434723,30.598611],[114.431944,30.603055],[114.428334,30.606666],[114.424722,30.610556],[114.419999,30.613889],[114.415556,30.616944],[114.410278,30.619444],[114.403056,30.620834],[114.395834,30.620834],[114.388333,30.620556],[114.381667,30.619723],[114.375833,30.618055],[114.370833,30.615833],[114.365556,30.613334],[114.360279,30.61111],[114.3575,30.609722],[114.355279,30.608611],[114.350279,30.60639],[114.345832,30.603334],[114.343055,30.600556],[114.337777,30.598332],[114.333333,30.595],[114.328332,30.592777],[114.324444,30.588889],[114.320834,30.585001],[114.317222,30.581112],[114.313611,30.577223],[114.309166,30.574166],[114.304722,30.570833],[114.300277,30.567777],[114.295834,30.564722],[114.297222,30.561667]]}},{"type":"Feature","properties":{},"geometry":{"type":"LineString","coordinates":[[114.238333,30.509167],[114.240832,30.513333],[114.243611,30.518056],[114.247223,30.522779],[114.250001,30.526666],[114.253611,30.53],[114.255556,30.535556],[114.256212,30.536975],[114.257222,30.539166]]}},{"type":"Feature","properties":{},"geometry":{"type":"LineString","coordinates":[[114.238333,30.509167],[114.234999,30.511668],[114.232221,30.516111],[114.230278,30.521111],[114.230833,30.526667],[114.232222,30.532778],[114.236111,30.536667],[114.238409,30.540576],[114.238889,30.541389],[114.241668,30.543334]]}},{"type":"Feature","properties":{},"geometry":{"type":"LineString","coordinates":[[114.179721,30.460556],[114.1825,30.465278],[114.185278,30.470278],[114.188611,30.474167],[114.192221,30.478056],[114.195833,30.482222],[114.199999,30.485277],[114.205001,30.488611],[114.209445,30.491111],[114.215278,30.493612],[114.220278,30.496111],[114.225278,30.49861],[114.227778,30.5],[114.22778,30.500001],[114.228041,30.500146],[114.228252,30.500264],[114.228253,30.500265],[114.230278,30.501389],[114.234722,30.504444],[114.238333,30.509167]]}},{"type":"Feature","properties":{},"geometry":{"type":"LineString","coordinates":[[114.294166,30.453334],[114.299166,30.455833],[114.301171,30.456836],[114.302923,30.462927],[114.308188,30.469771],[114.313611,30.474788],[114.318903,30.475276],[114.325517,30.475052],[114.330332,30.471037],[114.334263,30.465277],[114.34043,30.460852],[114.348205,30.458416],[114.358111,30.459548],[114.361111,30.460833],[114.366112,30.462501],[114.371112,30.464999],[114.37611,30.467779],[114.381945,30.469445],[114.387778,30.471111],[114.39361,30.473056],[114.399444,30.475556],[114.404444,30.478612],[114.408055,30.481944],[114.411389,30.486112],[114.415,30.49],[114.415295,30.490317],[114.418612,30.493889],[114.419658,30.495257],[114.422223,30.498611],[114.423149,30.5],[114.423199,30.500076],[114.42324,30.500138],[114.423241,30.500139],[114.425001,30.502778],[114.428333,30.506666],[114.434167,30.509166],[114.441389,30.508056],[114.447222,30.51],[114.452501,30.513056],[114.455833,30.516389],[114.459445,30.520277],[114.462222,30.525],[114.465,30.529723],[114.467777,30.534167]]}},{"type":"Feature","properties":{},"geometry":{"type":"LineString","coordinates":[[114.295554,30.535],[114.295,30.528333],[114.294166,30.521389],[114.294329,30.517688],[114.294445,30.515],[114.294161,30.512641],[114.293611,30.508055],[114.29361,30.501666],[114.293498,30.500258],[114.293488,30.500142],[114.293477,30.5],[114.293056,30.494722],[114.292222,30.489167],[114.292499,30.483056],[114.292499,30.476667],[114.293611,30.471111],[114.29361,30.464723],[114.294445,30.458889],[114.294166,30.453334]]}},{"type":"Feature","properties":{},"geometry":{"type":"LineString","coordinates":[[114.294166,30.453334],[114.293056,30.445],[114.293055,30.438888],[114.293334,30.4325],[114.293334,30.426111],[114.292499,30.419166],[114.291666,30.412222],[114.291945,30.405833],[114.291111,30.398889],[114.291111,30.392778],[114.290554,30.385833],[114.291111,30.380277]]}},{"type":"Feature","properties":{},"geometry":{"type":"LineString","coordinates":[[114.277221,30.3975],[114.278889,30.392222],[114.282778,30.388612],[114.286389,30.384721],[114.29,30.380833],[114.291111,30.380277]]}},{"type":"Feature","properties":{},"geometry":{"type":"LineString","coordinates":[[114.291111,30.380277],[114.291666,30.373888],[114.291666,30.366667]]}},{"type":"Feature","properties":{},"geometry":{"type":"LineString","coordinates":[[114.265277,30.371943],[114.2725,30.370556],[114.279722,30.369166],[114.286666,30.367778],[114.291666,30.366667]]}},{"type":"Feature","properties":{},"geometry":{"type":"LineString","coordinates":[[114.291666,30.366667],[114.291666,30.361111],[114.292777,30.355556],[114.292777,30.349168],[114.292008,30.343006],[114.291946,30.342499]]}},{"type":"Feature","properties":{},"geometry":{"type":"LineString","coordinates":[[114.291946,30.342499],[114.291945,30.342222],[114.290554,30.336111],[114.289445,30.331389]]}},{"type":"Feature","properties":{},"geometry":{"type":"LineString","coordinates":[[114.330279,30.328612],[114.325001,30.331111],[114.321111,30.335],[114.316666,30.338054],[114.312222,30.341389],[114.307959,30.343395],[114.306674,30.343396],[114.303761,30.343509],[114.299444,30.343611],[114.291946,30.342499]]}},{"type":"Feature","properties":{},"geometry":{"type":"LineString","coordinates":[[114.863889,30.325834],[114.863889,30.327499],[114.864723,30.334444],[114.863612,30.340277],[114.863611,30.346389],[114.8625,30.352222],[114.862499,30.358611],[114.861665,30.364167],[114.860556,30.37],[114.859721,30.375555],[114.858611,30.381389],[114.856946,30.38639],[114.854166,30.390834],[114.85265,30.392467],[114.850556,30.394722],[114.846945,30.398334],[114.843333,30.402222],[114.837222,30.404167],[114.831666,30.406666],[114.828056,30.410555],[114.824446,30.414444],[114.82,30.4175],[114.816389,30.421388],[114.813611,30.425834],[114.811112,30.430279],[114.808332,30.434723],[114.806389,30.439722],[114.802778,30.443612],[114.8,30.448055],[114.797222,30.4525],[114.794722,30.456945],[114.792778,30.461945],[114.791944,30.467778],[114.791667,30.473888],[114.789999,30.479166],[114.788888,30.484722],[114.787223,30.489722],[114.783612,30.49361],[114.780001,30.4975],[114.777678,30.5],[114.777542,30.500146],[114.777435,30.500262],[114.777434,30.500262],[114.776388,30.501389],[114.775956,30.501669],[114.771667,30.504444],[114.768056,30.508333],[114.763612,30.511389],[114.758333,30.514166],[114.751944,30.516111],[114.745556,30.518056],[114.740278,30.520554],[114.734167,30.522499],[114.726945,30.523889],[114.719723,30.525001],[114.713334,30.526945],[114.706389,30.528334],[114.7,30.530278],[114.696503,30.530527],[114.693143,30.530709],[114.689525,30.530936],[114.684539,30.531118],[114.677404,30.531526],[114.670834,30.531389],[114.66361,30.531389],[114.656945,30.530556],[114.649723,30.530555],[114.643055,30.529722],[114.636389,30.528888],[114.630556,30.527223],[114.623889,30.526389],[114.617222,30.525555],[114.611389,30.52389],[114.605556,30.522221],[114.600556,30.519999],[114.595278,30.517778],[114.590279,30.515277],[114.584167,30.513611],[114.578332,30.511945],[114.572499,30.510556],[114.565278,30.510278],[114.557778,30.510278],[114.553013,30.509657],[114.551389,30.509445],[114.544167,30.510833],[114.536666,30.510832],[114.530555,30.512778],[114.524167,30.514722],[114.524102,30.514753],[114.51889,30.517222],[114.5125,30.519168],[114.506388,30.521112],[114.5,30.523056],[114.492777,30.524166],[114.486667,30.52611],[114.480277,30.528055],[114.475,30.530832],[114.469445,30.533333],[114.467777,30.534167]]}},{"type":"Feature","properties":{},"geometry":{"type":"LineString","coordinates":[[114.272221,30.323611],[114.276666,30.326667],[114.280833,30.329722],[114.286945,30.332221],[114.289445,30.331389]]}},{"type":"Feature","properties":{},"geometry":{"type":"LineString","coordinates":[[111.613333,30.657778],[111.611389,30.652779],[111.609444,30.648055],[111.606944,30.6425],[111.606492,30.64173],[111.604167,30.637777],[111.602499,30.632223],[111.599723,30.6275],[111.598055,30.621944],[111.596111,30.616389],[111.594167,30.610833],[111.5925,30.606111],[111.59139,30.599722],[111.589444,30.594166],[111.589167,30.587223],[111.58889,30.580279],[111.588611,30.573333],[111.586667,30.566389],[111.585,30.561667],[111.58389,30.556111],[111.582778,30.55],[111.581111,30.544445],[111.58,30.538056],[111.578889,30.531111],[111.577778,30.525557],[111.576112,30.52],[111.575555,30.513055],[111.574722,30.506944],[111.573611,30.500556],[111.573464,30.500132],[111.573443,30.500074],[111.573418,30.5],[111.571666,30.494999],[111.570001,30.488888],[111.569444,30.481944],[111.567778,30.475834],[111.5675,30.469444],[111.566388,30.463888],[111.566111,30.456944],[111.564166,30.451389],[111.563334,30.445278],[111.562222,30.438889],[111.560278,30.433333],[111.556945,30.429444],[111.551945,30.426111],[111.547777,30.423333],[111.545277,30.418612],[111.541666,30.413889],[111.542222,30.407501],[111.545277,30.403333],[111.546418,30.40203],[111.549166,30.398889],[111.552222,30.394723],[111.554445,30.390556],[111.555495,30.388836],[111.557501,30.385555],[111.558889,30.380555],[111.557778,30.374166],[111.556111,30.368611],[111.558334,30.363889],[111.560556,30.358333],[111.562778,30.353889],[111.564999,30.348889],[111.56639,30.343333],[111.56861,30.338334],[111.569166,30.332777],[111.568055,30.326667],[111.566389,30.32111],[111.562778,30.316945],[111.559445,30.312779],[111.55611,30.308889],[111.552778,30.304722],[111.547777,30.301389],[111.543611,30.298888],[111.540277,30.298889],[111.536112,30.295556],[111.53111,30.292777],[111.527777,30.288611],[111.522777,30.286111],[111.522149,30.285796],[111.517778,30.283611],[111.513611,30.28],[111.509722,30.276667],[111.505277,30.273333],[111.500556,30.270834],[111.5,30.270389],[111.496389,30.2675],[111.492223,30.263332],[111.489449,30.259174],[111.489445,30.259167],[111.487777,30.25361],[111.488676,30.250024],[111.488679,30.250013],[111.488682,30.25],[111.489167,30.248056],[111.49,30.246111]]}},{"type":"Feature","properties":{},"geometry":{"type":"LineString","coordinates":[[114.788055,30.174444],[114.791944,30.170555],[114.795278,30.166945],[114.79889,30.163056],[114.803611,30.159722],[114.808057,30.156667],[114.810833,30.155555]]}},{"type":"Feature","properties":{},"geometry":{"type":"LineString","coordinates":[[114.786111,30.143889],[114.790834,30.140556],[114.795277,30.1375],[114.799722,30.134168],[114.804166,30.131112],[114.807778,30.127221],[114.809166,30.127222]]}},{"type":"Feature","properties":{},"geometry":{"type":"LineString","coordinates":[[111.49,30.246111],[111.496945,30.199167],[111.494723,30.185833],[111.494378,30.183941],[111.493611,30.179722],[111.491667,30.174167],[111.49,30.168611],[111.488057,30.163056],[111.485556,30.158334],[111.48361,30.152779],[111.48111,30.147222],[111.480191,30.145656],[111.478333,30.142501],[111.476667,30.136944],[111.476388,30.13],[111.476946,30.123611],[111.475833,30.116667],[111.476315,30.111364],[111.476389,30.110556],[111.477779,30.105],[111.479167,30.099166],[111.481387,30.094444],[111.482779,30.088611],[111.484168,30.083056],[111.486389,30.07889]]}},{"type":"Feature","properties":{},"geometry":{"type":"LineString","coordinates":[[111.375555,30.128888],[111.379444,30.125278],[111.383333,30.122222],[111.386396,30.12042],[111.388055,30.119444],[111.393611,30.117222],[111.398334,30.113611],[111.405555,30.1125],[111.411943,30.111111],[111.418334,30.109444],[111.425556,30.10861],[111.431944,30.106945],[111.438333,30.105278],[111.444723,30.10389],[111.451944,30.102778],[111.458333,30.101389],[111.465557,30.100277],[111.466506,30.100485],[111.471944,30.101667],[111.476667,30.098612],[111.479722,30.093611],[111.481946,30.089444],[111.480833,30.083056],[111.478332,30.078334],[111.474832,30.076583],[111.473334,30.075834],[111.466944,30.074444],[111.461944,30.071944],[111.458611,30.067778],[111.461667,30.063611],[111.468056,30.061945],[111.471944,30.0625]]}},{"type":"Feature","properties":{},"geometry":{"type":"LineString","coordinates":[[114.724444,29.989723],[114.723759,29.994292],[114.723612,29.995279],[114.725001,30.000001],[114.725212,30.000146],[114.725385,30.000265],[114.729445,30.003056],[114.729783,30.003225],[114.729784,30.003225],[114.734444,30.005555],[114.739723,30.007778],[114.743889,30.01111],[114.747778,30.015],[114.751944,30.018056],[114.752423,30.018536],[114.755833,30.021944],[114.759445,30.025833],[114.763056,30.029722],[114.766944,30.033611],[114.769722,30.038056],[114.773612,30.041944],[114.776389,30.046667],[114.779445,30.051389],[114.781667,30.056667],[114.784722,30.061389],[114.787499,30.066111],[114.789999,30.071389],[114.79139,30.077501],[114.793611,30.083056],[114.795833,30.088334],[114.798889,30.093056],[114.801111,30.098334],[114.803333,30.103889],[114.805556,30.109166],[114.807222,30.115556],[114.808055,30.122222],[114.809166,30.127222]]}},{"type":"Feature","properties":{},"geometry":{"type":"LineString","coordinates":[[114.289445,30.331389],[114.291944,30.326944],[114.294721,30.322499],[114.297501,30.318054],[114.300279,30.313611],[114.303056,30.309166],[114.305834,30.304722],[114.306667,30.298889],[114.307777,30.293333],[114.308611,30.287779],[114.309723,30.281944],[114.310554,30.276389],[114.311666,30.270555],[114.313611,30.265555],[114.314445,30.259722],[114.314982,30.257028],[114.315554,30.254166],[114.316144,30.250248],[114.31616,30.250137],[114.316179,30.25],[114.316389,30.248611],[114.316666,30.242222],[114.315834,30.235277],[114.315,30.228334],[114.315,30.221945],[114.314291,30.216037],[114.314166,30.215001],[114.313611,30.208055],[114.311944,30.201944],[114.309722,30.196667],[114.308334,30.190279],[114.306111,30.185],[114.304445,30.178889],[114.303888,30.171945],[114.303889,30.165556],[114.303888,30.159167],[114.304167,30.152778],[114.304166,30.146666],[114.304445,30.140277],[114.303611,30.134722],[114.305556,30.129722],[114.307499,30.124722],[114.308334,30.118889],[114.310278,30.113889],[114.311389,30.108332],[114.312222,30.1025],[114.314166,30.0975],[114.316111,30.0925],[114.317029,30.089745],[114.317778,30.0875],[114.318889,30.081666],[114.320555,30.076666],[114.3225,30.071667],[114.324445,30.066667],[114.327222,30.062222],[114.33,30.057778],[114.331667,30.0525],[114.333612,30.0475],[114.335555,30.0425],[114.338055,30.038055],[114.338975,30.03569],[114.34,30.033056],[114.341944,30.028056],[114.342536,30.026534],[114.343889,30.023056],[114.34639,30.018612],[114.3475,30.012778],[114.348333,30.007221],[114.348777,30.004888],[114.349444,30.001389],[114.349678,30.000224],[114.349698,30.000124],[114.349723,30],[114.350556,29.995833],[114.350555,29.989445],[114.349722,29.9825],[114.3475,29.977222],[114.346111,29.970834],[114.345278,29.963889],[114.344723,29.958333],[114.344723,29.952222],[114.344723,29.945833],[114.345833,29.940278],[114.345,29.933332],[114.343611,29.926944],[114.339722,29.923056],[114.336944,29.918611],[114.333333,29.914722],[114.329723,29.910834],[114.325278,29.9075],[114.320834,29.904444],[114.31639,29.901388],[114.311944,29.898055],[114.307778,29.895001],[114.303334,29.891944],[114.298056,29.889445],[114.293889,29.886389],[114.288611,29.884167],[114.284166,29.880833],[114.279166,29.878611],[114.274723,29.875556],[114.270557,29.872222],[114.266111,29.869167],[114.261667,29.866111],[114.257222,29.862777],[114.253056,29.859722],[114.248611,29.856666],[114.243611,29.854167],[114.239167,29.85111],[114.234721,29.848056],[114.229722,29.845556],[114.225503,29.843779],[114.224444,29.843334],[114.220278,29.84],[114.215,29.837777],[114.209999,29.835278],[114.205556,29.832222],[114.200556,29.829723],[114.195279,29.8275],[114.190833,29.824167],[114.185834,29.821945],[114.180834,29.819444],[114.17639,29.816389],[114.171389,29.813889],[114.166945,29.810834],[114.161944,29.808611],[114.1575,29.805278],[114.152501,29.803056],[114.148056,29.8],[114.142778,29.7975],[114.138612,29.794445],[114.133333,29.791945],[114.129167,29.788889],[114.123889,29.786389],[114.118889,29.784167],[114.113889,29.781667],[114.108611,29.779444],[114.102778,29.777779],[114.096945,29.776111],[114.091111,29.774444],[114.085556,29.772779],[114.078889,29.771389],[114.072222,29.770277],[114.066388,29.768889],[114.06,29.768056],[114.054167,29.766389],[114.048333,29.764722],[114.042499,29.763056],[114.035834,29.761388],[114.029999,29.76],[114.024168,29.758333],[114.018333,29.756667],[114.013576,29.754288],[114.013333,29.754167],[114.0075,29.7525],[114.002499,29.750277],[114.001953,29.750005],[114.00195,29.750003],[114.001944,29.75],[114.001943,29.749999],[114.000001,29.749028],[114,29.749028],[113.9975,29.747778],[113.991667,29.74611],[113.985832,29.744722],[113.980556,29.742223],[113.974722,29.740556],[113.969722,29.738055],[113.963889,29.736666],[113.958889,29.734166],[113.953889,29.731667],[113.948612,29.729444],[113.944444,29.726389],[113.939166,29.72389],[113.934723,29.720834],[113.930554,29.7175],[113.925278,29.715277],[113.920277,29.712778],[113.916112,29.709722],[113.910833,29.707222],[113.905834,29.705],[113.900833,29.702499],[113.895,29.700833],[113.889166,29.699166],[113.883333,29.697499],[113.878333,29.695278],[113.8725,29.693611],[113.867223,29.691111],[113.863056,29.688056],[113.858611,29.685],[113.855,29.681111],[113.851388,29.677222],[113.847778,29.673334],[113.844722,29.668611],[113.841111,29.664722],[113.836944,29.661389],[113.831667,29.659167],[113.826667,29.656667],[113.821667,29.654444],[113.815833,29.652778],[113.81,29.651112],[113.805,29.648611],[113.799722,29.64639],[113.794168,29.644723],[113.789722,29.641389],[113.785278,29.638334],[113.781111,29.635279],[113.7775,29.631112],[113.773612,29.627499],[113.77,29.623333],[113.766389,29.619444],[113.762777,29.615555],[113.76,29.611111],[113.757777,29.605555],[113.755,29.600834],[113.751944,29.596111],[113.748333,29.592223],[113.747606,29.59144],[113.744723,29.588333],[113.740278,29.585278],[113.736111,29.581945],[113.731112,29.579721],[113.726666,29.576666],[113.722223,29.573333],[113.717223,29.571111],[113.712777,29.567778],[113.708611,29.564723],[113.704166,29.561389],[113.699723,29.558334],[113.698125,29.557162],[113.695554,29.555278],[113.691111,29.551945],[113.68611,29.549722],[113.681666,29.546389],[113.676666,29.544166],[113.67123,29.542536],[113.670876,29.542416],[113.666388,29.539445],[113.661388,29.536945],[113.656389,29.533889],[113.651389,29.531389],[113.646111,29.529166],[113.641111,29.526667],[113.636667,29.523611],[113.630834,29.52111],[113.625834,29.518611],[113.620833,29.516388],[113.614999,29.514723],[113.609999,29.512222]]}},{"type":"Feature","properties":{},"geometry":{"type":"LineString","coordinates":[[113.587222,29.518334],[113.5925,29.515834],[113.598889,29.513889],[113.609999,29.512222]]}},{"type":"Feature","properties":{},"geometry":{"type":"LineString","coordinates":[[113.343889,29.571667],[113.341667,29.565001],[113.341389,29.558612],[113.343055,29.553333],[113.345555,29.549445],[113.348611,29.545556],[113.351944,29.541667],[113.356388,29.538056],[113.360555,29.534722],[113.364444,29.530557],[113.366944,29.526666],[113.369444,29.522222],[113.371944,29.517778],[113.373334,29.511666],[113.373889,29.506667],[113.375001,29.502778]]}},{"type":"Feature","properties":{},"geometry":{"type":"LineString","coordinates":[[113.453056,29.478888],[113.449167,29.478611],[113.442222,29.48],[113.435,29.481111],[113.428889,29.483056],[113.422499,29.484999],[113.416389,29.486667],[113.410833,29.489166],[113.404722,29.491111],[113.399444,29.493612],[113.393889,29.496112],[113.387777,29.498056],[113.383673,29.5],[113.38345,29.500106],[113.383269,29.500192],[113.383267,29.500193],[113.3825,29.500556],[113.375001,29.502778]]}},{"type":"Feature","properties":{},"geometry":{"type":"LineString","coordinates":[[113.609999,29.512222],[113.605,29.51],[113.604721,29.51],[113.599167,29.508333],[113.593332,29.506666],[113.587501,29.504167],[113.581666,29.5025],[113.575833,29.501111],[113.57241,29.500133],[113.572202,29.500074],[113.571944,29.5],[113.57,29.499444],[113.563611,29.498611],[113.557777,29.496945],[113.551944,29.495001],[113.545556,29.494167],[113.539722,29.4925],[113.533889,29.491112],[113.528054,29.489167],[113.522222,29.487777],[113.516389,29.486111],[113.510834,29.484444],[113.504166,29.483334],[113.5,29.482143],[113.498334,29.481667],[113.492777,29.480277],[113.485278,29.479445],[113.478888,29.478333],[113.471667,29.478334],[113.465,29.477499],[113.457222,29.478055],[113.453056,29.478888]]}},{"type":"Feature","properties":{},"geometry":{"type":"LineString","coordinates":[[113.157279,29.402186],[113.161112,29.403889],[113.165277,29.407222],[113.169723,29.410277],[113.174722,29.412778],[113.179166,29.415833],[113.184166,29.418333],[113.186153,29.419791],[113.188333,29.421389],[113.193611,29.423889],[113.197778,29.426944],[113.202222,29.430279],[113.20639,29.433333],[113.210833,29.436667],[113.214443,29.440556],[113.218055,29.444446],[113.222222,29.4475],[113.225833,29.451667],[113.229444,29.455556],[113.233056,29.459444],[113.236666,29.463333],[113.240278,29.467223],[113.243889,29.471111],[113.246668,29.475834],[113.250279,29.479721],[113.253334,29.484444],[113.256944,29.488333],[113.261111,29.491389],[113.266111,29.493889],[113.271111,29.496388],[113.276388,29.498612],[113.281016,29.5],[113.281018,29.500001],[113.281504,29.500146],[113.281899,29.500264],[113.281902,29.500265],[113.281945,29.500278],[113.287777,29.501945],[113.294445,29.503056],[113.300278,29.504722],[113.305833,29.506389],[113.3125,29.507221],[113.318887,29.508056],[113.325554,29.508888],[113.332778,29.509167],[113.340834,29.508612],[113.348612,29.508056],[113.355834,29.506667],[113.362777,29.505556],[113.37,29.504167],[113.374353,29.502957],[113.375001,29.502778]]}},{"type":"Feature","properties":{},"geometry":{"type":"LineString","coordinates":[[113.14,29.434722],[113.136389,29.430833],[113.1375,29.425278],[113.140278,29.420834],[113.143056,29.416389],[113.1475,29.413333],[113.151111,29.409444],[113.155001,29.405833],[113.157279,29.402186]]}},{"type":"Feature","properties":{},"geometry":{"type":"LineString","coordinates":[[113.492222,29.350277],[113.485,29.35],[113.478889,29.351944],[113.475277,29.355833],[113.472499,29.36],[113.470556,29.365278],[113.470278,29.371389],[113.466667,29.375278],[113.462221,29.378332],[113.454445,29.379168],[113.450556,29.377222],[113.449444,29.376666],[113.445834,29.372777],[113.438334,29.3725],[113.433888,29.375556],[113.433056,29.381389],[113.432778,29.387778],[113.431667,29.393334],[113.4325,29.400277],[113.433056,29.407222],[113.433055,29.411532],[113.433056,29.413611],[113.432778,29.419722],[113.430833,29.424722],[113.429167,29.429722],[113.428889,29.436111],[113.429444,29.443056],[113.432499,29.447778],[113.434445,29.453056],[113.438056,29.457222],[113.441668,29.461111],[113.444722,29.465556],[113.447771,29.469072],[113.448333,29.469722],[113.451111,29.474166],[113.453056,29.478888]]}},{"type":"Feature","properties":{},"geometry":{"type":"LineString","coordinates":[[111.49,30.246111],[111.491389,30.2425],[111.496945,30.240834],[111.499999,30.239611],[111.500001,30.239611],[111.5025,30.238611],[111.508056,30.235555],[111.513611,30.233332],[111.518334,30.231111],[111.523889,30.228888],[111.530277,30.2275],[111.535834,30.225],[111.541389,30.222778],[111.547779,30.221389],[111.552501,30.218333],[111.55639,30.214722],[111.559444,30.210556],[111.563334,30.206111],[111.565555,30.201944],[111.56861,30.197778],[111.570834,30.192778],[111.573055,30.187778],[111.576112,30.182778],[111.579166,30.179166],[111.582222,30.175],[111.585277,30.170556],[111.588056,30.166389],[111.591943,30.162778],[111.594999,30.158611],[111.597495,30.154983],[111.598055,30.154167],[111.600555,30.149444],[111.601667,30.143611],[111.599167,30.138889],[111.597223,30.133333],[111.595555,30.127777],[111.592778,30.122223],[111.591111,30.1175],[111.589167,30.111945],[111.587222,30.106389],[111.585555,30.100279],[111.585279,30.093334],[111.583333,30.086389],[111.583055,30.080833],[111.583611,30.073888],[111.584167,30.0675],[111.5847,30.062165],[111.584722,30.061944],[111.586944,30.056945],[111.589166,30.052222],[111.592222,30.047777],[111.595278,30.043611],[111.597501,30.039444],[111.60139,30.035833],[111.605278,30.032223],[111.609167,30.028611],[111.612221,30.024166],[111.614444,30.019166],[111.615833,30.013611],[111.617222,30.008056],[111.618612,30.003055],[111.618873,30.000193],[111.618881,30.000106],[111.618889,30],[111.619166,29.996944],[111.618056,29.990556],[111.616931,29.987342],[111.616112,29.985],[111.613611,29.980278],[111.611111,29.975555],[111.6075,29.970833],[111.605833,29.965278],[111.6025,29.961111],[111.59889,29.956945],[111.596389,29.952222],[111.594444,29.946667],[111.593611,29.940556],[111.590832,29.934999],[111.588888,29.929445],[111.587223,29.923889],[111.585278,29.918333],[111.58361,29.913056],[111.581667,29.908056],[111.58,29.905],[111.579166,29.903333],[111.575834,29.898611],[111.573889,29.893054],[111.571944,29.887499],[111.570277,29.881944],[111.57,29.875001],[111.570555,29.868889],[111.572778,29.864444],[111.574999,29.859445],[111.578888,29.855833],[111.581667,29.85111],[111.584722,29.846666],[111.587778,29.8425],[111.589168,29.836945],[111.588332,29.830556],[111.584723,29.825834],[111.582222,29.821111],[111.578889,29.816944],[111.576389,29.812779],[111.574444,29.807222],[111.573334,29.801111],[111.573055,29.794722],[111.575277,29.790001],[111.576666,29.783611],[111.578889,29.778612],[111.581111,29.773612],[111.584166,29.769444],[111.585078,29.767392],[111.58639,29.764445],[111.589444,29.760278],[111.590833,29.755277],[111.593055,29.750278],[111.593084,29.750163],[111.593103,29.750089],[111.593125,29.75],[111.594445,29.744722],[111.595833,29.739167],[111.596944,29.733611],[111.596111,29.727222],[111.593333,29.721666],[111.590833,29.716945],[111.588334,29.712222],[111.584723,29.708056],[111.580556,29.704722],[111.575834,29.702222],[111.571667,29.698888],[111.567501,29.696111],[111.561944,29.694166],[111.556111,29.692222],[111.548889,29.691667],[111.542501,29.690555],[111.536667,29.688611],[111.530277,29.686944],[111.524722,29.685556],[111.519723,29.683055],[111.513889,29.681112],[111.508333,29.679167],[111.5025,29.677222],[111.5,29.676347],[111.496945,29.675277],[111.492777,29.671944],[111.488611,29.668611],[111.485277,29.665278],[111.481944,29.661111],[111.477778,29.656944],[111.474445,29.653055],[111.471944,29.648056],[111.471621,29.647707],[111.468333,29.644167],[111.465834,29.639166],[111.463333,29.634444],[111.46,29.630556],[111.456667,29.626389],[111.451667,29.623611],[111.445834,29.62111],[111.440278,29.619722],[111.434722,29.618056],[111.428889,29.616111],[111.423333,29.614167],[111.4175,29.612222],[111.411944,29.610278],[111.405555,29.608889],[111.398889,29.608612],[111.391111,29.608611],[111.386926,29.608755],[111.383055,29.608888],[111.376667,29.607778],[111.369444,29.607222],[111.362222,29.6075],[111.356389,29.605556],[111.349999,29.604445],[111.343611,29.603056],[111.337222,29.601944],[111.331389,29.599999],[111.325,29.598889],[111.319444,29.5975],[111.313611,29.595555],[111.313225,29.59542],[111.308056,29.593611],[111.302222,29.591111],[111.298056,29.587778],[111.295391,29.586211],[111.293334,29.585],[111.289167,29.581667],[111.284167,29.579167],[111.279445,29.577222],[111.274444,29.574444],[111.270279,29.571111],[111.266111,29.567778],[111.261944,29.564445],[111.258611,29.560278],[111.253889,29.556945],[111.251542,29.554011],[111.250555,29.552778],[111.246389,29.549445],[111.243306,29.546978],[111.242222,29.546111],[111.238056,29.542778],[111.233055,29.540833],[111.229166,29.537501],[111.225001,29.534166],[111.220001,29.531388],[111.216667,29.527222],[111.211666,29.523889],[111.208333,29.52],[111.204166,29.516667],[111.200833,29.5125],[111.1975,29.508334],[111.194166,29.505],[111.193574,29.503882],[111.191667,29.500278],[111.191659,29.500254],[111.191626,29.500141],[111.191583,29.5],[111.19,29.494722],[111.187223,29.489166],[111.186389,29.483056],[111.185278,29.476667],[111.184166,29.470555],[111.183889,29.463611],[111.181389,29.458611],[111.178055,29.453888],[111.175555,29.449167],[111.172223,29.445001],[111.168889,29.440834],[111.166959,29.439868],[111.163889,29.438334],[111.159722,29.435],[111.154999,29.432222],[111.150834,29.428889],[111.145834,29.426945],[111.14111,29.424167],[111.140414,29.423934],[111.135277,29.422222],[111.129723,29.419722],[111.125557,29.416389],[111.120556,29.413611],[111.115,29.411666],[111.109444,29.409722],[111.104444,29.407778],[111.098889,29.407222],[111.093888,29.404721],[111.088332,29.402777],[111.083333,29.4],[111.077778,29.398056],[111.072778,29.395556],[111.068056,29.392778],[111.062499,29.391668],[111.057499,29.388889],[111.051111,29.386944],[111.045279,29.384999],[111.039722,29.383056],[111.034167,29.381111],[111.029167,29.378611],[111.023612,29.377222],[111.017778,29.375277],[111.013055,29.372778],[111.007223,29.370832],[111.001667,29.368889],[111,29.367963],[110.999999,29.367962],[110.996666,29.366111],[110.991112,29.364166],[110.985555,29.362222],[110.979722,29.361111],[110.974166,29.359166],[110.967778,29.357778],[110.961388,29.355833],[110.955001,29.354722],[110.949167,29.352778],[110.944445,29.35],[110.938056,29.348889],[110.931666,29.347501],[110.926667,29.345],[110.921111,29.343055],[110.915277,29.341111],[110.909722,29.339166],[110.904721,29.336389],[110.9,29.334444],[110.895,29.331945],[110.890279,29.329166],[110.886111,29.325834],[110.881944,29.3225],[110.877222,29.319166],[110.873889,29.315],[110.869722,29.311667],[110.865556,29.308333],[110.861389,29.304723],[110.858056,29.301389],[110.854722,29.297223],[110.851667,29.293333],[110.8475,29.289722],[110.842501,29.286389],[110.838334,29.283056],[110.834444,29.279722],[110.830278,29.276389],[110.826112,29.275001],[110.825555,29.275],[110.819722,29.273056],[110.814167,29.271944],[110.812501,29.266389],[110.809166,29.262222],[110.805,29.258889],[110.8,29.256111],[110.794444,29.253611],[110.789444,29.250833],[110.78878,29.250263],[110.788779,29.250262],[110.788644,29.250146],[110.788474,29.25],[110.785555,29.247499],[110.781389,29.244166],[110.777222,29.240833],[110.773055,29.238056],[110.769167,29.233888],[110.765,29.230555],[110.761667,29.226389],[110.7575,29.223055],[110.751945,29.220555],[110.747777,29.216944],[110.743055,29.214445],[110.737222,29.212501],[110.7325,29.210556],[110.726944,29.208611],[110.719722,29.208055],[110.713334,29.206666],[110.706111,29.206388],[110.700278,29.204167],[110.693889,29.203056],[110.688333,29.201667],[110.681944,29.200556],[110.676389,29.198611],[110.670556,29.196666],[110.664167,29.195278],[110.659445,29.192778],[110.654444,29.19],[110.648889,29.188055],[110.644722,29.184722],[110.640833,29.181389],[110.639431,29.180269],[110.636667,29.178055],[110.632501,29.174444],[110.628612,29.171111],[110.625278,29.166944],[110.621944,29.163056],[110.617778,29.159444],[110.613889,29.156111],[110.609001,29.153667],[110.608888,29.153611],[110.603889,29.150833],[110.599166,29.148055],[110.595,29.144722],[110.591111,29.141389],[110.586944,29.138056],[110.582777,29.134722],[110.578888,29.131111],[110.574722,29.127778],[110.570555,29.124444],[110.566666,29.121667],[110.561666,29.118333],[110.556945,29.115833],[110.552777,29.112222],[110.547222,29.110278],[110.542223,29.107778],[110.536666,29.105834],[110.531666,29.103055],[110.529444,29.102501],[110.526111,29.101667],[110.520556,29.099722],[110.514167,29.098612],[110.507778,29.097223],[110.501387,29.096111],[110.500001,29.095809],[110.495,29.094722],[110.488611,29.093611],[110.48139,29.093611],[110.474999,29.0925],[110.469444,29.090555],[110.46361,29.087778],[110.458056,29.085833],[110.450834,29.085278],[110.443056,29.086111],[110.435833,29.085556],[110.428612,29.085],[110.422224,29.083889],[110.416667,29.081945],[110.410278,29.080555],[110.404444,29.078611],[110.399722,29.076667],[110.394166,29.074722],[110.389166,29.071945],[110.383612,29.069999],[110.378055,29.068055],[110.372222,29.066111],[110.366667,29.064167],[110.361111,29.062778],[110.354722,29.061667],[110.348334,29.060278],[110.341945,29.058889],[110.335556,29.057777],[110.329166,29.055833],[110.323611,29.053889],[110.31861,29.051945],[110.31736,29.050784],[110.314722,29.048334],[110.310555,29.045001],[110.306388,29.040834],[110.303056,29.036667],[110.299999,29.032778],[110.2975,29.027778],[110.294167,29.023889],[110.29,29.019722],[110.286666,29.015555],[110.284167,29.010833],[110.281666,29.005834],[110.279999,29.001111],[110.279552,29.000266],[110.279488,29.000147],[110.279412,29.000001],[110.2775,28.996389],[110.275834,28.990834],[110.2725,28.986111],[110.27,28.981111],[110.265833,28.977777],[110.261944,28.974445],[110.257779,28.970833],[110.254444,28.966944],[110.250278,28.963333],[110.248406,28.960952],[110.247222,28.959444],[110.243889,28.955278],[110.239721,28.951111],[110.236389,28.947778],[110.233333,28.943612],[110.23,28.939445],[110.228696,28.937813],[110.226666,28.935278],[110.223334,28.931389],[110.220001,28.927221],[110.217501,28.922501],[110.215,28.916944],[110.2125,28.911944],[110.210001,28.907223],[110.2075,28.902501],[110.205832,28.896945],[110.204166,28.891389],[110.200833,28.887222],[110.1975,28.884444],[110.194444,28.8825],[110.19111,28.878333],[110.186943,28.875],[110.183055,28.871667],[110.178889,28.868056],[110.175,28.864723],[110.171667,28.860556],[110.168333,28.856667],[110.164999,28.8525],[110.161111,28.848333],[110.156945,28.844999],[110.153611,28.840833],[110.149723,28.838056],[110.144722,28.835556],[110.140001,28.832778],[110.135277,28.83],[110.130278,28.8275],[110.126389,28.823889],[110.122221,28.820556],[110.121388,28.820556],[110.119722,28.818611],[110.115,28.815833],[110.109444,28.813889],[110.103888,28.811944],[110.098889,28.809167],[110.094167,28.806389],[110.089444,28.803888],[110.084445,28.801111],[110.079722,28.798333],[110.076389,28.794166],[110.072223,28.790833],[110.068334,28.788055],[110.065001,28.783889],[110.060277,28.780555],[110.056944,28.776666],[110.053056,28.773056],[110.049723,28.768889],[110.045556,28.765556],[110.040833,28.763056],[110.036112,28.760278],[110.029721,28.758888],[110.023889,28.757778],[110.022471,28.75646],[110.02,28.754167],[110.015833,28.750833],[110.015193,28.750032],[110.015192,28.750031],[110.015182,28.750019]]}},{"type":"Feature","properties":{},"geometry":{"type":"LineString","coordinates":[[110.015182,28.750019],[110.015167,28.75],[110.0125,28.746666],[110.008612,28.742501],[110.005278,28.738611],[110.001945,28.734445],[110.001389,28.731389]]}},{"type":"Feature","properties":{},"geometry":{"type":"LineString","coordinates":[[113.828887,28.283889],[113.822499,28.285833],[113.81611,28.285],[113.809722,28.283889],[113.804166,28.282222],[113.797779,28.281388],[113.790556,28.281388],[113.784444,28.283055],[113.779166,28.285555],[113.773889,28.288055],[113.768612,28.290556],[113.761388,28.290556],[113.755555,28.288889],[113.750556,28.286389],[113.745833,28.283888],[113.744937,28.283633],[113.74,28.282223],[113.734166,28.280555],[113.727778,28.279722],[113.720001,28.280278],[113.712778,28.280278],[113.705833,28.281389],[113.698055,28.281944],[113.69,28.2825],[113.683611,28.281667],[113.679444,28.27861],[113.675278,28.275278],[113.671667,28.271389],[113.668889,28.266667],[113.666667,28.261389],[113.666111,28.254446],[113.666111,28.250242],[113.666111,28.250241],[113.66611,28.250134],[113.666111,28.25],[113.666111,28.248056],[113.664167,28.242778],[113.660554,28.238889],[113.656389,28.235556],[113.651944,28.2325],[113.647777,28.229445],[113.643611,28.226111],[113.640834,28.221389],[113.638611,28.216111],[113.637222,28.21],[113.635832,28.203611],[113.633611,28.198333],[113.630834,28.193611],[113.6275,28.189721],[113.623889,28.185833],[113.620278,28.181944],[113.616667,28.178055],[113.613333,28.174166],[113.609721,28.17],[113.606944,28.165555],[113.603889,28.160833],[113.602868,28.155215],[113.602778,28.154722],[113.603611,28.148889],[113.604721,28.143333],[113.606667,28.138334],[113.608611,28.133333],[113.611111,28.128889],[113.614723,28.125277],[113.618333,28.121388],[113.621111,28.116945],[113.623055,28.111944],[113.625833,28.1075],[113.627779,28.102499],[113.629445,28.097499],[113.632223,28.093333],[113.634167,28.088056],[113.636111,28.083333],[113.638055,28.078056],[113.640556,28.073611],[113.6425,28.068889],[113.64611,28.065],[113.649722,28.061111],[113.654167,28.058055],[113.657778,28.054444],[113.661389,28.050556],[113.664999,28.046945],[113.667777,28.0425],[113.670278,28.038056],[113.672222,28.033056],[113.675,28.028611],[113.676945,28.023612],[113.675277,28.009444]]}},{"type":"Feature","properties":{},"geometry":{"type":"LineString","coordinates":[[113.1,27.880278],[113.096389,27.882777],[113.091945,27.885833],[113.087778,27.889722],[113.083334,27.892777],[113.078889,27.895834],[113.074445,27.899166],[113.069999,27.902223],[113.066388,27.905833],[113.062778,27.909722],[113.059999,27.914166],[113.056388,27.917778],[113.053723,27.919778],[113.051945,27.921111],[113.045833,27.922778],[113.039722,27.924722],[113.034444,27.927222],[113.028334,27.928889],[113.02713,27.929459],[113.023056,27.931389],[113.023608,27.936917],[113.023611,27.936944],[113.025833,27.9425],[113.02639,27.949444],[113.028611,27.954722],[113.028889,27.958889],[113.024444,27.961944],[113.019167,27.964444],[113.013889,27.966945],[113.009159,27.969185],[113.008611,27.969444],[113.003333,27.971944],[113.001724,27.973051],[113.000001,27.974237],[113,27.974237],[112.999999,27.974239],[112.99889,27.975001],[112.998889,27.974443],[112.998054,27.975834],[112.993612,27.978888],[112.989166,27.981944],[112.985555,27.985833],[112.982222,27.989444],[112.978612,27.993334],[112.975834,27.997778],[112.974969,28],[112.974958,28.000028],[112.974949,28.000051],[112.973889,28.002778],[112.971112,28.006945],[112.968333,28.011388],[112.966389,28.016389],[112.964722,28.021389],[112.962777,28.026667],[112.961666,28.032223],[112.961389,28.038332],[112.960556,28.044166],[112.959444,28.049722],[112.960001,28.056666],[112.960832,28.063611],[112.961944,28.069722],[112.963333,28.075833],[112.964166,28.082777],[112.965555,28.089167],[112.9675,28.094445],[112.969722,28.1],[112.972501,28.104444],[112.973056,28.111389],[112.972777,28.117778],[112.973612,28.124723],[112.9725,28.130278],[112.973055,28.137223],[112.973889,28.144166],[112.973612,28.150556],[112.974444,28.1575],[112.975,28.164445],[112.976389,28.170555],[112.976943,28.1775],[112.978333,28.183612],[112.979721,28.189722],[112.980556,28.193389],[112.981112,28.195834],[112.982501,28.202222],[112.983889,28.208334],[112.985277,28.214445],[112.985833,28.221389],[112.986667,28.228333],[112.985555,28.233889],[112.985278,28.240278],[112.984167,28.245832],[112.984167,28.25],[112.984166,28.250019],[112.984166,28.250034],[112.984166,28.252222],[112.983056,28.257778],[112.981944,28.26361],[112.980832,28.269167],[112.978889,28.274167],[112.978055,28.279722],[112.977779,28.286111],[112.975834,28.291111],[112.973889,28.296111],[112.971944,28.301111],[112.971111,28.306945],[112.969166,28.311944],[112.967222,28.316944],[112.964444,28.321389],[112.962501,28.326389],[112.959722,28.330556],[112.957223,28.334999],[112.953611,28.338889],[112.95,28.3425],[112.946388,28.346387],[112.943612,28.350556],[112.940001,28.354445],[112.937222,28.358889],[112.934444,28.363333],[112.9325,28.368334],[112.929722,28.3725],[112.926945,28.376945],[112.925833,28.382778],[112.925981,28.383962],[112.926666,28.389444],[112.927777,28.394445],[112.93139,28.398333],[112.935,28.402222],[112.939166,28.405555],[112.942777,28.409444],[112.946945,28.4125],[112.951389,28.415834],[112.955556,28.418889],[112.959167,28.422779],[112.961945,28.427501],[112.965278,28.431389],[112.967499,28.436945],[112.968889,28.443055],[112.970279,28.449167],[112.971667,28.455278],[112.973055,28.461667],[112.974444,28.467778],[112.974543,28.468209],[112.975832,28.473889],[112.977222,28.48],[112.977778,28.486944],[112.98,28.492501],[112.981945,28.497778],[112.983382,28.5],[112.983394,28.500019],[112.983405,28.500035],[112.985001,28.502501],[112.985599,28.503198],[112.988333,28.506388],[112.991112,28.511111],[112.994722,28.515001],[112.998333,28.518889],[113,28.520683],[113.000001,28.520684],[113.001944,28.522777],[113.004721,28.5275],[113.007501,28.532223],[113.010278,28.536944],[113.0125,28.542223],[113.014444,28.547777],[113.016111,28.553889],[113.01861,28.566389],[113.020001,28.5725],[113.020833,28.579444],[113.02139,28.586389],[113.02361,28.591667],[113.02639,28.596389],[113.029167,28.601111],[113.031389,28.606389],[113.033334,28.611944],[113.035556,28.617499],[113.037499,28.622778],[113.038889,28.62889],[113.039722,28.635834],[113.038611,28.641389],[113.036667,28.646667],[113.034722,28.651666],[113.032779,28.656666],[113.031944,28.662222],[113.030834,28.668055],[113.030555,28.674167],[113.031389,28.681112],[113.031749,28.682695],[113.032777,28.687223],[113.033334,28.694166],[113.034722,28.700555],[113.036111,28.706666],[113.038056,28.711944],[113.041112,28.716667],[113.043055,28.722222],[113.045279,28.7275],[113.0475,28.733055],[113.048611,28.739166],[113.050833,28.744723],[113.052033,28.75],[113.052046,28.750056],[113.052056,28.750101],[113.052222,28.750833],[113.053055,28.757777],[113.053611,28.764722],[113.053333,28.770833],[113.054167,28.777777],[113.055557,28.783889],[113.0575,28.789445],[113.059721,28.795],[113.061667,28.800278],[113.063889,28.805834],[113.06445,28.807169],[113.066111,28.811111],[113.068057,28.816666],[113.070277,28.821944],[113.072499,28.828055],[113.074444,28.833612],[113.074444,28.84],[113.073333,28.845556],[113.073056,28.851944],[113.071944,28.8575],[113.071945,28.863888],[113.070833,28.869444],[113.071667,28.876388],[113.071388,28.882777],[113.071945,28.889721],[113.072777,28.896667],[113.073334,28.903611],[113.074722,28.909722],[113.076111,28.915834],[113.078333,28.921111],[113.08111,28.925833],[113.083888,28.930555],[113.0875,28.934445],[113.090277,28.939167],[113.093056,28.943888],[113.096111,28.948611],[113.098056,28.953888],[113.101111,28.958611],[113.103057,28.964166],[113.104445,28.970278],[113.104877,28.973888],[113.105277,28.977222],[113.106666,28.983333],[113.108611,28.988889],[113.110834,28.994166],[113.113055,28.999722],[113.113157,28.999999],[113.113197,29.000105],[113.113227,29.000188],[113.115,29.005],[113.117777,29.009722],[113.119167,29.015833],[113.118333,29.021667],[113.117222,29.027222],[113.115277,29.032222],[113.113334,29.037222],[113.112222,29.043055],[113.113054,29.05],[113.112777,29.056389],[113.113611,29.063055],[113.114166,29.070001],[113.115554,29.076111],[113.116945,29.0825],[113.116667,29.088889],[113.115834,29.094445],[113.113889,29.099444],[113.112777,29.105],[113.111667,29.110834],[113.111389,29.116945],[113.112223,29.123889],[113.113611,29.130277],[113.115,29.136389],[113.117223,29.141944],[113.117388,29.142676],[113.118611,29.148055],[113.120556,29.153333],[113.121945,29.159444],[113.122777,29.166389],[113.121667,29.172221],[113.120555,29.177777],[113.119723,29.183611],[113.117777,29.188612],[113.115834,29.193612],[113.113889,29.198611],[113.111944,29.203612],[113.110834,29.209167],[113.10889,29.214445],[113.107223,29.219444],[113.106112,29.224999],[113.104166,29.23],[113.102222,29.235],[113.100277,29.24],[113.098333,29.245278],[113.096497,29.25],[113.096461,29.250093],[113.096431,29.250168],[113.096389,29.250277],[113.094445,29.255277],[113.092501,29.260277],[113.09,29.264722],[113.087222,29.268889],[113.084445,29.273333],[113.081389,29.277777],[113.079721,29.282778],[113.077778,29.287777],[113.075,29.292223],[113.073888,29.298056],[113.072777,29.303612],[113.071111,29.309444],[113.070834,29.315555],[113.070556,29.321945],[113.071944,29.328055],[113.073334,29.334167],[113.075556,29.339722],[113.078334,29.344444],[113.081388,29.349167],[113.084167,29.353889],[113.086945,29.358333],[113.091111,29.361666],[113.095,29.365555],[113.099166,29.368611],[113.103611,29.371945],[113.108611,29.374444],[113.114444,29.375834],[113.119445,29.378333],[113.123612,29.381667],[113.128611,29.383889],[113.133889,29.386389],[113.138889,29.388889],[113.143055,29.391945],[113.1475,29.395277],[113.151667,29.398332],[113.156112,29.401667],[113.157279,29.402186]]}},{"type":"Feature","properties":{},"geometry":{"type":"LineString","coordinates":[[112.967778,27.863056],[112.969444,27.862777],[112.977221,27.862222],[112.984446,27.861945],[112.990278,27.863889],[112.996111,27.865277],[113,27.866915],[113.00139,27.8675],[113.006944,27.868612],[113.012222,27.871389],[113.018055,27.872777],[113.023334,27.874723],[113.029167,27.876111],[113.035,27.878056],[113.041389,27.878611],[113.047499,27.880555],[113.053056,27.88111],[113.054954,27.881506],[113.059722,27.8825],[113.066944,27.882777],[113.072627,27.882549],[113.073889,27.882499],[113.080834,27.881389],[113.088889,27.881111],[113.1,27.880278]]}},{"type":"Feature","properties":{},"geometry":{"type":"LineString","coordinates":[[113.213055,27.881666],[113.207777,27.884166],[113.200899,27.884658],[113.2,27.884722],[113.191944,27.885278],[113.185556,27.884445],[113.179166,27.883611],[113.175,27.880277],[113.170833,27.877223],[113.167222,27.873334],[113.163055,27.870277],[113.159444,27.866111],[113.156111,27.862222],[113.153056,27.8575],[113.150278,27.853055],[113.147501,27.848333],[113.145834,27.846388],[113.145391,27.841964],[113.145277,27.840833]]}},{"type":"Feature","properties":{},"geometry":{"type":"LineString","coordinates":[[113.1,27.880278],[113.100834,27.879722],[113.106111,27.877223],[113.110555,27.874167],[113.115001,27.870833],[113.118611,27.867223],[113.123056,27.864167],[113.1275,27.86111],[113.131112,27.857223],[113.135556,27.854167],[113.138334,27.849723],[113.141667,27.845832],[113.142936,27.843927],[113.144444,27.841667],[113.145277,27.840833]]}},{"type":"Feature","properties":{},"geometry":{"type":"LineString","coordinates":[[113.145277,27.840833],[113.148055,27.837779],[113.15,27.832778],[113.152777,27.828334],[113.155556,27.823888]]}},{"type":"Feature","properties":{},"geometry":{"type":"LineString","coordinates":[[112.903612,27.815555],[112.906112,27.811111],[112.912222,27.809444],[112.918611,27.8075],[112.923952,27.807715],[112.925555,27.807778],[112.931389,27.809445],[112.936111,27.811666],[112.941944,27.813333],[112.946112,27.816668],[112.951111,27.819167],[112.955278,27.822222],[112.959444,27.825277],[112.963055,27.829444],[112.965833,27.833889],[112.96639,27.840833],[112.967223,27.847777],[112.967778,27.854723],[112.968611,27.861667],[112.967778,27.863056]]}},{"type":"Feature","properties":{},"geometry":{"type":"LineString","coordinates":[[112.687223,27.805277],[112.691389,27.808611],[112.691638,27.808766],[112.695834,27.811389],[112.698888,27.815278],[112.704166,27.818056],[112.708055,27.821667],[112.711667,27.824723],[112.715556,27.829167],[112.719446,27.831944],[112.723054,27.835833],[112.727777,27.838612],[112.732222,27.841389],[112.737223,27.843611],[112.7425,27.846389],[112.746112,27.849445],[112.750833,27.853054],[112.755278,27.855278],[112.759722,27.858055],[112.765555,27.86],[112.771389,27.861389],[112.776389,27.863611],[112.782222,27.864722],[112.788889,27.866111],[112.794723,27.868056],[112.799721,27.869444],[112.805832,27.871389],[112.811667,27.872778],[112.817501,27.874723],[112.823333,27.876112],[112.823766,27.876281],[112.828334,27.878056],[112.834166,27.879444],[112.840833,27.880556],[112.845833,27.882778],[112.851111,27.884722],[112.856667,27.886111],[112.863334,27.887223],[112.869167,27.888611],[112.874999,27.89],[112.881389,27.890556],[112.892222,27.893056],[112.89295,27.893438],[112.8975,27.895834],[112.919445,27.889444],[112.92361,27.885833],[112.928611,27.883888],[112.933612,27.880278],[112.934282,27.8799],[112.938055,27.877779],[112.941944,27.874167],[112.947222,27.871389],[112.94917,27.870307],[112.952222,27.868612],[112.957499,27.866389],[112.9625,27.863611],[112.967778,27.863056]]}},{"type":"Feature","properties":{},"geometry":{"type":"LineString","coordinates":[[112.629722,27.855556],[112.632222,27.851111],[112.634445,27.846389],[112.636944,27.841945],[112.639445,27.837499],[112.641667,27.832778],[112.643056,27.827778],[112.64533,27.825124],[112.64639,27.823889],[112.651389,27.821112],[112.654093,27.819689],[112.655157,27.819128],[112.656666,27.818333],[112.661666,27.816111],[112.667499,27.813334],[112.672499,27.810279],[112.678611,27.808056],[112.685556,27.806667],[112.687223,27.805277]]}},{"type":"Feature","properties":{},"geometry":{"type":"LineString","coordinates":[[110.06639,27.845556],[110.072501,27.843055],[110.078611,27.841667],[110.084722,27.839166],[110.089167,27.836668],[110.094445,27.834166],[110.097778,27.830278],[110.101389,27.825834],[110.103888,27.821945],[110.106666,27.816945],[110.108333,27.811111],[110.110278,27.8075],[110.115555,27.805001],[110.123333,27.804444],[110.128333,27.807222],[110.132501,27.810555],[110.136111,27.814166],[110.141111,27.816667],[110.148334,27.8175],[110.154165,27.818333],[110.161111,27.816944],[110.166111,27.813889],[110.169167,27.812778],[110.180394,27.808961],[110.183055,27.808056]]}},{"type":"Feature","properties":{},"geometry":{"type":"LineString","coordinates":[[114.743332,27.869999],[114.741944,27.863888],[114.739167,27.859166],[114.736111,27.854445],[114.733332,27.85],[114.729722,27.846111],[114.725556,27.842777],[114.719723,27.841111],[114.714723,27.838889],[114.709723,27.836667],[114.705555,27.833334],[114.701943,27.829445],[114.697777,27.826389],[114.691944,27.824723],[114.687777,27.821667],[114.683334,27.818611],[114.680001,27.814722],[114.676388,27.810833],[114.672778,27.806945],[114.669166,27.803055],[114.6675,27.801667],[114.666424,27.800232],[114.665833,27.799444]]}},{"type":"Feature","properties":{},"geometry":{"type":"LineString","coordinates":[[114.665833,27.799444],[114.66,27.800555],[114.658858,27.800699],[114.658026,27.800802],[114.657778,27.800833]]}},{"type":"Feature","properties":{},"geometry":{"type":"LineString","coordinates":[[114.606111,27.788888],[114.611112,27.789722],[114.616667,27.791389],[114.623889,27.791389],[114.630834,27.791667],[114.636283,27.790576],[114.637778,27.790278],[114.644722,27.789167],[114.650278,27.789166],[114.653888,27.793056],[114.657744,27.800767],[114.657778,27.800833]]}},{"type":"Feature","properties":{},"geometry":{"type":"LineString","coordinates":[[112.64,27.788055],[112.641112,27.788056],[112.648334,27.788332],[112.653889,27.789167],[112.658924,27.790043],[112.660278,27.790278],[112.665556,27.792501],[112.668889,27.794166],[112.674723,27.795279],[112.678611,27.799167],[112.683056,27.801944],[112.686667,27.805],[112.687223,27.805277]]}},{"type":"Feature","properties":{},"geometry":{"type":"LineString","coordinates":[[112.525278,27.926111],[112.531389,27.924445],[112.534045,27.922452],[112.535834,27.921111],[112.540278,27.918055],[112.544722,27.915],[112.550278,27.912501],[112.555554,27.910278],[112.560833,27.907778],[112.565277,27.904444],[112.570555,27.902223],[112.575833,27.899722],[112.580278,27.896667],[112.584722,27.893611],[112.589167,27.890278],[112.594444,27.887779],[112.597902,27.884968],[112.598889,27.884166],[112.6025,27.880277],[112.606111,27.876667],[112.609722,27.873056],[112.613056,27.869166],[112.615833,27.864721],[112.61861,27.860556],[112.620555,27.855279],[112.622501,27.850556],[112.623611,27.844722],[112.625555,27.839723],[112.626389,27.834167],[112.628334,27.829167],[112.629445,27.823334],[112.630012,27.820497],[112.630556,27.817778],[112.6325,27.812778],[112.632837,27.811089],[112.633611,27.807222],[112.635556,27.802222],[112.636389,27.796389],[112.638334,27.791389],[112.64,27.788055]]}},{"type":"Feature","properties":{},"geometry":{"type":"LineString","coordinates":[[114.72,27.783333],[114.718889,27.783333],[114.711112,27.784167],[114.705,27.785833],[114.700555,27.789166],[114.695555,27.791666],[114.695278,27.791111],[114.695001,27.793889],[114.688056,27.795278],[114.681111,27.796389],[114.676418,27.796874],[114.673055,27.797222],[114.666945,27.799167],[114.665833,27.799444]]}},{"type":"Feature","properties":{},"geometry":{"type":"LineString","coordinates":[[114.657778,27.800833],[114.656607,27.80104],[114.653056,27.801666],[114.645277,27.8025],[114.638334,27.802222],[114.631111,27.802223],[114.624167,27.802223],[114.617778,27.801389],[114.611389,27.800556],[114.605556,27.798889],[114.600084,27.79752],[114.6,27.7975],[114.595,27.795],[114.59,27.792777],[114.585,27.790277],[114.580001,27.788055],[114.575001,27.785556],[114.57,27.783333],[114.564167,27.781666],[114.560556,27.780556]]}},{"type":"Feature","properties":{},"geometry":{"type":"LineString","coordinates":[[114.5525,27.778333],[114.546944,27.779723],[114.543333,27.783611],[114.542575,27.784167],[114.539166,27.786667],[114.534723,27.79],[114.530277,27.793055],[114.525832,27.796111],[114.522223,27.8],[114.517777,27.803056],[114.514444,27.806944],[114.51,27.81],[114.503056,27.811389],[114.500001,27.811272],[114.499999,27.811272],[114.495833,27.811111],[114.490277,27.809722],[114.486111,27.806389],[114.483055,27.801667],[114.483333,27.795556],[114.485,27.790555],[114.484445,27.785],[114.480278,27.781945],[114.473889,27.781111],[114.471667,27.780278]]}},{"type":"Feature","properties":{},"geometry":{"type":"LineString","coordinates":[[114.560556,27.780556],[114.558612,27.779999],[114.557671,27.779731],[114.556689,27.77945],[114.552777,27.778332],[114.5525,27.778333]]}},{"type":"Feature","properties":{},"geometry":{"type":"LineString","coordinates":[[114.5525,27.778333],[114.547222,27.776944],[114.540832,27.776111],[114.534445,27.775278],[114.527222,27.775],[114.52,27.774999],[114.513055,27.775],[114.505834,27.775],[114.500245,27.775399],[114.500001,27.775417],[114.499999,27.775417],[114.498055,27.775556],[114.490277,27.776389],[114.4825,27.776944],[114.476389,27.778889],[114.471667,27.780278]]}},{"type":"Feature","properties":{},"geometry":{"type":"LineString","coordinates":[[114.933611,27.810833],[114.926944,27.810555],[114.920001,27.810556],[114.914755,27.810555],[114.912778,27.810555],[114.906389,27.809721],[114.899166,27.809723],[114.892777,27.808889],[114.88639,27.808056],[114.88,27.807222],[114.873611,27.806389],[114.868056,27.804722],[114.862223,27.803334],[114.856666,27.801666],[114.850833,27.800001],[114.845833,27.797779],[114.840833,27.795277],[114.835833,27.793056],[114.830833,27.790834],[114.828843,27.789838],[114.825834,27.788334],[114.820833,27.786111],[114.815834,27.783611],[114.810278,27.782222],[114.805833,27.779166],[114.800833,27.776666],[114.795833,27.774445],[114.790278,27.772778],[114.78389,27.771944],[114.7775,27.771111],[114.77139,27.773056],[114.770266,27.773413],[114.765278,27.775],[114.759167,27.776945],[114.753056,27.778889],[114.746943,27.780832],[114.740833,27.782778],[114.733056,27.783611],[114.725833,27.783334],[114.72,27.783333]]}},{"type":"Feature","properties":{},"geometry":{"type":"LineString","coordinates":[[114.548611,27.762777],[114.553056,27.765833],[114.55466,27.767561],[114.556666,27.769722],[114.558889,27.775278],[114.559607,27.77755],[114.560556,27.780556]]}},{"type":"Feature","properties":{},"geometry":{"type":"LineString","coordinates":[[112.015098,27.811645],[112.022778,27.81],[112.028611,27.807222],[112.033371,27.805218],[112.033889,27.804999],[112.038056,27.801667],[112.041389,27.797777],[112.04389,27.793056],[112.046112,27.788612],[112.050278,27.785277],[112.053611,27.781389],[112.056944,27.7775],[112.06111,27.774168],[112.066944,27.771111],[112.070278,27.767222],[112.073056,27.7625]]}},{"type":"Feature","properties":{},"geometry":{"type":"LineString","coordinates":[[111.843611,27.923612],[111.845,27.918056],[111.846111,27.9125],[111.848374,27.90888],[111.84889,27.908056],[111.852499,27.904167],[111.856111,27.900556],[111.859722,27.896946],[111.862498,27.8925],[111.865277,27.888056],[111.867222,27.883333],[111.870833,27.879445],[111.873611,27.875],[111.876389,27.870833],[111.878333,27.865833],[111.879444,27.860278],[111.881389,27.855001],[111.883334,27.850277],[111.885278,27.845001],[111.888888,27.841389],[111.892501,27.837778],[111.892619,27.837696],[111.896945,27.834723],[111.901667,27.831667],[111.904446,27.827222],[111.907223,27.822778],[111.910833,27.819167],[111.914445,27.815279],[111.921389,27.814166],[111.929166,27.813889],[111.935555,27.813334],[111.940833,27.810834],[111.944445,27.807222],[111.947223,27.802778],[111.949166,27.797778],[111.951943,27.793611],[111.953055,27.787777],[111.953334,27.781666],[111.952778,27.774723],[111.952815,27.774529],[111.953889,27.768889],[111.954166,27.762778],[111.952777,27.756666],[111.953889,27.750833],[111.954037,27.750092],[111.954045,27.750051],[111.954056,27.75],[111.954999,27.745277],[111.957222,27.741111]]}},{"type":"Feature","properties":{},"geometry":{"type":"LineString","coordinates":[[111.975832,27.727777],[111.978333,27.728889],[111.984167,27.730277],[111.988611,27.733055],[111.994167,27.734444],[111.998889,27.738056],[112,27.738995],[112.002499,27.741111],[112.007499,27.743333],[112.012778,27.746111],[112.016389,27.749166],[112.019007,27.749999],[112.01901,27.75],[112.019081,27.750022],[112.019134,27.75004],[112.019137,27.750041],[112.0225,27.751111],[112.028889,27.751667],[112.028965,27.751692],[112.034721,27.753611],[112.040556,27.755],[112.045555,27.757223],[112.051389,27.758611],[112.057222,27.760556],[112.063889,27.761667],[112.070278,27.762222],[112.073056,27.7625]]}},{"type":"Feature","properties":{},"geometry":{"type":"LineString","coordinates":[[111.957222,27.741111],[111.960555,27.736666],[111.965492,27.734328],[111.965834,27.734166],[111.970277,27.731111],[111.975832,27.727777]]}},{"type":"Feature","properties":{},"geometry":{"type":"LineString","coordinates":[[112.468333,27.725278],[112.473333,27.727501],[112.479167,27.729444],[112.483611,27.731668],[112.488889,27.734445],[112.493334,27.737222],[112.496944,27.740277],[112.5,27.742615],[112.501666,27.743889],[112.50538,27.74621],[112.506111,27.746667],[112.511111,27.748055],[112.511281,27.748153],[112.514033,27.749747],[112.514469,27.75],[112.514499,27.750018],[112.514522,27.750031],[112.514522,27.750032],[112.516389,27.751111],[112.522222,27.752222],[112.526667,27.755277],[112.532222,27.756667],[112.53642,27.758876],[112.5375,27.759444],[112.542777,27.761389],[112.547778,27.76361],[112.554166,27.764167],[112.560833,27.765277],[112.567222,27.765833],[112.573332,27.767778],[112.578333,27.77],[112.584166,27.771389],[112.589166,27.773334],[112.595,27.775278],[112.6,27.776667],[112.605278,27.779722],[112.611111,27.780832],[112.616944,27.782778],[112.621389,27.785],[112.628056,27.786388],[112.634445,27.7875],[112.64,27.788055]]}},{"type":"Feature","properties":{},"geometry":{"type":"LineString","coordinates":[[112.52,27.733056],[112.515557,27.729722],[112.51,27.728056],[112.507011,27.727666],[112.503611,27.727222],[112.5,27.727078],[112.496666,27.726945],[112.490277,27.726111],[112.483056,27.725833],[112.476111,27.725555],[112.468889,27.725278],[112.468333,27.725278]]}},{"type":"Feature","properties":{},"geometry":{"type":"LineString","coordinates":[[112.349999,27.734722],[112.351944,27.736667],[112.357223,27.738889],[112.363889,27.74],[112.370278,27.740555],[112.378056,27.740278],[112.385278,27.740556],[112.391667,27.740555],[112.399444,27.740278],[112.406666,27.740556],[112.414444,27.740278],[112.421389,27.738611],[112.427501,27.737222],[112.433333,27.734166],[112.4375,27.731389],[112.442779,27.728611],[112.447778,27.726667],[112.453702,27.724511],[112.453889,27.724444],[112.455052,27.724411],[112.460556,27.724722],[112.4625,27.724722],[112.467499,27.725278],[112.468333,27.725278]]}},{"type":"Feature","properties":{},"geometry":{"type":"LineString","coordinates":[[112.349999,27.734722],[112.3425,27.735278],[112.340012,27.734567],[112.336666,27.733611],[112.331945,27.731111],[112.326945,27.728611],[112.321944,27.726111],[112.317222,27.723611],[112.311389,27.721944],[112.305,27.720834],[112.298611,27.72],[112.292222,27.718889],[112.285556,27.717501]]}},{"type":"Feature","properties":{},"geometry":{"type":"LineString","coordinates":[[112.073056,27.7625],[112.076666,27.762778],[112.083889,27.762778],[112.090833,27.761666],[112.097777,27.760833],[112.104444,27.758611],[112.110556,27.756945],[112.11461,27.756023],[112.116667,27.755556],[112.1225,27.753333],[112.129723,27.7525],[112.136389,27.750832],[112.144444,27.750555],[112.146492,27.750227],[112.146498,27.750226],[112.1465,27.750226],[112.146502,27.750226],[112.147129,27.750126],[112.147917,27.75],[112.151389,27.749444],[112.159167,27.749167],[112.166944,27.748056],[112.173889,27.747222],[112.180833,27.746389],[112.186944,27.744167],[112.191944,27.741945],[112.196944,27.738611],[112.202221,27.736389],[112.206389,27.733056],[112.210832,27.730278],[112.216666,27.7275],[112.221667,27.725278],[112.227778,27.723334],[112.234722,27.722223],[112.241111,27.722222],[112.248056,27.721945],[112.255833,27.721389],[112.259326,27.721268],[112.263888,27.721111],[112.271667,27.720277],[112.278611,27.719167],[112.285556,27.717501]]}},{"type":"Feature","properties":{},"geometry":{"type":"LineString","coordinates":[[112.285556,27.717501],[112.291388,27.716111],[112.297501,27.714722],[112.303611,27.713055],[112.310556,27.711388],[112.318334,27.711111],[112.324723,27.711667],[112.330833,27.713611],[112.333055,27.718333],[112.336945,27.721944],[112.339445,27.727222],[112.342749,27.729288],[112.343889,27.729999],[112.348334,27.733055],[112.349999,27.734722]]}},{"type":"Feature","properties":{},"geometry":{"type":"LineString","coordinates":[[111.833332,27.689722],[111.8375,27.693056],[111.841668,27.696111],[111.845278,27.700278],[111.849444,27.703334],[111.852779,27.707223],[111.856945,27.710555],[111.860556,27.714445],[111.864721,27.717777],[111.868056,27.721667],[111.873056,27.724167],[111.878056,27.726667],[111.882778,27.729167],[111.887778,27.731389],[111.892777,27.73389],[111.898333,27.735833],[111.903888,27.7375],[111.910277,27.738334],[111.916666,27.739444],[111.923056,27.740278],[111.930277,27.740555],[111.937222,27.740833],[111.944444,27.741111],[111.951389,27.741389],[111.957222,27.741111]]}},{"type":"Feature","properties":{},"geometry":{"type":"LineString","coordinates":[[113.675277,28.009444],[113.680555,28.006944],[113.684999,28.003889],[113.689444,28.000833],[113.689805,28.000257],[113.689878,28.000142],[113.689966,28],[113.692223,27.996389],[113.693889,27.991389],[113.695834,27.986389],[113.695833,27.98],[113.694445,27.973889],[113.693056,27.967777],[113.691111,27.962222],[113.689444,27.95611],[113.688056,27.95],[113.689166,27.944167],[113.69,27.938611],[113.689444,27.933056],[113.687499,27.927778],[113.684723,27.923055],[113.681667,27.918334],[113.678889,27.913888],[113.675277,27.909722],[113.672499,27.905278],[113.670277,27.899722],[113.668889,27.893611],[113.668334,27.886667],[113.6675,27.879722],[113.666111,27.873611],[113.664885,27.868213],[113.664723,27.867499],[113.663333,27.861389],[113.661112,27.855834],[113.658889,27.850556],[113.656111,27.845834],[113.653332,27.841111],[113.649722,27.837221],[113.646388,27.833333],[113.642778,27.829444],[113.64,27.824723],[113.636388,27.820833],[113.63361,27.816389],[113.631389,27.810832],[113.630556,27.803889],[113.631667,27.798333],[113.631709,27.797393],[113.631944,27.791944],[113.631111,27.785],[113.628889,27.779722],[113.62611,27.774999],[113.623334,27.770278],[113.619722,27.766389],[113.615556,27.763333],[113.611389,27.760277],[113.607778,27.756389],[113.603332,27.753056],[113.600866,27.750176],[113.600798,27.750096],[113.600715,27.75],[113.600001,27.749166],[113.595833,27.746111],[113.590833,27.743611],[113.586389,27.740554],[113.58139,27.738056],[113.577222,27.735],[113.572222,27.7325],[113.567222,27.730279],[113.5625,27.727778],[113.556666,27.72611],[113.551667,27.723888],[113.546111,27.722223],[113.543744,27.721038],[113.541111,27.719722],[113.535555,27.718056],[113.529722,27.716389],[113.524722,27.714167],[113.519722,27.711666],[113.515555,27.708611],[113.511389,27.705278],[113.508612,27.700833],[113.505556,27.696111],[113.502223,27.692223],[113.5,27.689829],[113.498612,27.688333],[113.495833,27.683611],[113.492222,27.679722],[113.491111,27.678056]]}},{"type":"Feature","properties":{},"geometry":{"type":"LineString","coordinates":[[113.491111,27.678056],[113.488334,27.679166],[113.483056,27.681945],[113.477777,27.684444],[113.470833,27.685555],[113.464723,27.6875],[113.459445,27.690001],[113.455001,27.693056],[113.449723,27.695555],[113.446111,27.699167],[113.441945,27.702499],[113.4375,27.705555],[113.432222,27.708055],[113.426944,27.710555],[113.421667,27.713056],[113.417222,27.716111],[113.412777,27.719444],[113.410278,27.720629],[113.407501,27.721944],[113.403056,27.724999],[113.398611,27.728056],[113.394167,27.731111],[113.39,27.734444],[113.384722,27.736944],[113.377778,27.738056],[113.372222,27.74],[113.357223,27.739722],[113.350555,27.740833],[113.345278,27.743334],[113.340834,27.746388],[113.33748,27.75],[113.337356,27.750132],[113.337257,27.750239],[113.337256,27.75024],[113.337222,27.750278],[113.332778,27.753333],[113.329167,27.757223],[113.325555,27.760832],[113.321112,27.764167],[113.320959,27.764238],[113.319951,27.764717],[113.315833,27.766666],[113.310833,27.768889],[113.306389,27.772222],[113.301111,27.774722],[113.293889,27.775833],[113.287777,27.777778],[113.281944,27.779722],[113.276667,27.781945],[113.272223,27.785277],[113.267777,27.788333],[113.262499,27.790834],[113.258055,27.793889],[113.25361,27.797222],[113.249166,27.800279],[113.243888,27.802777],[113.238611,27.805278],[113.231667,27.806388],[113.227778,27.8075],[113.227222,27.8075],[113.221667,27.81],[113.215556,27.811666],[113.209444,27.813611],[113.202501,27.815001],[113.197222,27.8175],[113.190278,27.818611],[113.183333,27.819722],[113.180048,27.820074],[113.177111,27.820389],[113.175556,27.820556],[113.167778,27.821111],[113.16,27.821667],[113.155556,27.823888]]}},{"type":"Feature","properties":{},"geometry":{"type":"LineString","coordinates":[[110.183055,27.808056],[110.186666,27.813611],[110.191944,27.823611],[110.198055,27.831944],[110.204722,27.840278],[110.212778,27.846389],[110.221667,27.853056],[110.229722,27.859722],[110.239167,27.865001],[110.248056,27.870833],[110.2575,27.876111],[110.265556,27.882777],[110.276667,27.886389],[110.290556,27.884166],[110.301667,27.88],[110.310278,27.873611],[110.316111,27.865],[110.322777,27.857222],[110.331389,27.850832],[110.342778,27.846666],[110.356946,27.847777],[110.37,27.849722],[110.381142,27.850933],[110.382777,27.851111],[110.395833,27.85361],[110.399723,27.853333],[110.402778,27.857777],[110.408055,27.86],[110.413056,27.861389],[110.419444,27.862222],[110.425833,27.862778],[110.433611,27.861111],[110.438611,27.859167],[110.44389,27.855834],[110.448889,27.853056],[110.454167,27.850277],[110.46,27.847499],[110.464166,27.844167],[110.468333,27.841111],[110.474444,27.838888],[110.481389,27.838056],[110.488611,27.837777],[110.495556,27.837777],[110.499999,27.838148],[110.500001,27.838148],[110.502223,27.838333],[110.508611,27.839723],[110.51361,27.841111],[110.518611,27.842778],[110.522778,27.845],[110.528056,27.847222],[110.531666,27.851111],[110.536945,27.853888],[110.540556,27.856945],[110.543611,27.862222],[110.546111,27.8675],[110.548611,27.872778],[110.550278,27.878889],[110.552499,27.884166],[110.554999,27.889722],[110.557222,27.895],[110.559722,27.900277],[110.560834,27.901389],[110.566945,27.905555],[110.571666,27.910555],[110.580277,27.920277],[110.584482,27.927042],[110.586666,27.930555],[110.590001,27.942222],[110.590406,27.948739],[110.590556,27.951111],[110.591666,27.956945],[110.593888,27.962778],[110.596111,27.9675],[110.599166,27.972499],[110.601667,27.977222],[110.605279,27.980833],[110.608333,27.984722],[110.612777,27.988333],[110.617222,27.990833],[110.622222,27.993611],[110.628056,27.994999],[110.633334,27.998055],[110.636978,28],[110.63698,28.000001],[110.637204,28.00012],[110.637385,28.000217],[110.637387,28.000218],[110.6375,28.000277],[110.641945,28.003334],[110.646667,28.006945],[110.650278,28.01],[110.654722,28.013056],[110.657778,28.017501],[110.660833,28.021944],[110.663611,28.025832],[110.6675,28.029722],[110.671944,28.033333],[110.675,28.036944],[110.680278,28.039999],[110.683889,28.043055],[110.688888,28.045277],[110.693333,28.048888],[110.697777,28.051112],[110.703056,28.054167],[110.708056,28.056388],[110.711667,28.059444],[110.715556,28.063889],[110.72,28.066666],[110.724167,28.069167],[110.729445,28.071945],[110.736112,28.0725],[110.743333,28.073055],[110.749445,28.071667],[110.757222,28.070556],[110.763611,28.071945],[110.768055,28.074167],[110.772499,28.078056],[110.776943,28.080833],[110.780834,28.084722],[110.784444,28.088334],[110.788055,28.091389],[110.791111,28.096111],[110.793612,28.101389],[110.797223,28.105],[110.797341,28.105225],[110.799723,28.109722],[110.803333,28.113334],[110.806667,28.118056],[110.810832,28.120833],[110.815277,28.123889],[110.819167,28.127777],[110.825,28.129167],[110.830833,28.131111],[110.838055,28.131111],[110.839364,28.130954],[110.840033,28.130874],[110.845001,28.130278],[110.850277,28.128055],[110.857222,28.126666],[110.85861,28.126389],[110.864445,28.123612],[110.868055,28.119722],[110.870278,28.114444],[110.875555,28.1125],[110.88,28.115556],[110.883888,28.119166],[110.888333,28.122222],[110.892779,28.125001],[110.896944,28.128056],[110.902222,28.130833],[110.908612,28.130833],[110.915,28.130833],[110.92,28.128056],[110.924445,28.124722],[110.927778,28.120833],[110.932777,28.118056],[110.939723,28.116666],[110.946111,28.117222],[110.950049,28.117223],[110.952501,28.117223],[110.958056,28.118612],[110.959722,28.112778],[110.961388,28.106944],[110.964444,28.1025],[110.968054,28.099167],[110.972222,28.095834],[110.975834,28.0925],[110.980001,28.08861],[110.984166,28.085277],[110.988611,28.082778],[110.993611,28.079167],[110.997778,28.076666],[111,28.075],[111.002222,28.073333],[111.006389,28.07],[111.009723,28.066111],[111.013889,28.062778],[111.019167,28.060555],[111.024166,28.057222],[111.027778,28.053889],[111.031944,28.05],[111.036944,28.047222],[111.040278,28.043333],[111.044722,28.040833],[111.050556,28.037778],[111.055,28.035277],[111.06,28.0325],[111.064167,28.029167],[111.069445,28.026389],[111.073611,28.023056],[111.078056,28.020556],[111.082223,28.016666],[111.086389,28.013333],[111.086493,28.013137],[111.088889,28.00861],[111.091944,28.004167],[111.093445,28.000166],[111.093472,28.000092],[111.093506,28.000001],[111.093611,27.999722],[111.096111,27.994444],[111.095833,27.988055],[111.095555,27.981111],[111.096944,27.975556],[111.096944,27.969166],[111.098606,27.965222],[111.099166,27.963889],[111.101668,27.960277],[111.106945,27.9575],[111.112778,27.955278],[111.118056,27.952499],[111.121388,27.949445],[111.125556,27.945279],[111.128055,27.940834],[111.130557,27.936944],[111.134722,27.933056],[111.138889,27.929723],[111.142499,27.926389],[111.143642,27.925004],[111.146389,27.921667],[111.148054,27.916666],[111.150556,27.912223],[111.151112,27.906389],[111.1525,27.900555],[111.155001,27.895557],[111.1575,27.891667],[111.16,27.886389],[111.162222,27.881945],[111.163055,27.876112],[111.164444,27.870556],[111.166944,27.865834],[111.168611,27.860833],[111.169444,27.855834],[111.164999,27.852779],[111.159723,27.850001],[111.158055,27.844444],[111.158056,27.839722],[111.161389,27.835],[111.163889,27.831389],[111.166111,27.826111],[111.167718,27.823254],[111.168611,27.821666],[111.171111,27.816944],[111.173611,27.812499],[111.176665,27.808056],[111.178334,27.802778],[111.180833,27.798333],[111.181389,27.792777],[111.183889,27.7875],[111.184444,27.781666],[111.186944,27.776667],[111.188611,27.772223],[111.191667,27.767501],[111.196944,27.764722],[111.202223,27.762778],[111.209167,27.761944],[111.215,27.759722],[111.221112,27.758334],[111.228055,27.756111],[111.234167,27.754444],[111.240278,27.753055],[111.246944,27.751666],[111.252052,27.750273],[111.252499,27.750151],[111.253056,27.75],[111.260001,27.749167],[111.266111,27.747222],[111.272222,27.745556],[111.278334,27.743611],[111.285,27.741944],[111.286273,27.740458],[111.288333,27.738056],[111.288888,27.731668],[111.289723,27.726667],[111.291112,27.720834],[111.293611,27.716389],[111.297777,27.712222],[111.301111,27.709167],[111.304445,27.705278],[111.308889,27.702501],[111.315556,27.700278],[111.321946,27.700278],[111.327499,27.700834],[111.33389,27.700833],[111.338888,27.697222],[111.343334,27.694722],[111.3475,27.691389],[111.351667,27.688056],[111.355,27.684167],[111.358333,27.680278],[111.3625,27.676944],[111.365833,27.673055],[111.370277,27.670278],[111.376112,27.667501],[111.38111,27.665277],[111.38639,27.662778],[111.3925,27.661111],[111.399444,27.660278],[111.407222,27.659444],[111.414167,27.65861],[111.421111,27.657499],[111.427501,27.658056],[111.43111,27.658333]]}},{"type":"Feature","properties":{},"geometry":{"type":"LineString","coordinates":[[113.518889,27.644166],[113.513334,27.646666],[113.509722,27.650556],[113.506945,27.655],[113.504445,27.659167],[113.501666,27.663612],[113.500001,27.666276],[113.5,27.666278],[113.498888,27.668055],[113.496112,27.672499],[113.494394,27.67436],[113.492777,27.676111],[113.491111,27.678056]]}},{"type":"Feature","properties":{},"geometry":{"type":"LineString","coordinates":[[114.471667,27.780278],[114.470277,27.780832],[114.464166,27.782777],[114.457222,27.784167],[114.455944,27.784516],[114.451111,27.785834],[114.446111,27.788334],[114.439167,27.789722],[114.432222,27.791111],[114.424166,27.791666],[114.417222,27.791666],[114.409999,27.791666],[114.403056,27.791389],[114.396667,27.790555],[114.390277,27.789722],[114.384445,27.788334],[114.378056,27.7875],[114.376944,27.787167],[114.3725,27.785834],[114.368256,27.78528],[114.366111,27.785001],[114.358889,27.784722],[114.351944,27.784723],[114.344722,27.784722],[114.336944,27.785278],[114.329167,27.786111],[114.322778,27.785278],[114.316389,27.784444],[114.31,27.783333],[114.304166,27.781944],[114.298611,27.780277],[114.292778,27.778612],[114.287777,27.776389],[114.282777,27.773334],[114.278612,27.770001],[114.273611,27.767777],[114.269166,27.764722],[114.265,27.761389],[114.26,27.759167],[114.254999,27.756667],[114.249999,27.754445],[114.244999,27.751944],[114.239444,27.750556],[114.238455,27.750272],[114.238029,27.750151],[114.237501,27.75],[114.237499,27.749999],[114.233611,27.748888],[114.226667,27.748611],[114.220278,27.747778],[114.21389,27.746945],[114.208055,27.745278],[114.202499,27.743889],[114.196667,27.742222],[114.191111,27.740556],[114.19038,27.740346],[114.185278,27.738889],[114.179722,27.7375],[114.173889,27.735833],[114.16889,27.733333],[114.163333,27.731668],[114.1575,27.730278],[114.152778,27.727777],[114.148332,27.724722],[114.144166,27.721388],[114.139722,27.718334],[114.136389,27.714444],[114.131944,27.711389],[114.127777,27.708334],[114.124722,27.703611],[114.121389,27.699722],[114.118796,27.695714],[114.118334,27.695],[114.115556,27.690555],[114.112778,27.685834],[114.109167,27.681945],[114.105556,27.678055],[114.101945,27.674166],[114.098612,27.670278],[114.094999,27.666389],[114.090555,27.663333],[114.086389,27.66],[114.082222,27.656944],[114.077777,27.653888],[114.074594,27.652298],[114.072778,27.651388],[114.068056,27.649167],[114.063055,27.646667],[114.056667,27.645834],[114.050833,27.644167],[114.043889,27.644167],[114.03611,27.644722],[114.029722,27.643889],[114.029442,27.643917],[114.021667,27.644722],[114.015,27.645834],[114.008055,27.647222],[114.000277,27.647777],[114.000001,27.647833],[113.999999,27.647833],[113.993333,27.649167],[113.985278,27.649722],[113.978333,27.649722],[113.970555,27.650277],[113.962777,27.650834],[113.956666,27.651389]]}},{"type":"Feature","properties":{},"geometry":{"type":"LineString","coordinates":[[113.765833,27.642223],[113.762221,27.642778],[113.755,27.642778],[113.748056,27.642499],[113.741667,27.641667],[113.735277,27.640832],[113.728889,27.64],[113.725833,27.639722]]}},{"type":"Feature","properties":{},"geometry":{"type":"LineString","coordinates":[[113.796944,27.637223],[113.790833,27.638612],[113.783889,27.639723],[113.776944,27.641112],[113.769167,27.641667],[113.767042,27.642021],[113.765833,27.642223]]}},{"type":"Feature","properties":{},"geometry":{"type":"LineString","coordinates":[[113.956666,27.651389],[113.955,27.651666],[113.947222,27.652222],[113.940277,27.653333],[113.933333,27.655277],[113.925556,27.656111],[113.917778,27.656667],[113.911389,27.655833],[113.906389,27.653334],[113.901389,27.651111],[113.897222,27.648056],[113.892222,27.645555],[113.888055,27.642501],[113.883056,27.640001],[113.878056,27.637778],[113.875556,27.636667]]}},{"type":"Feature","properties":{},"geometry":{"type":"LineString","coordinates":[[113.875556,27.636667],[113.872222,27.638334],[113.867222,27.640833],[113.861945,27.643334],[113.856667,27.645834],[113.850556,27.6475],[113.843611,27.648889],[113.836388,27.64861],[113.830833,27.646945],[113.828815,27.646682],[113.824444,27.646111],[113.818889,27.644444],[113.818564,27.644351],[113.813056,27.642779],[113.807499,27.641111],[113.802501,27.638611],[113.796944,27.637223]]}},{"type":"Feature","properties":{},"geometry":{"type":"LineString","coordinates":[[113.875556,27.636667],[113.873056,27.635277],[113.868057,27.632777],[113.863796,27.630885],[113.863057,27.630556],[113.858055,27.628056],[113.855104,27.626744],[113.853056,27.625834],[113.847499,27.624167],[113.841945,27.623889]]}},{"type":"Feature","properties":{},"geometry":{"type":"LineString","coordinates":[[113.841945,27.623889],[113.840279,27.623889],[113.834167,27.625834],[113.828888,27.628333],[113.823055,27.630277],[113.816945,27.632222],[113.810834,27.634166],[113.804722,27.635834],[113.797719,27.637061],[113.796944,27.637223]]}},{"type":"Feature","properties":{},"geometry":{"type":"LineString","coordinates":[[113.725833,27.639722],[113.7225,27.639167],[113.71611,27.638333],[113.710277,27.636666],[113.705555,27.634167],[113.699723,27.632499],[113.694722,27.630278],[113.689166,27.628611],[113.683334,27.626945],[113.678611,27.624444],[113.672777,27.622778],[113.667223,27.621389],[113.660833,27.619723],[113.654167,27.618055],[113.653683,27.617992],[113.647778,27.617222],[113.641389,27.616388],[113.635833,27.614722],[113.629444,27.613888],[113.621667,27.614444],[113.617223,27.6175],[113.614444,27.621944],[113.612686,27.62507],[113.611944,27.626388],[113.608333,27.63],[113.603889,27.633334],[113.59861,27.635834],[113.590833,27.636388],[113.588972,27.636654],[113.583055,27.636944],[113.577501,27.635277],[113.571112,27.634444],[113.563889,27.634444],[113.556944,27.634166],[113.549166,27.634722],[113.541389,27.635277],[113.536111,27.638055],[113.53,27.639723],[113.524723,27.642222],[113.518889,27.644166]]}},{"type":"Feature","properties":{},"geometry":{"type":"LineString","coordinates":[[111.531389,27.613333],[111.532778,27.614722],[111.536666,27.618333],[111.540574,27.621019],[111.541112,27.621388],[111.544722,27.624445],[111.549166,27.628055],[111.553611,27.630833],[111.5575,27.634722],[111.5625,27.636945],[111.566945,27.639722],[111.571389,27.643333],[111.576667,27.645554],[111.581667,27.648334],[111.586111,27.650556],[111.591389,27.653333],[111.596389,27.655555],[111.600833,27.657778],[111.605833,27.660834],[111.611111,27.662778],[111.616111,27.665001],[111.621944,27.666389],[111.628333,27.667778],[111.633611,27.669722],[111.638611,27.671944],[111.643611,27.674166],[111.650278,27.675279],[111.656667,27.675834],[111.663334,27.677222],[111.667801,27.678463],[111.668333,27.678611],[111.674722,27.680001],[111.681388,27.681111],[111.688333,27.681111],[111.695556,27.681389],[111.699937,27.681232],[111.703333,27.681111],[111.709445,27.678889],[111.713611,27.676389],[111.718888,27.673611],[111.724722,27.671389],[111.730001,27.668611],[111.734999,27.666667],[111.740277,27.663889],[111.745277,27.661668],[111.749445,27.657778],[111.752778,27.654444],[111.756944,27.650279],[111.760278,27.646389],[111.761376,27.645382],[111.763612,27.643333],[111.767777,27.639167],[111.772222,27.636389],[111.777223,27.633889],[111.782501,27.631667],[111.788332,27.629444],[111.795278,27.628056],[111.803055,27.6275],[111.803873,27.627401],[111.810001,27.626666],[111.817222,27.627222],[111.824445,27.627778],[111.832222,27.626666],[111.839445,27.627222],[111.845278,27.629166],[111.851111,27.630556],[111.853889,27.634445],[111.858056,27.638611],[111.859722,27.644167],[111.862223,27.649444],[111.86361,27.654723],[111.866945,27.659167],[111.869167,27.66389],[111.871667,27.669166],[111.874722,27.673611],[111.877223,27.678333],[111.880278,27.682778],[111.883333,27.687222],[111.887777,27.690278],[111.891667,27.693889],[111.896111,27.696944],[111.900556,27.699722],[111.906389,27.701111],[111.911389,27.703333],[111.917223,27.704723],[111.918889,27.705834],[111.925556,27.706943],[111.930833,27.709722],[111.935,27.711944],[111.940833,27.714167],[111.946944,27.716111],[111.951944,27.718334],[111.957778,27.719722],[111.962778,27.7225],[111.968056,27.724722],[111.973056,27.726111],[111.975832,27.727777]]}},{"type":"Feature","properties":{},"geometry":{"type":"LineString","coordinates":[[113.953056,27.611944],[113.956667,27.615834],[113.959444,27.620556],[113.959167,27.625277],[113.9575,27.630278],[113.955554,27.635555],[113.955019,27.639137],[113.954722,27.641111],[113.955278,27.646667],[113.956666,27.651389]]}},{"type":"Feature","properties":{},"geometry":{"type":"LineString","coordinates":[[113.880278,27.599445],[113.873334,27.599167],[113.86611,27.598889],[113.858889,27.598888],[113.853611,27.598611],[113.85246,27.598925],[113.850556,27.599444],[113.845278,27.601944],[113.841667,27.604999],[113.840833,27.612222],[113.841389,27.619167],[113.841945,27.623889]]}},{"type":"Feature","properties":{},"geometry":{"type":"LineString","coordinates":[[111.43111,27.658333],[111.434722,27.658611],[111.43621,27.658611],[111.441944,27.658611],[111.448889,27.658889],[111.456944,27.65861],[111.459674,27.657096],[111.461944,27.655834],[111.467222,27.653056],[111.471388,27.649723],[111.474722,27.645833],[111.476111,27.640833],[111.478611,27.635554],[111.48,27.630555],[111.4825,27.625834],[111.483889,27.620833],[111.483956,27.620691],[111.485175,27.618116],[111.486388,27.615555],[111.487779,27.610555],[111.491111,27.606666],[111.495277,27.603334],[111.498611,27.599444],[111.499999,27.599111],[111.5,27.599111],[111.505556,27.597777],[111.511946,27.598333],[111.517777,27.599722],[111.521389,27.603611],[111.525277,27.607221],[111.529167,27.610834],[111.531389,27.613333]]}},{"type":"Feature","properties":{},"geometry":{"type":"LineString","coordinates":[[113.776389,27.5575],[113.7825,27.564722],[113.783055,27.577778],[113.781944,27.589722],[113.780001,27.601111],[113.777778,27.612222],[113.774166,27.622222],[113.769444,27.631667],[113.766297,27.640868],[113.765833,27.642223]]}},{"type":"Feature","properties":{},"geometry":{"type":"LineString","coordinates":[[109.954165,27.553611],[109.953611,27.558056],[109.954445,27.5575],[109.955,27.556944],[109.955124,27.557628],[109.956111,27.563056],[109.956946,27.569167],[109.958611,27.574722],[109.959446,27.581666],[109.95889,27.588055],[109.958334,27.594167],[109.956944,27.599722],[109.954722,27.604722],[109.953056,27.610277],[109.950834,27.615278],[109.949444,27.620834],[109.947222,27.625556],[109.945834,27.631389],[109.943611,27.636111],[109.941389,27.641111],[109.94,27.646666],[109.9375,27.651389],[109.936945,27.656945],[109.934722,27.661944],[109.933333,27.6675],[109.931667,27.673056],[109.929445,27.678056],[109.928056,27.683611],[109.9275,27.689166],[109.926111,27.694723],[109.923611,27.699722],[109.922222,27.705277],[109.919999,27.710001],[109.917777,27.715],[109.915556,27.719723],[109.914167,27.725277],[109.911946,27.730278],[109.908887,27.734445],[109.906666,27.739444],[109.903612,27.743611],[109.901388,27.748611],[109.898333,27.752777],[109.896111,27.757779],[109.894445,27.7625],[109.891389,27.766666],[109.889167,27.771667],[109.886944,27.776666],[109.883889,27.780833],[109.881667,27.785556],[109.878611,27.789722],[109.875556,27.794722],[109.874167,27.799722],[109.871112,27.803889],[109.867221,27.8075],[109.864167,27.811666],[109.861111,27.815833],[109.857222,27.819444],[109.854165,27.823611],[109.850278,27.827222],[109.846389,27.830556],[109.844167,27.834722],[109.839722,27.837778],[109.835832,27.841944],[109.831111,27.844722],[109.826389,27.847499],[109.821667,27.850555],[109.817222,27.853333],[109.811666,27.855556],[109.807849,27.856892],[109.806111,27.857501],[109.801666,27.860556],[109.800278,27.861618],[109.796944,27.864166],[109.793844,27.866825],[109.793055,27.8675],[109.79,27.87111],[109.789792,27.871551],[109.787777,27.875834],[109.786389,27.881389],[109.784166,27.886388],[109.783334,27.892778],[109.782777,27.898889],[109.782777,27.905278],[109.782222,27.911388],[109.782223,27.918334],[109.7825,27.925278],[109.783334,27.931667],[109.783889,27.937779],[109.785834,27.944167],[109.786653,27.947281],[109.787222,27.949444],[109.787777,27.956389],[109.786945,27.962778],[109.785283,27.965917],[109.784445,27.9675],[109.782222,27.9725],[109.780834,27.977499],[109.780561,27.978082],[109.778611,27.982222],[109.775555,27.986387],[109.7725,27.990554],[109.771006,27.992729],[109.769447,27.994999],[109.765555,27.998334],[109.764097,27.999999],[109.764096,28],[109.763966,28.000151],[109.763861,28.000271],[109.761666,28.002777],[109.756945,28.005556],[109.753332,28.009167],[109.752562,28.009717],[109.749445,28.011944],[109.745556,28.015556],[109.74,28.0175],[109.736111,28.021111],[109.732223,28.024722],[109.728334,28.028055],[109.724446,28.031666],[109.72,28.035278],[109.715277,28.038055],[109.712222,28.042222],[109.710557,28.047778],[109.708333,28.052778],[109.706944,28.058333],[109.705555,28.063889],[109.703888,28.069445],[109.7025,28.075],[109.701944,28.081389],[109.702777,28.088334],[109.703057,28.095278],[109.703056,28.102222],[109.703056,28.109166],[109.701667,28.114722],[109.7025,28.121666],[109.702778,28.128611],[109.701944,28.133334],[109.701389,28.139722],[109.7,28.145278],[109.699168,28.151389],[109.698612,28.156944],[109.697778,28.163334],[109.697222,28.168057],[109.698056,28.174444],[109.699722,28.18],[109.701389,28.185555],[109.703057,28.191666],[109.70361,28.198611],[109.703611,28.205556],[109.703887,28.2125],[109.704721,28.21889],[109.706387,28.225],[109.707501,28.231111],[109.708333,28.237222],[109.710001,28.242778],[109.710833,28.248889],[109.7125,28.254444],[109.715833,28.259167],[109.717501,28.264722],[109.720001,28.269723],[109.721668,28.275279],[109.724167,28.28],[109.725833,28.285556],[109.728056,28.290278],[109.730833,28.295834],[109.731876,28.300006],[109.732223,28.301389],[109.734722,28.305556],[109.736154,28.310331],[109.736389,28.311111],[109.738332,28.316665],[109.740833,28.321388],[109.743333,28.326111],[109.7475,28.330277],[109.750557,28.334444],[109.754722,28.337777],[109.757777,28.341945],[109.760278,28.346668],[109.763611,28.350834],[109.766943,28.354722],[109.769999,28.35889],[109.773333,28.363055],[109.777222,28.366389],[109.780555,28.370555],[109.783888,28.374722],[109.786666,28.379444],[109.789722,28.383612],[109.793055,28.387779],[109.796389,28.391945],[109.799444,28.396111],[109.803611,28.4],[109.807499,28.403611],[109.81,28.408333],[109.813333,28.4125],[109.81639,28.416667],[109.818084,28.419493],[109.818889,28.420833],[109.822222,28.424445],[109.824722,28.429445],[109.828611,28.433333],[109.831389,28.438334],[109.834722,28.442501],[109.838056,28.446388],[109.840556,28.451389],[109.842222,28.456945],[109.843889,28.4625],[109.846389,28.468056],[109.845697,28.473129],[109.845556,28.474166],[109.845833,28.481111],[109.845001,28.487501],[109.844443,28.493611],[109.844697,28.5],[109.844704,28.500128],[109.844708,28.500231],[109.844722,28.500555],[109.846389,28.506945],[109.847222,28.513056],[109.849722,28.518056],[109.851389,28.523333],[109.853056,28.528888],[109.855833,28.533611],[109.859167,28.538332],[109.861667,28.543055],[109.863815,28.546637],[109.864166,28.547221],[109.867222,28.551389],[109.870556,28.555556],[109.873889,28.559722],[109.876944,28.563889],[109.880277,28.567777],[109.884442,28.571945],[109.8875,28.576111],[109.891668,28.579445],[109.894722,28.58361],[109.898889,28.586944],[109.902777,28.590278],[109.906111,28.593889],[109.909446,28.598056],[109.912779,28.601944],[109.915832,28.606111],[109.92,28.610278],[109.923333,28.614444],[109.926389,28.618611],[109.928057,28.624167],[109.930556,28.628889],[109.932222,28.634444],[109.93413,28.63805],[109.934721,28.639167],[109.938055,28.643889],[109.941389,28.648055],[109.944722,28.652222],[109.948056,28.655833],[109.951389,28.659722],[109.954723,28.663889],[109.958056,28.668055],[109.960277,28.672778],[109.963611,28.677777],[109.966111,28.6825],[109.968611,28.687222],[109.971945,28.691389],[109.975,28.695556],[109.978333,28.699721],[109.979887,28.702657],[109.980834,28.704445],[109.983334,28.709446],[109.984973,28.711768],[109.986666,28.714166],[109.989166,28.718889],[109.992501,28.722499],[109.993079,28.722997],[109.996389,28.725833],[109.999722,28.730001]]}},{"type":"Feature","properties":{},"geometry":{"type":"LineString","coordinates":[[111.341111,27.549722],[111.346112,27.552222],[111.349722,27.556111],[111.353889,27.559444],[111.357222,27.563332],[111.360556,27.567222],[111.364722,27.570556],[111.368334,27.574444],[111.368611,27.58],[111.370555,27.585555],[111.373334,27.590277],[111.376112,27.595],[111.378888,27.599721],[111.382222,27.603611],[111.387222,27.606112],[111.391389,27.609444],[111.396112,27.611667],[111.401111,27.614444],[111.406112,27.616667],[111.409032,27.617689],[111.411666,27.618612],[111.416389,27.621111],[111.416497,27.621228],[111.41808,27.622932],[111.42,27.625],[111.421111,27.63111],[111.421666,27.638055],[111.423056,27.644444],[111.425834,27.648889],[111.427777,27.654444],[111.43111,27.658333]]}},{"type":"Feature","properties":{},"geometry":{"type":"LineString","coordinates":[[110.183055,27.808056],[110.180555,27.805278],[110.176111,27.795279],[110.170834,27.786111],[110.165278,27.776111],[110.161389,27.765556],[110.1575,27.754722],[110.155774,27.750234],[110.155734,27.75013],[110.155684,27.75],[110.153333,27.743889],[110.148055,27.734722],[110.142777,27.725555],[110.136111,27.717222],[110.130001,27.708055],[110.125731,27.703254],[110.123334,27.700555],[110.116666,27.692222],[110.109999,27.684723],[110.103333,27.676389],[110.097222,27.667777],[110.091944,27.658056],[110.086667,27.648889],[110.083333,27.637223],[110.082105,27.628982],[110.081389,27.624167],[110.078889,27.611944],[110.075556,27.600556],[110.073055,27.58889],[110.067222,27.580277],[110.059722,27.572777],[110.050277,27.566944],[110.040833,27.561667],[110.031388,27.556389],[110.021111,27.551388],[110.011666,27.546111],[110,27.545278]]}},{"type":"Feature","properties":{},"geometry":{"type":"LineString","coordinates":[[109.999722,27.545],[109.998334,27.544999],[109.985555,27.547777],[109.970556,27.548888],[109.96312,27.550917],[109.958334,27.552221],[109.954165,27.553611]]}},{"type":"Feature","properties":{},"geometry":{"type":"LineString","coordinates":[[111.516666,27.534723],[111.519444,27.541388],[111.5225,27.546667],[111.524722,27.550556],[111.528611,27.554167],[111.531265,27.558027],[111.531666,27.558611],[111.535555,27.562499],[111.537777,27.567778],[111.539723,27.573889],[111.538889,27.579444],[111.5375,27.585278],[111.536945,27.591111],[111.535277,27.59611],[111.533889,27.601389],[111.532223,27.606389],[111.531389,27.613333]]}},{"type":"Feature","properties":{},"geometry":{"type":"LineString","coordinates":[[113.625832,27.47],[113.631948,27.469345],[113.63361,27.469166],[113.640833,27.469444],[113.645001,27.4725],[113.648611,27.476389],[113.651945,27.480278],[113.655556,27.484166],[113.656946,27.490278],[113.659167,27.495833],[113.661696,27.500133],[113.661759,27.50024],[113.661945,27.500556],[113.666111,27.503611],[113.669722,27.5075],[113.673334,27.511389],[113.675277,27.516666],[113.676667,27.522778],[113.6775,27.529722],[113.678334,27.536666],[113.678056,27.543055],[113.678889,27.550001],[113.682223,27.553889],[113.685834,27.557778],[113.689444,27.561667],[113.692222,27.566389],[113.693612,27.5725],[113.693333,27.578889],[113.696388,27.583333],[113.700555,27.586389],[113.705556,27.58889],[113.709166,27.592779],[113.711945,27.5975],[113.713889,27.602779],[113.715556,27.608889],[113.717501,27.614444],[113.719722,27.619722],[113.721944,27.625278],[113.723889,27.630556],[113.725174,27.636615],[113.725833,27.639722]]}},{"type":"Feature","properties":{},"geometry":{"type":"LineString","coordinates":[[109.071494,27.330641],[109.074167,27.331944],[109.084379,27.333611],[109.102792,27.339506],[109.120285,27.343873],[109.153793,27.353558],[109.170869,27.360521],[109.190608,27.368565],[109.236579,27.383221],[109.282717,27.401033],[109.329888,27.418789],[109.353546,27.423991],[109.375689,27.428854],[109.402146,27.437067],[109.411945,27.438889],[109.425555,27.440833],[109.439167,27.442222],[109.452778,27.443611],[109.465556,27.445555],[109.478611,27.447778],[109.492778,27.448332],[109.494568,27.448479],[109.5,27.448922],[109.506388,27.449444],[109.511599,27.449977],[109.519999,27.450833],[109.533611,27.452223],[109.547222,27.454166],[109.560556,27.454722],[109.574722,27.455278],[109.59,27.455834],[109.604722,27.455555],[109.619167,27.456667],[109.631944,27.458055],[109.645556,27.46],[109.652306,27.461688],[109.657778,27.463056],[109.667778,27.4675],[109.678333,27.471944],[109.688333,27.476944],[109.697778,27.482221],[109.707222,27.486944],[109.717222,27.491945],[109.72611,27.498055],[109.728852,27.499999],[109.728853,27.5],[109.729064,27.50015],[109.729234,27.500271],[109.734722,27.504166],[109.743333,27.509444],[109.751389,27.516111],[109.76,27.521388],[109.769723,27.5275],[109.781112,27.53111],[109.791111,27.535556],[109.80139,27.540556],[109.810278,27.546666],[109.818889,27.5525],[109.829724,27.556943],[109.841943,27.559167],[109.8425,27.559209],[109.856388,27.560278],[109.871112,27.559999],[109.886389,27.560556],[109.901944,27.559444],[109.916666,27.558333],[109.931389,27.556666],[109.946389,27.555833],[109.954165,27.553611]]}},{"type":"Feature","properties":{},"geometry":{"type":"LineString","coordinates":[[111.468889,27.253611],[111.475833,27.252778],[111.479569,27.253667],[111.481667,27.254167],[111.482642,27.254681],[111.486944,27.256944],[111.491111,27.259167],[111.496389,27.262222],[111.5,27.263626],[111.501389,27.264167],[111.507222,27.266389],[111.509568,27.26704],[111.512222,27.267778],[111.5175,27.270555],[111.521112,27.274445],[111.524722,27.2775],[111.529445,27.281111],[111.534445,27.283056],[111.538055,27.28611],[111.543334,27.289167],[111.550277,27.288889],[111.552609,27.288609],[111.557222,27.288056],[111.563334,27.286389],[111.571111,27.285556],[111.578056,27.284722],[111.583888,27.283056],[111.589167,27.280278],[111.595,27.278334],[111.601301,27.276821],[111.601944,27.276666],[111.608889,27.275833],[111.615833,27.274723],[111.623611,27.273889],[111.629722,27.273611],[111.636945,27.274167],[111.643333,27.274167],[111.651111,27.273889],[111.65889,27.273334],[111.666667,27.273056],[111.674444,27.272223],[111.681667,27.272777],[111.688889,27.273056],[111.696389,27.272222],[111.703056,27.273334],[111.709445,27.274722],[111.715834,27.275278],[111.716547,27.275448],[111.721665,27.276667],[111.728611,27.276389],[111.735277,27.277501],[111.743056,27.277222],[111.75,27.277222],[111.757222,27.2775],[111.763889,27.278889],[111.770834,27.278611],[111.776666,27.28],[111.783611,27.280555],[111.79,27.281112],[111.796111,27.283056],[111.801111,27.285278],[111.806111,27.288056],[111.811388,27.290277],[111.815834,27.293056],[111.819444,27.296667],[111.823889,27.299722],[111.828333,27.302777],[111.831389,27.307222],[111.835832,27.309999],[111.840278,27.312223],[111.844722,27.315832],[111.85,27.318889],[111.853611,27.3225],[111.858056,27.325278],[111.86111,27.329167],[111.865,27.333611],[111.869444,27.336389],[111.873056,27.339722],[111.875833,27.342223],[111.881944,27.345556],[111.886389,27.348332],[111.890834,27.351944],[111.893889,27.355834],[111.898334,27.358612],[111.903612,27.361389],[111.907777,27.363611],[111.9125,27.367222],[111.9175,27.369445],[111.921111,27.372499],[111.923554,27.373785],[111.926389,27.375277],[111.932222,27.376667],[111.936666,27.379444],[111.943054,27.380278],[111.948889,27.382222],[111.952222,27.3875],[111.95389,27.388611],[111.959722,27.389999],[111.964722,27.391944],[111.969166,27.395],[111.973611,27.397777],[111.978055,27.400833],[111.981667,27.404444],[111.985555,27.408333],[111.988611,27.412777],[111.9925,27.416389],[111.995555,27.420278],[111.998613,27.424721],[111.999999,27.426248],[112,27.426249],[112.000001,27.42625],[112.001389,27.427778],[112.005556,27.432777],[112.008612,27.438055],[112.011111,27.442777],[112.014167,27.447777],[112.016667,27.453056],[112.019166,27.458334],[112.021111,27.464444],[112.021389,27.470833],[112.020555,27.475834],[112.018889,27.480834],[112.016667,27.486111],[112.013333,27.49],[112.010278,27.493889],[112.006944,27.498611],[112.005753,27.500001],[112.003611,27.5025],[112.001112,27.506389],[112.000001,27.508106],[112,27.508106],[111.998055,27.511111],[111.995555,27.515555],[111.994166,27.520556],[111.996389,27.525833],[111.998889,27.531111],[111.999999,27.534284],[112,27.534287],[112,27.53429],[112.000001,27.534292],[112.000784,27.536528],[112.000833,27.536667],[112.003333,27.5425],[112.005833,27.547778],[112.006112,27.554168],[112.006111,27.560278],[112.005556,27.566112],[112.006112,27.573055],[112.007913,27.576857],[112.008612,27.578333],[112.011667,27.582778],[112.015277,27.586388],[112.020556,27.588611],[112.02611,27.59],[112.031389,27.592222],[112.034444,27.596667],[112.034686,27.601985],[112.034722,27.602778],[112.034166,27.608612],[112.032501,27.613056],[112.031111,27.618055],[112.029445,27.623334],[112.028056,27.628333],[112.027221,27.634166],[112.028334,27.640277],[112.030833,27.646111],[112.031945,27.646667],[112.028334,27.650001],[112.025278,27.654723],[112.021944,27.658611],[112.018611,27.661944],[112.015278,27.666389],[112.012778,27.671112],[112.010556,27.676111],[112.008889,27.680555],[112.006666,27.685833],[112.006112,27.691667],[112.002778,27.696111],[112.000001,27.698889],[112,27.69889],[111.999444,27.699445],[111.996111,27.703333],[111.991944,27.706666],[111.988611,27.710555],[111.985555,27.715278],[111.983055,27.719167],[111.980555,27.723611],[111.975832,27.727777]]}},{"type":"Feature","properties":{},"geometry":{"type":"LineString","coordinates":[[114.336111,27.054444],[114.336943,27.055278],[114.343889,27.063056],[114.349723,27.072222],[114.355833,27.080834],[114.363611,27.087778],[114.371389,27.094722],[114.3786,27.098127],[114.378601,27.098128],[114.38139,27.099445],[114.390556,27.105],[114.398889,27.111388],[114.408889,27.116111],[114.417222,27.122221],[114.426389,27.127778],[114.436389,27.1325],[114.446389,27.137222],[114.4575,27.140556],[114.468888,27.143889],[114.479445,27.147777],[114.490834,27.15111],[114.499999,27.154487],[114.5,27.154488],[114.501389,27.155],[114.510556,27.160556],[114.519723,27.166112],[114.528055,27.172222],[114.535834,27.179166],[114.543054,27.186944],[114.550001,27.194722],[114.557779,27.201667],[114.565556,27.20889],[114.573333,27.215832],[114.581111,27.222777],[114.586944,27.231943],[114.590556,27.243611],[114.592007,27.25],[114.592028,27.250091],[114.592045,27.250165],[114.593333,27.255833],[114.595556,27.26889],[114.597778,27.281945],[114.599167,27.295834],[114.601944,27.308056],[114.604999,27.320277],[114.606388,27.334166],[114.607777,27.348057],[114.608612,27.361112],[114.609167,27.374444],[114.610555,27.388056],[114.610664,27.39066],[114.61111,27.401389],[114.612777,27.414999],[114.6125,27.427778],[114.612222,27.440278],[114.611944,27.452777],[114.613333,27.466667],[114.615,27.480278],[114.616388,27.494168],[114.618674,27.500109],[114.618709,27.500198],[114.620555,27.505],[114.625,27.515833],[114.629167,27.52639],[114.634167,27.536666],[114.639444,27.547222],[114.642801,27.558067],[114.643056,27.558889],[114.645833,27.571111],[114.648056,27.584167],[114.649294,27.589613],[114.649666,27.591253],[114.650834,27.596389],[114.653889,27.608611],[114.6575,27.620278],[114.661111,27.631945],[114.66611,27.641944],[114.671666,27.651111],[114.6775,27.660555],[114.683055,27.669722],[114.688888,27.678888],[114.694723,27.688332],[114.700277,27.6975],[114.705278,27.707499],[114.708611,27.714999],[114.709167,27.714722],[114.711944,27.725834],[114.715556,27.737222],[114.717305,27.7475],[114.717729,27.75],[114.717756,27.750149],[114.717776,27.750269],[114.717778,27.750277],[114.719154,27.761753],[114.719445,27.764167],[114.72,27.777499],[114.72,27.783333]]}},{"type":"Feature","properties":{},"geometry":{"type":"LineString","coordinates":[[114.456389,27.062778],[114.451667,27.054166],[114.447222,27.043333],[114.440277,27.035556],[114.428333,27.033055],[114.414444,27.034167],[114.40139,27.037222],[114.387223,27.037222],[114.376666,27.033056],[114.364167,27.031389],[114.353611,27.035001],[114.345834,27.041945],[114.339444,27.05],[114.338179,27.051686],[114.336111,27.054444]]}},{"type":"Feature","properties":{},"geometry":{"type":"LineString","coordinates":[[113.358889,27.013055],[113.359026,27.015544],[113.359167,27.018056],[113.360833,27.031946],[113.362499,27.045],[113.364723,27.058054],[113.366389,27.071111],[113.368611,27.084166],[113.368611,27.097501],[113.369721,27.110557],[113.368611,27.121945],[113.365832,27.133611],[113.366666,27.146943],[113.366312,27.148922],[113.364724,27.157777],[113.363889,27.170277],[113.364723,27.183611],[113.366944,27.196111],[113.371389,27.206667],[113.373032,27.209542],[113.376944,27.216389],[113.383888,27.224446],[113.390833,27.231944],[113.399722,27.2375],[113.407501,27.245],[113.413369,27.25],[113.413472,27.250087],[113.413554,27.250156],[113.414999,27.251389],[113.421388,27.260279],[113.426944,27.269444],[113.431944,27.28],[113.436388,27.290557],[113.44,27.301389],[113.443056,27.313332],[113.445278,27.32639],[113.445278,27.339722],[113.447222,27.353611],[113.449446,27.365833],[113.455278,27.375557],[113.456671,27.377123],[113.461946,27.383056],[113.469722,27.390278],[113.478888,27.396667],[113.480055,27.397926],[113.485834,27.404167],[113.493334,27.411667],[113.499723,27.419722],[113.5,27.420883],[113.5,27.420884],[113.502777,27.4325],[113.501666,27.444166],[113.500001,27.447811],[113.5,27.447813],[113.497222,27.453889],[113.491666,27.462223],[113.486945,27.47139],[113.484384,27.475834],[113.481666,27.480556],[113.474168,27.488055],[113.466945,27.495555],[113.463981,27.5],[113.461388,27.503889],[113.458994,27.513464],[113.458611,27.514999],[113.459445,27.528055],[113.459444,27.541389],[113.462499,27.553611],[113.464722,27.566111],[113.469166,27.576667],[113.475555,27.585555],[113.483056,27.592221],[113.489445,27.601111],[113.490176,27.602065],[113.495834,27.609444],[113.5,27.61619],[113.501666,27.618889],[113.507778,27.627222],[113.514167,27.636111],[113.515848,27.638979],[113.518889,27.644166]]}},{"type":"Feature","properties":{},"geometry":{"type":"LineString","coordinates":[[113.155556,27.823888],[113.157223,27.818889],[113.159167,27.813889],[113.161111,27.80889],[113.163889,27.804445],[113.164724,27.798889],[113.165832,27.793334],[113.165277,27.786389],[113.164444,27.779444],[113.164723,27.773055],[113.163332,27.766944],[113.161389,27.761666],[113.16,27.755277],[113.157877,27.750236],[113.157832,27.75013],[113.157778,27.75],[113.155555,27.744444],[113.152778,27.74],[113.149999,27.735277],[113.147223,27.730556],[113.144999,27.725278],[113.142223,27.720557],[113.139444,27.715834],[113.137499,27.710556],[113.134722,27.705833],[113.133333,27.699723],[113.131111,27.694166],[113.129166,27.688889],[113.127777,27.682501],[113.126945,27.675556],[113.125556,27.669444],[113.124166,27.663332],[113.122778,27.657222],[113.121389,27.651111],[113.119445,27.645555],[113.118612,27.638612],[113.118888,27.632499],[113.119166,27.626111],[113.120277,27.620556],[113.120278,27.614167],[113.121389,27.608611],[113.1225,27.602778],[113.123334,27.597222],[113.125278,27.592222],[113.127223,27.587222],[113.13,27.582777],[113.132499,27.578611],[113.136112,27.574722],[113.139723,27.571111],[113.143334,27.567222],[113.146111,27.562778],[113.149723,27.559166],[113.152222,27.554723],[113.155001,27.550278],[113.157778,27.545833],[113.160555,27.541667],[113.162222,27.536389],[113.163333,27.530833],[113.163612,27.524723],[113.163889,27.518333],[113.1625,27.512222],[113.159444,27.5075],[113.156667,27.502777],[113.15573,27.500235],[113.155692,27.50013],[113.155643,27.5],[113.154722,27.4975],[113.153612,27.495555],[113.153888,27.496111],[113.150834,27.491389],[113.1475,27.4875],[113.145631,27.485489],[113.143889,27.483611],[113.141112,27.478889],[113.137778,27.475],[113.134167,27.471111],[113.130555,27.467222],[113.127223,27.463332],[113.124445,27.458611],[113.120834,27.454722],[113.116666,27.451667],[113.113055,27.4475],[113.109445,27.443611],[113.106111,27.439722],[113.1025,27.435832],[113.09889,27.431945],[113.095556,27.428056],[113.091945,27.424167],[113.087777,27.421111],[113.084168,27.416944],[113.080833,27.413055],[113.077224,27.409167],[113.07361,27.405279],[113.069445,27.402222],[113.066111,27.398333],[113.061667,27.395],[113.058333,27.391111],[113.054166,27.388055],[113.049722,27.384722],[113.046388,27.380833],[113.042222,27.377778],[113.038056,27.374721],[113.033056,27.372222],[113.027222,27.370556],[113.024152,27.369997],[113.021112,27.369445],[113.015279,27.368055],[113.010556,27.365555],[113.006112,27.362222],[113.002778,27.358332],[113,27.356297],[112.999999,27.356296],[112.998611,27.355277],[112.994166,27.352222],[112.990833,27.348055],[112.987223,27.344166],[112.983889,27.340278],[112.980278,27.336389],[112.976111,27.333334],[112.9725,27.329444],[112.968333,27.326111],[112.964722,27.322222],[112.961389,27.318334],[112.957224,27.315277],[112.953611,27.311389],[112.950835,27.306666],[112.948055,27.301946],[112.944443,27.298056],[112.941667,27.293334],[112.938334,27.289444],[112.935555,27.284721],[112.931943,27.280833],[112.929166,27.276111],[112.925834,27.272222],[112.921666,27.269167],[112.918055,27.265277],[112.914446,27.261111],[112.91111,27.257223],[112.907499,27.253333],[112.904787,27.250169],[112.904722,27.250094],[112.904642,27.250001],[112.904641,27.25],[112.904166,27.249444],[112.899722,27.246389],[112.896388,27.2425],[112.892777,27.238611],[112.889444,27.234445],[112.886668,27.23],[112.884445,27.224445],[112.882501,27.219167],[112.881111,27.213055],[112.879166,27.2075],[112.876945,27.202222],[112.876302,27.199267],[112.875555,27.195834],[112.875,27.188889],[112.87611,27.183333],[112.876945,27.177778],[112.877222,27.171389],[112.876667,27.164445],[112.875833,27.1575],[112.874722,27.15139],[112.871944,27.146667],[112.869722,27.141389],[112.867776,27.13611],[112.865,27.131389],[112.862222,27.126666],[112.858611,27.122777],[112.855278,27.118889],[112.851112,27.115555],[112.8475,27.111667],[112.843889,27.107778],[112.841389,27.103056],[112.838611,27.098611],[112.836389,27.093055],[112.834444,27.0875],[112.831668,27.083056],[112.828057,27.079167],[112.825278,27.074444],[112.822501,27.069722],[112.819722,27.065],[112.816943,27.059722],[112.815,27.054444],[112.812222,27.049723],[112.809444,27.045],[112.805832,27.041111],[112.8025,27.037223],[112.799722,27.0325],[112.796112,27.028611],[112.793333,27.023889],[112.79139,27.018333],[112.788611,27.013611],[112.785001,27.006389]]}},{"type":"Feature","properties":{},"geometry":{"type":"LineString","coordinates":[[112.815277,26.9825],[112.808889,26.981666],[112.802778,26.982222],[112.7975,26.984721],[112.793889,26.988333],[112.790556,26.992222],[112.787778,26.996389],[112.786374,27],[112.786316,27.00015],[112.78627,27.000268],[112.785833,27.001389],[112.785535,27.00318],[112.785001,27.006389]]}},{"type":"Feature","properties":{},"geometry":{"type":"LineString","coordinates":[[113.306111,26.974445],[113.311389,26.976667],[113.315277,26.981666],[113.317222,26.986944],[113.316666,26.992779],[113.315833,26.997777],[113.316011,26.999999],[113.316022,27.000142],[113.316032,27.000255],[113.316389,27.004722],[113.31889,27.009167],[113.322777,27.013611],[113.327222,27.015833],[113.332107,27.016047],[113.333611,27.016111],[113.334444,27.016078],[113.340555,27.015834],[113.348055,27.014722],[113.35467,27.013778],[113.355833,27.013611],[113.358889,27.013055]]}},{"type":"Feature","properties":{},"geometry":{"type":"LineString","coordinates":[[114.336111,27.054444],[114.334984,27.053163],[114.32854,27.049004],[114.322119,27.044946],[114.318502,27.040657],[114.314374,27.03657],[114.310247,27.030743],[114.306583,27.027724],[114.298541,27.023324],[114.291058,27.019195],[114.283575,27.015064],[114.280709,27.012927],[114.275429,27.007261],[114.268611,27.005833],[114.255277,27.004722],[114.243889,27.001389],[114.241955,27.000275],[114.241742,27.000151],[114.241478,27],[114.234722,26.996112],[114.227777,26.988333],[114.218612,26.982778],[114.204444,26.982499],[114.193333,26.986944],[114.185279,26.993889],[114.178147,27],[114.177986,27.000139],[114.177854,27.000252],[114.1775,27.000555],[114.167779,27.006389],[114.155833,27.01],[114.147284,27.010611],[114.140278,27.011111],[114.129166,27.008056],[114.117777,27.004722],[114.116746,27.003932],[114.111867,27.000192],[114.111754,27.000105],[114.111619,27],[114.109445,26.998334],[114.099444,26.993611],[114.088889,26.989723],[114.076945,26.987222],[114.065,26.984444],[114.0525,26.982778],[114.038332,26.982501],[114.024167,26.982223],[114.009444,26.982778],[114.000001,26.980802],[113.999999,26.980802],[113.997501,26.980278],[113.986111,26.976944],[113.979166,26.969167],[113.9731,26.960989],[113.972778,26.960555],[113.969444,26.949166],[113.967778,26.938612]]}},{"type":"Feature","properties":{},"geometry":{"type":"LineString","coordinates":[[112.785001,27.006389],[112.783611,27.003611],[112.780747,27.000271],[112.780746,27.000271],[112.780643,27.000151],[112.780516,27],[112.780277,26.999722],[112.7775,26.995],[112.774723,26.990557],[112.771944,26.985834],[112.769167,26.981111],[112.765833,26.977222],[112.762222,26.973334],[112.758889,26.969444],[112.754444,26.966111],[112.750277,26.963056],[112.746111,26.959166],[112.741944,26.955833],[112.736945,26.953611],[112.732779,26.950277],[112.728055,26.947778],[112.723889,26.946944],[112.719166,26.944444],[112.717159,26.943441],[112.714166,26.941944],[112.708612,26.939722],[112.702222,26.938611],[112.695834,26.937778],[112.689444,26.936946],[112.683332,26.935834],[112.676945,26.935],[112.671389,26.933334],[112.665556,26.931667],[112.66,26.930001],[112.655278,26.9275],[112.650834,26.924166],[112.646667,26.921111],[112.641944,26.918611],[112.639562,26.91742],[112.636945,26.916111],[112.630555,26.915278],[112.627222,26.911389],[112.624444,26.906667],[112.621668,26.901944],[112.618889,26.8975],[112.614722,26.894166],[112.61,26.891667],[112.609604,26.890581]]}},{"type":"Feature","properties":{},"geometry":{"type":"LineString","coordinates":[[113.472222,26.789444],[113.468333,26.789723],[113.461946,26.791944],[113.455833,26.794168],[113.448889,26.794722],[113.443332,26.794167],[113.436944,26.793611],[113.429166,26.794722],[113.421667,26.795833],[113.415556,26.797222],[113.410556,26.800277],[113.405556,26.803055],[113.401666,26.806389],[113.3975,26.809723],[113.394167,26.813889],[113.389999,26.817222],[113.386111,26.821389],[113.383056,26.825278],[113.379999,26.830001],[113.378333,26.834166],[113.376111,26.839444],[113.375015,26.843611],[113.374722,26.844722],[113.373056,26.849166],[113.371667,26.854168],[113.370279,26.859444],[113.369722,26.865],[113.368333,26.870277],[113.366944,26.875278],[113.365555,26.880277],[113.364167,26.885557],[113.363611,26.891112],[113.361389,26.896389],[113.358889,26.900279],[113.356667,26.904722],[113.356389,26.9075],[113.358333,26.927778],[113.357499,26.939722],[113.355554,26.950556],[113.355278,26.963334],[113.355278,26.976667],[113.357222,26.990277],[113.357806,27],[113.357814,27.000125],[113.357819,27.000224],[113.358055,27.004166],[113.358889,27.013055]]}},{"type":"Feature","properties":{},"geometry":{"type":"LineString","coordinates":[[113.5525,26.900278],[113.553056,26.894444],[113.554444,26.889444],[113.556666,26.884722],[113.558055,26.878889],[113.558611,26.874168],[113.559167,26.867777],[113.559444,26.861944],[113.559167,26.855555],[113.558611,26.848612],[113.558334,26.843055],[113.558055,26.836945],[113.556667,26.83],[113.553055,26.82639],[113.546667,26.825834],[113.540277,26.825556],[113.534445,26.824167],[113.531944,26.818889],[113.528888,26.814444],[113.525555,26.810001],[113.521111,26.807222],[113.515554,26.805833],[113.509003,26.806337],[113.508334,26.806389],[113.501389,26.805833],[113.500001,26.804841],[113.5,26.80484],[113.4975,26.803056],[113.493056,26.799445],[113.488611,26.797222],[113.486293,26.795774],[113.484166,26.794444],[113.479722,26.791667],[113.473889,26.789444],[113.472222,26.789444]]}},{"type":"Feature","properties":{},"geometry":{"type":"LineString","coordinates":[[113.472222,26.789444],[113.471946,26.78361],[113.4725,26.777222],[113.471111,26.770277],[113.47,26.764167],[113.468334,26.758889],[113.465833,26.754166],[113.462222,26.750556],[113.461707,26.750078],[113.461671,26.750044],[113.461624,26.75],[113.458332,26.746944],[113.453887,26.744167],[113.448611,26.741389],[113.443611,26.74],[113.437778,26.738056],[113.431389,26.736944],[113.426667,26.736945]]}},{"type":"Feature","properties":{},"geometry":{"type":"LineString","coordinates":[[112.877221,26.59139],[112.869445,26.592222],[112.855834,26.59111],[112.843333,26.589166],[112.837823,26.587986],[112.831666,26.586667],[112.804723,26.584167],[112.791667,26.583056],[112.778611,26.581944],[112.770833,26.581944],[112.770016,26.581846],[112.759166,26.580556]]}},{"type":"Feature","properties":{},"geometry":{"type":"LineString","coordinates":[[112.609604,26.890581],[112.612778,26.890279],[112.619722,26.888888],[112.625833,26.887222],[112.631944,26.885277],[112.638057,26.883611],[112.643889,26.881667],[112.649167,26.879166],[112.654444,26.876667],[112.659723,26.874444],[112.663834,26.871361],[112.664167,26.871112],[112.668611,26.868056],[112.671111,26.863611],[112.673889,26.859444],[112.676111,26.855833],[112.676945,26.85],[112.676667,26.844722],[112.675277,26.838333],[112.673057,26.833055],[112.671945,26.826944],[112.671166,26.82046],[112.671111,26.82],[112.670556,26.813056],[112.670833,26.806667],[112.67111,26.800556],[112.671944,26.794722],[112.672221,26.788612],[112.67238,26.787826],[112.673333,26.783056],[112.674445,26.777222],[112.676389,26.772222],[112.678056,26.767222],[112.680833,26.763056],[112.683615,26.76006],[112.684446,26.759166],[112.688056,26.755555],[112.692221,26.7525],[112.696946,26.750262],[112.697193,26.750145],[112.6975,26.75],[112.701946,26.746945],[112.705896,26.745073],[112.707221,26.744444],[112.708169,26.742006],[112.709166,26.739444],[112.71,26.733611],[112.711111,26.728055],[112.713056,26.723055],[112.714166,26.7175],[112.715833,26.7125],[112.716945,26.706944],[112.718889,26.701944],[112.720834,26.696944],[112.723334,26.692499],[112.725277,26.6875],[112.728056,26.683056],[112.730001,26.678056],[112.7325,26.673611],[112.735277,26.669444],[112.738055,26.665],[112.740834,26.660555],[112.743334,26.656389],[112.746111,26.651944],[112.748055,26.646944],[112.749167,26.641389],[112.750278,26.635555],[112.750813,26.631985],[112.751111,26.63],[112.751423,26.628444],[112.752223,26.624445],[112.752501,26.618056],[112.753611,26.612499],[112.753611,26.60611],[112.753889,26.6],[112.754166,26.593611],[112.754445,26.587499],[112.756945,26.583056],[112.759166,26.580556]]}},{"type":"Feature","properties":{},"geometry":{"type":"LineString","coordinates":[[112.595001,26.539444],[112.599167,26.545],[112.601803,26.548692],[112.602051,26.54904],[112.603333,26.550832],[112.603889,26.554166],[112.605,26.560277],[112.604167,26.566111],[112.603612,26.571667],[112.601389,26.576111],[112.598054,26.580278],[112.595,26.584166],[112.59,26.587499],[112.583889,26.589166],[112.580833,26.588889]]}},{"type":"Feature","properties":{},"geometry":{"type":"LineString","coordinates":[[109.071494,27.330641],[109.064166,27.3275],[109.054722,27.322222],[109.045555,27.316944],[109.035555,27.3125],[109.033976,27.311689],[109.025278,27.307222],[109.024102,27.306546],[109.007762,27.295422],[109.000001,27.290925],[109,27.290924],[108.994459,27.287714],[108.966397,27.273707],[108.944834,27.262874],[108.92672,27.254296],[108.920278,27.249722],[108.909445,27.245278],[108.90684,27.244121],[108.899444,27.240833],[108.890279,27.235555],[108.88,27.230277],[108.870832,27.225],[108.861388,27.218889],[108.851112,27.213612],[108.843333,27.206945],[108.835278,27.200833],[108.828055,27.193054],[108.820834,27.185556],[108.815282,27.181616],[108.812222,27.179445],[108.808742,27.177499],[108.802777,27.174167],[108.794166,27.168056],[108.785001,27.162777],[108.774722,27.1575],[108.766944,27.150555],[108.758334,27.144444],[108.748889,27.139166],[108.739429,27.134175],[108.738889,27.133889],[108.727501,27.130834],[108.713332,27.130279],[108.698333,27.129722],[108.686112,27.126944],[108.675555,27.123056],[108.664167,27.119445],[108.653333,27.115557],[108.640555,27.113332],[108.628611,27.111111],[108.615556,27.108332],[108.605,27.104444],[108.594166,27.100001],[108.584999,27.094721],[108.578998,27.090169],[108.576945,27.088611],[108.568334,27.081667],[108.558333,27.077223],[108.545556,27.075],[108.531946,27.073611],[108.516389,27.074444],[108.500832,27.074444],[108.500001,27.074461],[108.499999,27.074461],[108.48611,27.074723],[108.472501,27.072499],[108.461111,27.069445],[108.451111,27.064167],[108.443933,27.058784],[108.442224,27.057501],[108.434244,27.053732],[108.432222,27.052777],[108.423888,27.046945],[108.415277,27.040834],[108.408055,27.033056],[108.399444,27.026943],[108.391389,27.019999],[108.384166,27.013055],[108.377777,27.004721],[108.372929,27.000209],[108.372829,27.000115],[108.372706,27],[108.369722,26.997222],[108.367119,26.994052],[108.363333,26.989444],[108.356111,26.981667],[108.346111,26.977222],[108.333332,26.974999],[108.325556,26.981389],[108.323056,26.991944],[108.321667,26.993611],[108.319167,26.998055],[108.31841,27],[108.318356,27.000141],[108.318312,27.000255],[108.317222,27.003056],[108.316389,27.008611],[108.315555,27.014444],[108.314722,27.019444],[108.310556,27.023334],[108.304167,27.0225],[108.299722,27.019444],[108.296943,27.014722],[108.293334,27.011112],[108.289722,27.007222],[108.28611,27.003333],[108.282499,27.000278],[108.282491,27.000271],[108.282491,27.000271],[108.282352,27.00015],[108.282183,27],[108.278056,26.996389],[108.274444,26.992779],[108.270278,26.989721],[108.266667,26.986389],[108.261667,26.984166],[108.255555,26.983333],[108.248333,26.983333],[108.24139,26.983333],[108.234166,26.982778],[108.226388,26.983612],[108.219444,26.983611],[108.213889,26.981945],[108.209444,26.979444],[108.205277,26.976389],[108.201666,26.972778],[108.199445,26.966667],[108.197777,26.960555],[108.197778,26.954166],[108.196945,26.947499],[108.192778,26.944167],[108.186945,26.942778],[108.180555,26.941944],[108.173611,26.941944],[108.168056,26.941111],[108.161666,26.940279],[108.156667,26.937501],[108.151112,26.935833],[108.145278,26.934445],[108.140278,26.931945],[108.13611,26.929722],[108.131944,26.925833],[108.128333,26.922778],[108.125556,26.918889],[108.121666,26.914443],[108.118056,26.910555],[108.115279,26.906666],[108.111667,26.901944],[108.108056,26.898333],[108.104444,26.894444],[108.101389,26.889168],[108.097778,26.885278],[108.095279,26.881945],[108.091389,26.876945],[108.088611,26.872222],[108.08639,26.867777],[108.083333,26.862222],[108.080556,26.857778],[108.077779,26.853889],[108.075556,26.848333],[108.0725,26.843889],[108.069723,26.839166],[108.066666,26.834722],[108.063611,26.829444],[108.061667,26.824722],[108.058055,26.820278],[108.055,26.815556],[108.052222,26.811112],[108.050556,26.804999],[108.048333,26.799445],[108.046945,26.793333],[108.046943,26.787222],[108.046667,26.780278],[108.040555,26.779444],[108.036111,26.7825],[108.033611,26.787778],[108.034443,26.794722],[108.036112,26.800833],[108.036945,26.807778],[108.039167,26.813056],[108.037222,26.818055],[108.032223,26.82],[108.027778,26.816111],[108.025,26.812222],[108.023334,26.805556],[108.023334,26.799167],[108.024166,26.793611],[108.025278,26.788611],[108.0275,26.782777],[108.02861,26.777222],[108.028611,26.770833],[108.028611,26.764722],[108.028612,26.758333],[108.026942,26.752223],[108.024722,26.746945],[108.021945,26.742224],[108.019167,26.738333],[108.014722,26.734722],[108.011111,26.730833],[108.007499,26.726944],[108.003334,26.723889],[108.000001,26.720301],[108,26.720299],[107.999722,26.72],[107.998888,26.713055],[107.99889,26.710168],[107.998889,26.706111],[107.998056,26.699166],[107.995834,26.694722],[107.992777,26.689444],[107.99,26.684722],[107.986944,26.680278],[107.984166,26.675554],[107.981945,26.670278],[107.979721,26.665],[107.976944,26.660277],[107.974723,26.655],[107.9725,26.650277],[107.970277,26.644167],[107.968888,26.638611],[107.966667,26.634168],[107.964445,26.629444],[107.962221,26.622777],[107.960557,26.615833],[107.959813,26.609643],[107.959721,26.608889],[107.958889,26.602777],[107.956667,26.596667],[107.956666,26.582778],[107.944166,26.581944],[107.938569,26.583471],[107.931944,26.585278],[107.919722,26.587778],[107.905833,26.588334],[107.893889,26.585555],[107.883333,26.581666],[107.873333,26.576944],[107.863333,26.571667],[107.853611,26.566944],[107.841388,26.563889],[107.828055,26.563056],[107.817777,26.567778],[107.806666,26.571388],[107.791945,26.572222],[107.778611,26.571944],[107.769993,26.570445],[107.765833,26.569722],[107.753334,26.5675],[107.7425,26.563056],[107.730557,26.56],[107.719999,26.556111],[107.707778,26.553056],[107.701069,26.550517],[107.697501,26.549167],[107.685278,26.546111],[107.674167,26.543056],[107.661389,26.54],[107.648611,26.537778],[107.635278,26.536944],[107.620555,26.537498],[107.60861,26.541389],[107.6,26.547221],[107.594723,26.556666],[107.592222,26.568056],[107.592956,26.580278],[107.593057,26.581944],[107.594445,26.594167],[107.598057,26.605833],[107.601111,26.617222],[107.600286,26.625694],[107.6,26.628611],[107.592222,26.635556],[107.581945,26.640834],[107.568889,26.642499],[107.554444,26.643889],[107.539444,26.643334],[107.525556,26.642501],[107.512222,26.641667],[107.501094,26.640596],[107.5,26.640491],[107.499999,26.640491],[107.497778,26.640278],[107.485,26.637778],[107.473889,26.634722],[107.461943,26.631666],[107.451944,26.626944],[107.440555,26.6225],[107.430834,26.617778],[107.42,26.613334],[107.410277,26.608611],[107.401111,26.603889],[107.390555,26.599167],[107.379721,26.594722],[107.367777,26.591666],[107.355834,26.589167],[107.341667,26.588334],[107.326945,26.588888],[107.313332,26.59111],[107.300277,26.594167],[107.285833,26.595556],[107.271111,26.596944],[107.256389,26.596111],[107.243609,26.594444],[107.230834,26.591389],[107.218054,26.589166],[107.201389,26.59]]}},{"type":"Feature","properties":{},"geometry":{"type":"LineString","coordinates":[[112.609604,26.890581],[112.605,26.889445],[112.6,26.886944],[112.595279,26.884443],[112.590382,26.883806],[112.58889,26.883611],[112.582499,26.8825],[112.576389,26.881667],[112.569167,26.881389],[112.563055,26.880556],[112.556666,26.879443],[112.550278,26.878611],[112.543889,26.877777],[112.537777,26.876667],[112.531388,26.875834],[112.530715,26.875631],[112.525836,26.874167],[112.520277,26.8725],[112.515277,26.87],[112.509722,26.868333],[112.504166,26.866667],[112.5,26.865277],[112.498334,26.864723],[112.492776,26.863056],[112.485833,26.863056],[112.478056,26.863611],[112.470277,26.864167],[112.463333,26.863889],[112.456388,26.863611],[112.45,26.862778],[112.444444,26.861111],[112.438056,26.860001],[112.431668,26.859167],[112.425556,26.858056],[112.419167,26.857222],[112.412778,26.85639],[112.406389,26.855278],[112.400278,26.854444],[112.394444,26.852778],[112.388332,26.851667],[112.382778,26.85],[112.377222,26.848333],[112.372222,26.845834],[112.367222,26.843334],[112.361666,26.841666],[112.355277,26.840833],[112.348334,26.840556],[112.341389,26.840278],[112.333611,26.840834],[112.328334,26.843334],[112.323054,26.845833],[112.317223,26.847499],[112.311111,26.849445],[112.304722,26.848334],[112.298334,26.8475],[112.291945,26.846389],[112.285833,26.845557],[112.278889,26.846667],[112.272778,26.848611],[112.265833,26.849722],[112.258057,26.850278],[112.251944,26.849166],[112.246944,26.846944],[112.241389,26.845],[112.237222,26.841944],[112.233056,26.838611],[112.230278,26.834167],[112.228889,26.827778],[112.226944,26.8225],[112.225556,26.816389],[112.223056,26.811667],[112.22028,26.806944],[112.2175,26.802222],[112.214167,26.798333],[112.209999,26.795],[112.206389,26.791111],[112.202222,26.788055],[112.198056,26.784721],[112.193889,26.781667],[112.189167,26.779166],[112.184168,26.776667],[112.179444,26.774166],[112.173611,26.7725],[112.167501,26.770833],[112.161111,26.769999],[112.155556,26.768334],[112.15,26.766389],[112.142777,26.766389],[112.135834,26.766112],[112.128889,26.767223],[112.126422,26.768919],[112.12506,26.769856],[112.124445,26.770278],[112.120277,26.773333],[112.115834,26.776389],[112.111388,26.779445],[112.105278,26.781389],[112.1,26.783889],[112.093889,26.785556],[112.092794,26.785731],[112.086946,26.786667],[112.081112,26.788611],[112.075,26.790278],[112.068887,26.791944],[112.062778,26.793889],[112.056667,26.795556],[112.050556,26.797499],[112.042778,26.798056],[112.035833,26.799167],[112.028332,26.799722],[112.021944,26.798611],[112.015555,26.797778],[112.01,26.796111],[112.005278,26.793611],[112.000278,26.791111],[112.000001,26.791028],[112,26.791028],[111.994722,26.789444],[111.989723,26.786943],[111.985555,26.783611],[111.980833,26.781389],[111.976667,26.778055],[111.971945,26.775556],[111.966945,26.773055],[111.961389,26.771389],[111.955836,26.769722],[111.949444,26.768611],[111.943055,26.767778],[111.936945,26.766667],[111.931886,26.766472],[111.929721,26.766389],[111.923611,26.765556],[111.917222,26.764444],[111.910832,26.763612],[111.904722,26.762502],[111.898333,26.761666],[111.892777,26.76],[111.886389,26.75889],[111.880833,26.757221],[111.875279,26.755555],[111.872254,26.754042],[111.870279,26.753054],[111.865555,26.750556],[111.864879,26.750218],[111.864877,26.750217],[111.864687,26.75012],[111.864446,26.75],[111.864444,26.749999],[111.860557,26.748056],[111.855833,26.745556],[111.850833,26.743056],[111.846111,26.740834],[111.841944,26.7375],[111.837222,26.735],[111.83361,26.731111],[111.830278,26.727222],[111.8275,26.722501],[111.825556,26.716945],[111.82361,26.711667],[111.821667,26.706111],[111.819445,26.700834],[111.816945,26.696112],[111.815001,26.690555],[111.81139,26.686667],[111.808056,26.682778],[111.804723,26.678888],[111.800556,26.675555],[111.795555,26.673054],[111.795524,26.673039],[111.790833,26.670557],[111.785833,26.668333],[111.781111,26.665834],[111.775555,26.663889],[111.769722,26.662222],[111.764166,26.660556],[111.758054,26.659444],[111.752499,26.657778],[111.746112,26.656945],[111.740555,26.655],[111.735834,26.6525],[111.732222,26.648612],[111.728889,26.644722],[111.723333,26.643055],[111.716945,26.641944],[111.709168,26.6425],[111.706719,26.642682],[111.701667,26.643055],[111.695277,26.643334],[111.689167,26.6425],[111.686389,26.637778],[111.686667,26.631389],[111.688611,26.626389],[111.687222,26.620278],[111.686667,26.613334],[111.685556,26.607222],[111.683611,26.601945],[111.683889,26.595555],[111.685832,26.590555],[111.688611,26.586111],[111.692223,26.582499],[111.690833,26.577778],[111.686667,26.574444],[111.682779,26.571389],[111.679167,26.567222],[111.676666,26.5625],[111.674722,26.557222],[111.672778,26.551944],[111.671388,26.545556],[111.666667,26.543054],[111.6625,26.539999],[111.656667,26.538333],[111.652778,26.535],[111.647778,26.532501],[111.643056,26.53],[111.638055,26.5275],[111.634722,26.523611],[111.630556,26.520556],[111.627222,26.516389],[111.624444,26.511945],[111.621112,26.507778],[111.618333,26.503055],[111.616726,26.500197],[111.616677,26.50011],[111.616616,26.5],[111.615833,26.498611],[111.613889,26.493056],[111.6125,26.486944],[111.610556,26.481388],[111.607223,26.4775],[111.603056,26.474167],[111.601111,26.46889],[111.598333,26.464166],[111.594167,26.460834],[111.589999,26.457778],[111.585833,26.454445],[111.582778,26.452501],[111.577779,26.450277],[111.574444,26.447777]]}},{"type":"Feature","properties":{},"geometry":{"type":"LineString","coordinates":[[112.759166,26.580556],[112.760556,26.579166],[112.762499,26.574445],[112.763611,26.56861],[112.764444,26.563056],[112.764722,26.556666],[112.766667,26.551666],[112.767778,26.546111],[112.768611,26.540555],[112.769722,26.535],[112.77,26.528611],[112.769166,26.521666],[112.768611,26.514722],[112.768054,26.507778],[112.768333,26.501666],[112.768542,26.500275],[112.768542,26.500274],[112.76856,26.500152],[112.768583,26.5],[112.769167,26.496112],[112.771111,26.491111],[112.772223,26.485277],[112.774167,26.480277],[112.775834,26.475277],[112.776944,26.469722],[112.778888,26.464722],[112.780833,26.459722],[112.7825,26.454722],[112.784443,26.449721],[112.787222,26.445277],[112.790833,26.441667],[112.794167,26.438054],[112.796945,26.434167],[112.796944,26.435],[112.800555,26.431111],[112.804167,26.427499],[112.807778,26.423611],[112.810278,26.419445],[112.81,26.413889],[112.806388,26.41],[112.805463,26.405925],[112.804999,26.403889],[112.803611,26.3975],[112.804722,26.391944],[112.806667,26.386944],[112.809443,26.382778],[112.815277,26.380833],[112.821389,26.378889],[112.825277,26.376111]]}},{"type":"Feature","properties":{},"geometry":{"type":"LineString","coordinates":[[109.22389,25.078611],[109.227224,25.082778],[109.231111,25.086111],[109.235,25.089166],[109.239167,25.0925],[109.243611,25.095278],[109.247778,25.098333],[109.252501,25.101111],[109.256944,25.103611],[109.261667,25.106112],[109.267223,25.108056],[109.273333,25.109167],[109.278611,25.111111],[109.285001,25.113055],[109.291112,25.114166],[109.298056,25.114444],[109.304721,25.115],[109.3125,25.114722],[109.319167,25.115],[109.325556,25.116111],[109.330833,25.118056],[109.336945,25.119166],[109.343055,25.120278],[109.349445,25.121389],[109.354722,25.124166],[109.360277,25.125833],[109.364279,25.127309],[109.365556,25.127778],[109.370278,25.129723],[109.377223,25.128611],[109.381111,25.129166],[109.385,25.1325],[109.388334,25.136666],[109.390834,25.141389],[109.3925,25.146666],[109.394166,25.152221],[109.395277,25.158334],[109.39639,25.164444],[109.396666,25.171389],[109.396111,25.177777],[109.396666,25.184444],[109.396944,25.191389],[109.396389,25.198333],[109.3975,25.204444],[109.397777,25.211389],[109.398889,25.2175],[109.4,25.223889],[109.400279,25.230556],[109.401389,25.236944],[109.403889,25.241666],[109.40639,25.246387],[109.409723,25.251111],[109.41139,25.256389],[109.4125,25.262779],[109.412777,25.268889],[109.412222,25.275001],[109.412779,25.281943],[109.413055,25.288889],[109.4125,25.295],[109.413611,25.301111],[109.413888,25.308055],[109.415834,25.313611],[109.416666,25.319723],[109.417778,25.325832],[109.419722,25.331389],[109.420555,25.336944],[109.4225,25.342222],[109.425555,25.346389],[109.427244,25.34836],[109.427245,25.348361],[109.428889,25.350277],[109.432222,25.354445],[109.435555,25.358333],[109.438611,25.3625],[109.44139,25.367778],[109.443888,25.372501],[109.444722,25.378889],[109.444444,25.385],[109.443888,25.391111],[109.443333,25.3975],[109.442222,25.4025],[109.441111,25.409444],[109.440555,25.415557],[109.44,25.421111],[109.439445,25.427222],[109.439167,25.433611],[109.437777,25.439167],[109.438054,25.446111],[109.438586,25.449031],[109.439167,25.452222],[109.440279,25.458333],[109.441389,25.464444],[109.443056,25.47],[109.444167,25.476112],[109.446667,25.480278],[109.450001,25.484167],[109.4525,25.489722],[109.455,25.493611],[109.457501,25.499167],[109.457792,25.5],[109.457809,25.500046],[109.457823,25.500086],[109.459444,25.504722],[109.461944,25.509444],[109.464444,25.514167],[109.467778,25.518056],[109.470279,25.522779],[109.472778,25.5275],[109.47611,25.531667],[109.479167,25.535556],[109.482501,25.539722],[109.484999,25.544444],[109.486944,25.549722],[109.489445,25.554444],[109.491111,25.56],[109.493056,25.565556],[109.494167,25.571666],[109.495832,25.577222],[109.496944,25.583333],[109.496389,25.589445],[109.496667,25.596389],[109.495557,25.601944],[109.494167,25.6075],[109.49139,25.6125],[109.488611,25.616666],[109.485833,25.621111],[109.482778,25.625277],[109.480001,25.629444],[109.477222,25.634444],[109.475,25.639445],[109.472222,25.643611],[109.489722,25.671389],[109.497501,25.691111],[109.49861,25.711111],[109.499999,25.714072],[109.5,25.714076],[109.502778,25.72],[109.508333,25.723056],[109.526945,25.725833],[109.53861,25.731668],[109.554445,25.757222],[109.563311,25.779516],[109.564167,25.781666],[109.56611,25.806666],[109.5775,25.817777],[109.583056,25.819722],[109.586944,25.822222],[109.591666,25.824722],[109.595834,25.828056],[109.597499,25.833611],[109.596389,25.839166],[109.5925,25.842778],[109.588889,25.846389],[109.584445,25.849444],[109.580834,25.853056],[109.577222,25.856666],[109.573612,25.860278],[109.569166,25.863056],[109.56611,25.867499],[109.563333,25.871666],[109.561111,25.876667],[109.56,25.882222],[109.561111,25.888334],[109.561388,25.894722],[109.563334,25.9],[109.565834,25.904722],[109.5675,25.910277],[109.57,25.915001],[109.572778,25.919722],[109.575834,25.923612],[109.579166,25.927777],[109.580277,25.933889],[109.58139,25.94],[109.5825,25.946388],[109.583611,25.9525],[109.584445,25.958611],[109.585001,25.964722],[109.58611,25.971112],[109.586946,25.977222],[109.588056,25.983334],[109.59,25.988889],[109.591111,25.995],[109.591981,26],[109.591997,26.000093],[109.592009,26.000167],[109.592222,26.001389],[109.593889,26.006666],[109.595833,26.012221],[109.5975,26.017778],[109.599632,26.021776],[109.6,26.022222],[109.6025,26.023611],[109.605833,26.0275],[109.609166,26.031666],[109.612223,26.035],[109.615554,26.03889],[109.618631,26.042734],[109.618888,26.043055],[109.621389,26.047777],[109.624724,26.051667],[109.626389,26.057222],[109.626914,26.058724],[109.628333,26.062779],[109.629443,26.068888],[109.630555,26.075834],[109.630835,26.082778],[109.630278,26.088334],[109.629824,26.090602],[109.629167,26.093889],[109.627778,26.099446],[109.625,26.104445],[109.623054,26.109444],[109.620833,26.114167],[109.618888,26.119167],[109.617511,26.122266],[109.616666,26.124168],[109.614722,26.12889],[109.613611,26.134722],[109.612223,26.140279],[109.611666,26.14639],[109.612223,26.153333],[109.613334,26.159443],[109.613611,26.166389],[109.613055,26.173333],[109.613611,26.180277],[109.613888,26.187222],[109.614166,26.194167],[109.614444,26.201112],[109.614166,26.207222],[109.613611,26.213334],[109.613055,26.219722],[109.612779,26.226111],[109.61139,26.231667],[109.610278,26.237222],[109.608055,26.242778],[109.606111,26.247777],[109.604723,26.253334],[109.603611,26.258889],[109.603889,26.265833],[109.604166,26.272778],[109.606112,26.278056],[109.607222,26.284445],[109.608888,26.289721],[109.611388,26.294444],[109.613334,26.3],[109.616666,26.304166],[109.619167,26.308888],[109.620833,26.313611],[109.621824,26.315292],[109.623611,26.318333],[109.626111,26.323056],[109.629444,26.326944],[109.632778,26.331111],[109.636111,26.335834],[109.639167,26.339167],[109.641943,26.344445],[109.645,26.347779],[109.648334,26.351944],[109.650278,26.358055],[109.651389,26.364167],[109.653333,26.369722],[109.654166,26.375834],[109.656112,26.381389],[109.656389,26.3875],[109.658333,26.393055],[109.659444,26.399166],[109.660279,26.405556],[109.662222,26.410834],[109.664168,26.416389],[109.665277,26.422501],[109.666944,26.428056],[109.668056,26.434166],[109.669167,26.440278],[109.669444,26.447222],[109.669999,26.454167],[109.669444,26.461111],[109.670555,26.467222],[109.671667,26.473611],[109.672778,26.479722],[109.674444,26.485277],[109.675556,26.491388],[109.676668,26.497501],[109.677541,26.5],[109.67759,26.50014],[109.677631,26.500252],[109.678611,26.503056],[109.679721,26.509167],[109.680833,26.515554],[109.681111,26.522223],[109.681389,26.528611],[109.681667,26.535555],[109.682222,26.542222],[109.6823,26.544172],[109.682499,26.549167],[109.682778,26.556111],[109.682499,26.562501],[109.682778,26.569444],[109.68306,26.575831],[109.68306,26.575838],[109.683056,26.576389],[109.68361,26.583056],[109.683056,26.589444],[109.681667,26.595834],[109.682221,26.6025],[109.680833,26.608333],[109.68111,26.615277],[109.680833,26.621389],[109.681112,26.628333],[109.682222,26.634445],[109.683333,26.640834],[109.685832,26.645555],[109.687777,26.650832],[109.690278,26.655556],[109.692222,26.66111],[109.693333,26.666666],[109.695001,26.672223],[109.696112,26.678333],[109.696388,26.685279],[109.696111,26.691389],[109.693889,26.69639],[109.692779,26.701944],[109.689722,26.70639],[109.689264,26.707503],[109.687777,26.71111],[109.685556,26.71611],[109.683612,26.721111],[109.680833,26.725278],[109.678612,26.730277],[109.676667,26.735832],[109.675278,26.741667],[109.675001,26.747777],[109.675278,26.754722],[109.676389,26.760833],[109.677501,26.767222],[109.679167,26.7725],[109.681944,26.777222],[109.682567,26.778396],[109.684445,26.781945],[109.686944,26.786667],[109.689444,26.791667],[109.692778,26.795556],[109.695556,26.800277],[109.697221,26.805],[109.700555,26.809166],[109.703056,26.813889],[109.706388,26.817778],[109.709167,26.8225],[109.711667,26.8275],[109.713333,26.832777],[109.714444,26.838888],[109.715,26.845834],[109.715278,26.852778],[109.715557,26.859723],[109.716111,26.866667],[109.715556,26.87361],[109.716667,26.879723],[109.717185,26.882704],[109.717778,26.886112],[109.718889,26.892222],[109.719883,26.897695],[109.720001,26.898333],[109.721667,26.903889],[109.723612,26.909446],[109.72611,26.914166],[109.728055,26.919444],[109.729998,26.925],[109.7325,26.929722],[109.735,26.934445],[109.736314,26.936926],[109.7375,26.939167],[109.739445,26.944167],[109.741945,26.94889],[109.745278,26.952777],[109.74861,26.957499],[109.748618,26.957512],[109.751391,26.962222],[109.753055,26.967778],[109.755832,26.9725],[109.756666,26.978055],[109.757222,26.985557],[109.757302,26.987576],[109.7575,26.9925],[109.757778,26.999443],[109.75788,27],[109.757907,27.000152],[109.757929,27.000275],[109.75889,27.005556],[109.759445,27.0125],[109.759721,27.018889],[109.76,27.025834],[109.760555,27.032777],[109.76,27.038889],[109.759445,27.045278],[109.759165,27.051388],[109.759204,27.052304],[109.759445,27.058333],[109.759721,27.065278],[109.760278,27.072222],[109.760557,27.079167],[109.760278,27.086111],[109.760556,27.093055],[109.761666,27.099166],[109.765,27.105278],[109.7675,27.11],[109.770834,27.114168],[109.774166,27.118056],[109.778333,27.121388],[109.781666,27.125278],[109.785,27.129445],[109.7875,27.134166],[109.790835,27.138056],[109.794166,27.142222],[109.796943,27.146943],[109.800278,27.150834],[109.802778,27.154999],[109.806944,27.158334],[109.809445,27.163056],[109.811945,27.167778],[109.815278,27.171945],[109.818611,27.175834],[109.821111,27.180555],[109.821404,27.180922],[109.824445,27.184722],[109.827779,27.188611],[109.831111,27.192778],[109.833889,27.197501],[109.836388,27.202222],[109.838332,27.2075],[109.840832,27.213055],[109.842778,27.218611],[109.844722,27.223334],[109.848889,27.226666],[109.851667,27.231389],[109.854167,27.236111],[109.856667,27.240833],[109.86,27.245],[109.863333,27.248889],[109.866112,27.253611],[109.869444,27.257778],[109.872778,27.261666],[109.875278,27.266389],[109.878611,27.270555],[109.881944,27.274445],[109.884444,27.279167],[109.887779,27.283333],[109.891112,27.287221],[109.895279,27.290556],[109.897777,27.294722],[109.901945,27.297778],[109.906112,27.30111],[109.909446,27.305278],[109.913333,27.308611],[109.916667,27.3125],[109.920833,27.315834],[109.925,27.319166],[109.928333,27.323055],[109.9325,27.327222],[109.935833,27.331111],[109.939168,27.335277],[109.942501,27.339167],[109.945834,27.343333],[109.948334,27.348056],[109.951111,27.352778],[109.952778,27.357501],[109.953334,27.364444],[109.953613,27.371389],[109.9525,27.376946],[109.951132,27.382419],[109.951111,27.3825],[109.950556,27.38889],[109.951111,27.395833],[109.952222,27.401945],[109.953334,27.408055],[109.954445,27.414444],[109.954721,27.42139],[109.954444,27.428334],[109.955555,27.434445],[109.955834,27.441389],[109.956389,27.448333],[109.956666,27.455277],[109.956945,27.462222],[109.956666,27.468333],[109.956112,27.474721],[109.955769,27.47643],[109.955,27.480278],[109.954445,27.486389],[109.953056,27.492221],[109.952777,27.498333],[109.952487,27.5],[109.952477,27.500052],[109.95247,27.500094],[109.951666,27.504722],[109.951111,27.511111],[109.951389,27.517778],[109.951945,27.524722],[109.952222,27.531667],[109.953334,27.538056],[109.953611,27.545],[109.954167,27.551666],[109.954165,27.553611]]}}]}